course_id,course_name,category,skills,level,duration_hours,rating,instructor,description,enrolled_students,price,language,tags,prerequisites
1,"D3.js - Advanced Dashboards (Live Cohort, DataCamp)",Data Visualization,d3.js advanced dashboards data visualization,Advanced,20,4.5,Prof. J. Mehta,"Learn D3.js through a advanced dashboards focused course, covering key concepts in Data Visualization.",18191,0,Hindi,"trending, project-based",[1503]
2,"PHP - Data Structures (Crash Course, LinkedIn Learning)",Programming,php data structures programming,Beginner,8,4.8,Prof. J. Mehta,"Learn PHP through a data structures focused course, covering key concepts in Programming.",23921,1999,English + Hindi Subtitles,"beginner-friendly, project-based, job-ready, quiz-included",[]
3,"Pandas - Practical Applications (Project-Based, Pluralsight)",Data Science,pandas practical applications data science,Intermediate,10,3.7,Ms. K. Verma,"Learn Pandas through a practical applications focused course, covering key concepts in Data Science.",9752,1999,Spanish,"industry-recognized, hands-on, in-demand",[1697]
4,"Ruby - Advanced Concepts (Crash Course, Pluralsight)",Programming,ruby advanced concepts programming,Advanced,10,3.7,Dr. A. Sharma,"Learn Ruby through a advanced concepts focused course, covering key concepts in Programming.",17151,2499,French,"trending, mentor-support, job-ready, project-based",[568]
5,"Statistical Analysis - Best Practices (Live Cohort, edX)",Data Science,statistical analysis best practices data science,Beginner,12,4.5,Prof. J. Mehta,"Learn Statistical Analysis through a best practices focused course, covering key concepts in Data Science.",32989,2499,French,"mentor-support, job-ready, beginner-friendly",[]
6,"Java - Basics (Self-Paced, Coursera)",Programming,java basics programming,Beginner,25,4.2,Mr. T. Singh,"Learn Java through a basics focused course, covering key concepts in Programming.",25045,0,English,"industry-recognized, project-based, in-demand",[]
7,"Resume Building - Practical Guide (Crash Course, edX)",Career Skills,resume building practical guide career skills,Beginner,6,3.9,Prof. R. Iyer,"Learn Resume Building through a practical guide focused course, covering key concepts in Career Skills.",42748,1499,English + Hindi Subtitles,"job-ready, hands-on, industry-recognized",[]
8,"Feature Engineering - Optimization Strategies (Self-Paced, LinkedIn Learning)",Machine Learning,feature engineering optimization strategies machine learning,Advanced,8,4.0,Dr. A. Sharma,"Learn Feature Engineering through a optimization strategies focused course, covering key concepts in Machine Learning.",26265,499,English + Hindi Subtitles,"certificate, project-based, in-demand, mentor-support",[1602]
9,"Matplotlib - Real World Projects (Project-Based, edX)",Data Visualization,matplotlib real world projects data visualization,Beginner,20,4.4,Mr. S. Gupta,"Learn Matplotlib through a real world projects focused course, covering key concepts in Data Visualization.",16186,1999,Hindi,"industry-recognized, in-demand, job-ready, certificate",[]
10,"SQL - Real World Projects (Self-Paced, edX)",Databases,sql real world projects databases,Beginner,30,3.9,Dr. N. Rao,"Learn SQL through a real world projects focused course, covering key concepts in Databases.",6137,1499,English,"trending, project-based",[]
11,"Seaborn - Basics (Live Cohort, LinkedIn Learning)",Data Visualization,seaborn basics data visualization,Beginner,2,3.8,Mr. S. Gupta,"Learn Seaborn through a basics focused course, covering key concepts in Data Visualization.",38532,3999,Spanish,"trending, hands-on",[]
12,"Java - Object Oriented Programming (Project-Based, Pluralsight)",Programming,java object oriented programming programming,Intermediate,4,3.8,Prof. R. Iyer,"Learn Java through a object oriented programming focused course, covering key concepts in Programming.",29110,499,Spanish,"certificate, trending","[422, 892]"
13,"Docker - Production Deployment (Self-Paced, Pluralsight)",Cloud & DevOps,docker production deployment cloud & devops,Advanced,8,4.4,Dr. N. Rao,"Learn Docker through a production deployment focused course, covering key concepts in Cloud & DevOps.",37461,0,French,"certificate, job-ready, industry-recognized","[985, 1227]"
14,"Power BI - Best Practices (Project-Based, Pluralsight)",Data Visualization,power bi best practices data visualization,Advanced,30,4.6,Dr. A. Sharma,"Learn Power BI through a best practices focused course, covering key concepts in Data Visualization.",16648,2999,French,"job-ready, beginner-friendly, quiz-included","[9, 974]"
15,"Clustering - Real World Case Studies (Live Cohort, DataCamp)",Machine Learning,clustering real world case studies machine learning,Advanced,20,4.3,Dr. N. Rao,"Learn Clustering through a real world case studies focused course, covering key concepts in Machine Learning.",17464,4999,Hindi,"project-based, trending, in-demand",[1517]
16,"Matplotlib - Basics (Project-Based, LinkedIn Learning)",Data Visualization,matplotlib basics data visualization,Beginner,20,3.7,Ms. K. Verma,"Learn Matplotlib through a basics focused course, covering key concepts in Data Visualization.",32104,0,English + Hindi Subtitles,"job-ready, in-demand, beginner-friendly, certificate",[]
17,"Rust - Testing and Debugging (Project-Based, DataCamp)",Programming,rust testing and debugging programming,Beginner,15,4.5,Prof. R. Iyer,"Learn Rust through a testing and debugging focused course, covering key concepts in Programming.",29195,2499,French,"industry-recognized, certificate",[]
18,"CI CD - Introduction (Project-Based, LinkedIn Learning)",Cloud & DevOps,ci cd introduction cloud & devops,Beginner,8,3.8,Dr. L. Fernandes,"Learn CI CD through a introduction focused course, covering key concepts in Cloud & DevOps.",20163,2499,French,"certificate, project-based, industry-recognized",[]
19,"Graph Databases - Basics (Project-Based, Udemy)",Databases,graph databases basics databases,Beginner,30,4.5,Prof. M. Khan,"Learn Graph Databases through a basics focused course, covering key concepts in Databases.",10399,1499,Spanish,"beginner-friendly, in-demand",[]
20,"Natural Language Processing - Introduction (Self-Paced, edX)",AI Specialized,natural language processing introduction ai specialized,Beginner,12,4.9,Mr. T. Singh,"Learn Natural Language Processing through a introduction focused course, covering key concepts in AI Specialized.",42977,2999,English + Hindi Subtitles,"project-based, job-ready",[]
21,"Data Wrangling - Best Practices (Crash Course, Udemy)",Data Science,data wrangling best practices data science,Intermediate,12,3.7,Prof. M. Khan,"Learn Data Wrangling through a best practices focused course, covering key concepts in Data Science.",47775,2499,English + Hindi Subtitles,"project-based, mentor-support, trending","[797, 812]"
22,"Attention Mechanisms - Foundations (Live Cohort, Pluralsight)",Deep Learning,attention mechanisms foundations deep learning,Intermediate,2,4.6,Ms. P. Nair,"Learn Attention Mechanisms through a foundations focused course, covering key concepts in Deep Learning.",3774,2999,English + Hindi Subtitles,"beginner-friendly, job-ready, project-based, hands-on","[1315, 1803]"
23,"RNN - Case Studies (Self-Paced, LinkedIn Learning)",Deep Learning,rnn case studies deep learning,Advanced,8,3.8,Dr. N. Rao,"Learn RNN through a case studies focused course, covering key concepts in Deep Learning.",19469,2499,English,"mentor-support, in-demand, quiz-included",[1913]
24,"CNN - Foundations (Project-Based, edX)",Deep Learning,cnn foundations deep learning,Advanced,25,4.6,Mr. S. Gupta,"Learn CNN through a foundations focused course, covering key concepts in Deep Learning.",40622,4999,Spanish,"certificate, in-demand, industry-recognized","[939, 1667]"
25,"Data Storytelling - Advanced Dashboards (Live Cohort, DataCamp)",Data Visualization,data storytelling advanced dashboards data visualization,Advanced,12,4.6,Prof. J. Mehta,"Learn Data Storytelling through a advanced dashboards focused course, covering key concepts in Data Visualization.",30943,0,Spanish,"job-ready, industry-recognized, project-based, in-demand",[1764]
26,"Graph Databases - Basics (Self-Paced, Udemy)",Databases,graph databases basics databases,Beginner,30,4.1,Prof. R. Iyer,"Learn Graph Databases through a basics focused course, covering key concepts in Databases.",3827,2499,English + Hindi Subtitles,"quiz-included, job-ready, project-based, hands-on",[]
27,"Ensemble Methods - Fundamentals (Crash Course, edX)",Machine Learning,ensemble methods fundamentals machine learning,Beginner,20,3.7,Prof. R. Iyer,"Learn Ensemble Methods through a fundamentals focused course, covering key concepts in Machine Learning.",21419,2999,Hindi,"in-demand, project-based",[]
28,"Exploratory Data Analysis - Fundamentals (Self-Paced, DataCamp)",Data Science,exploratory data analysis fundamentals data science,Beginner,30,3.8,Prof. R. Iyer,"Learn Exploratory Data Analysis through a fundamentals focused course, covering key concepts in Data Science.",28871,1499,English + Hindi Subtitles,"trending, project-based, in-demand, quiz-included",[]
29,"Docker - Advanced Configuration (Self-Paced, edX)",Cloud & DevOps,docker advanced configuration cloud & devops,Advanced,6,4.7,Prof. R. Iyer,"Learn Docker through a advanced configuration focused course, covering key concepts in Cloud & DevOps.",45976,2499,English + Hindi Subtitles,"industry-recognized, beginner-friendly, quiz-included",[1808]
30,"Freelancing - Fundamentals (Self-Paced, Udemy)",Career Skills,freelancing fundamentals career skills,Beginner,20,3.8,Prof. M. Khan,"Learn Freelancing through a fundamentals focused course, covering key concepts in Career Skills.",21974,1499,English + Hindi Subtitles,"in-demand, hands-on, beginner-friendly",[]
31,"Hypothesis Testing - Fundamentals (Live Cohort, edX)",Statistics & Math,hypothesis testing fundamentals statistics & math,Beginner,4,4.5,Ms. P. Nair,"Learn Hypothesis Testing through a fundamentals focused course, covering key concepts in Statistics & Math.",26122,3999,English,"hands-on, trending, quiz-included, in-demand",[]
32,"Exploratory Data Analysis - Hands-on Project (Self-Paced, Pluralsight)",Data Science,exploratory data analysis hands on project data science,Advanced,15,5.0,Dr. L. Fernandes,"Learn Exploratory Data Analysis through a hands-on project focused course, covering key concepts in Data Science.",21584,4999,Spanish,"in-demand, quiz-included, certificate",[577]
33,"Rust - Design Patterns (Project-Based, Coursera)",Programming,rust design patterns programming,Advanced,4,4.3,Dr. L. Fernandes,"Learn Rust through a design patterns focused course, covering key concepts in Programming.",7511,4999,Hindi,"certificate, job-ready, industry-recognized, mentor-support",[79]
34,"Database Optimization - Intermediate Queries (Crash Course, LinkedIn Learning)",Databases,database optimization intermediate queries databases,Beginner,15,4.7,Mr. T. Singh,"Learn Database Optimization through a intermediate queries focused course, covering key concepts in Databases.",29725,999,English + Hindi Subtitles,"beginner-friendly, quiz-included",[]
35,"JavaScript - Data Structures (Project-Based, DataCamp)",Programming,javascript data structures programming,Intermediate,25,4.7,Ms. P. Nair,"Learn JavaScript through a data structures focused course, covering key concepts in Programming.",1557,2999,French,"hands-on, mentor-support, in-demand",[1730]
36,"D3.js - Advanced Dashboards (Live Cohort, Coursera)",Data Visualization,d3.js advanced dashboards data visualization,Advanced,8,4.0,Ms. K. Verma,"Learn D3.js through a advanced dashboards focused course, covering key concepts in Data Visualization.",17114,1499,French,"quiz-included, trending, job-ready, in-demand",[16]
37,"Data Storytelling - Advanced Dashboards (Project-Based, Coursera)",Data Visualization,data storytelling advanced dashboards data visualization,Advanced,8,4.7,Prof. J. Mehta,"Learn Data Storytelling through a advanced dashboards focused course, covering key concepts in Data Visualization.",23392,999,Hindi,"industry-recognized, project-based","[537, 1744]"
38,"Feature Engineering - Advanced Techniques (Self-Paced, Udemy)",Machine Learning,feature engineering advanced techniques machine learning,Advanced,4,3.5,Prof. J. Mehta,"Learn Feature Engineering through a advanced techniques focused course, covering key concepts in Machine Learning.",2735,999,French,"certificate, quiz-included, trending",[1042]
39,"Go - Algorithms (Project-Based, Coursera)",Programming,go algorithms programming,Beginner,8,3.8,Ms. K. Verma,"Learn Go through a algorithms focused course, covering key concepts in Programming.",27955,1999,Hindi,"quiz-included, hands-on",[]
40,"Clustering - Introduction (Crash Course, Pluralsight)",Machine Learning,clustering introduction machine learning,Beginner,6,4.8,Mr. T. Singh,"Learn Clustering through a introduction focused course, covering key concepts in Machine Learning.",8218,2999,English,"industry-recognized, mentor-support, hands-on",[]
41,"Java - Data Structures (Project-Based, LinkedIn Learning)",Programming,java data structures programming,Intermediate,20,4.1,Mr. S. Gupta,"Learn Java through a data structures focused course, covering key concepts in Programming.",25086,499,English,"trending, in-demand","[412, 758]"
42,"Azure - Fundamentals (Crash Course, DataCamp)",Cloud & DevOps,azure fundamentals cloud & devops,Beginner,4,3.7,Mr. S. Gupta,"Learn Azure through a fundamentals focused course, covering key concepts in Cloud & DevOps.",8037,3999,French,"quiz-included, mentor-support, industry-recognized",[]
43,"NumPy - Industry Applications (Self-Paced, Pluralsight)",Data Science,numpy industry applications data science,Beginner,4,4.7,Prof. M. Khan,"Learn NumPy through a industry applications focused course, covering key concepts in Data Science.",31474,1999,French,"job-ready, hands-on",[]
44,"Excel Visualization - Intermediate Techniques (Project-Based, Pluralsight)",Data Visualization,excel visualization intermediate techniques data visualization,Beginner,15,4.7,Ms. P. Nair,"Learn Excel Visualization through a intermediate techniques focused course, covering key concepts in Data Visualization.",6707,2499,English + Hindi Subtitles,"certificate, mentor-support, project-based",[]
45,"Database Design - Real World Projects (Crash Course, edX)",Databases,database design real world projects databases,Beginner,4,4.5,Ms. P. Nair,"Learn Database Design through a real world projects focused course, covering key concepts in Databases.",31041,0,English + Hindi Subtitles,"quiz-included, hands-on, beginner-friendly, mentor-support",[]
46,"CI CD - Best Practices (Project-Based, Coursera)",Cloud & DevOps,ci cd best practices cloud & devops,Beginner,6,4.3,Ms. K. Verma,"Learn CI CD through a best practices focused course, covering key concepts in Cloud & DevOps.",34138,999,Hindi,"job-ready, hands-on, trending, project-based",[]
47,"AI Ethics - Fundamentals (Live Cohort, LinkedIn Learning)",AI Specialized,ai ethics fundamentals ai specialized,Beginner,8,4.8,Dr. N. Rao,"Learn AI Ethics through a fundamentals focused course, covering key concepts in AI Specialized.",24509,2999,Hindi,"beginner-friendly, in-demand, trending",[]
48,"Speech Recognition - Fundamentals (Project-Based, edX)",AI Specialized,speech recognition fundamentals ai specialized,Beginner,6,4.0,Prof. R. Iyer,"Learn Speech Recognition through a fundamentals focused course, covering key concepts in AI Specialized.",10791,0,Spanish,"project-based, mentor-support",[]
49,"Attention Mechanisms - Practical Applications (Project-Based, LinkedIn Learning)",Deep Learning,attention mechanisms practical applications deep learning,Advanced,12,4.9,Dr. N. Rao,"Learn Attention Mechanisms through a practical applications focused course, covering key concepts in Deep Learning.",40907,2499,English,"quiz-included, hands-on","[833, 1571]"
50,"Unsupervised Learning - Fundamentals (Self-Paced, LinkedIn Learning)",Machine Learning,unsupervised learning fundamentals machine learning,Beginner,20,3.6,Ms. K. Verma,"Learn Unsupervised Learning through a fundamentals focused course, covering key concepts in Machine Learning.",26866,0,French,"in-demand, trending, beginner-friendly",[]
51,"Database Optimization - Real World Projects (Self-Paced, DataCamp)",Databases,database optimization real world projects databases,Beginner,4,3.5,Mr. S. Gupta,"Learn Database Optimization through a real world projects focused course, covering key concepts in Databases.",6187,2999,English,"job-ready, in-demand",[]
52,"Model Evaluation - Introduction (Live Cohort, edX)",Machine Learning,model evaluation introduction machine learning,Beginner,15,4.8,Dr. L. Fernandes,"Learn Model Evaluation through a introduction focused course, covering key concepts in Machine Learning.",29013,999,French,"hands-on, project-based, job-ready, industry-recognized",[]
53,"CNN - Hands-on Project (Crash Course, Pluralsight)",Deep Learning,cnn hands on project deep learning,Intermediate,6,4.0,Dr. L. Fernandes,"Learn CNN through a hands-on project focused course, covering key concepts in Deep Learning.",24108,499,Spanish,"in-demand, industry-recognized, beginner-friendly","[1690, 1991]"
54,"Kotlin - Design Patterns (Self-Paced, edX)",Programming,kotlin design patterns programming,Beginner,25,3.7,Ms. K. Verma,"Learn Kotlin through a design patterns focused course, covering key concepts in Programming.",14931,499,English,"mentor-support, project-based, certificate, job-ready",[]
55,"Go - Testing and Debugging (Live Cohort, DataCamp)",Programming,go testing and debugging programming,Beginner,10,3.8,Dr. N. Rao,"Learn Go through a testing and debugging focused course, covering key concepts in Programming.",21686,3999,French,"trending, project-based, beginner-friendly, job-ready",[]
56,"Reinforcement Learning - Case Studies (Crash Course, Coursera)",Deep Learning,reinforcement learning case studies deep learning,Intermediate,12,4.5,Prof. J. Mehta,"Learn Reinforcement Learning through a case studies focused course, covering key concepts in Deep Learning.",48411,0,Spanish,"hands-on, industry-recognized, beginner-friendly, in-demand",[890]
57,"Kubernetes - Advanced Configuration (Crash Course, Udemy)",Cloud & DevOps,kubernetes advanced configuration cloud & devops,Advanced,2,4.8,Mr. S. Gupta,"Learn Kubernetes through a advanced configuration focused course, covering key concepts in Cloud & DevOps.",10759,2999,English + Hindi Subtitles,"in-demand, job-ready",[823]
58,"GANs - Foundations (Live Cohort, DataCamp)",Deep Learning,gans foundations deep learning,Intermediate,12,3.8,Prof. J. Mehta,"Learn GANs through a foundations focused course, covering key concepts in Deep Learning.",26735,3999,Hindi,"in-demand, project-based, job-ready",[2059]
59,"Redis - Intermediate Queries (Self-Paced, edX)",Databases,redis intermediate queries databases,Beginner,10,4.5,Dr. L. Fernandes,"Learn Redis through a intermediate queries focused course, covering key concepts in Databases.",22258,2499,Hindi,"quiz-included, job-ready, trending",[]
60,"Computer Vision - Hands-on Project (Project-Based, Udemy)",AI Specialized,computer vision hands on project ai specialized,Advanced,4,4.5,Prof. M. Khan,"Learn Computer Vision through a hands-on project focused course, covering key concepts in AI Specialized.",34167,1999,English,"mentor-support, hands-on, beginner-friendly",[756]
61,"Big Data Processing - Fundamentals (Self-Paced, LinkedIn Learning)",Data Science,big data processing fundamentals data science,Beginner,4,3.8,Mr. T. Singh,"Learn Big Data Processing through a fundamentals focused course, covering key concepts in Data Science.",7433,499,French,"project-based, beginner-friendly, quiz-included, trending",[]
62,"Classification - Practical Implementation (Project-Based, Udemy)",Machine Learning,classification practical implementation machine learning,Intermediate,15,4.3,Prof. R. Iyer,"Learn Classification through a practical implementation focused course, covering key concepts in Machine Learning.",33227,999,Spanish,"industry-recognized, beginner-friendly, in-demand, mentor-support","[625, 1668]"
63,"Docker - Best Practices (Project-Based, edX)",Cloud & DevOps,docker best practices cloud & devops,Beginner,8,4.6,Prof. M. Khan,"Learn Docker through a best practices focused course, covering key concepts in Cloud & DevOps.",34594,999,French,"trending, hands-on, quiz-included, project-based",[]
64,"Big Data Processing - Practical Applications (Self-Paced, DataCamp)",Data Science,big data processing practical applications data science,Beginner,25,3.8,Ms. K. Verma,"Learn Big Data Processing through a practical applications focused course, covering key concepts in Data Science.",6712,999,French,"beginner-friendly, trending",[]
65,"A/B Testing - Best Practices (Crash Course, LinkedIn Learning)",Data Science,a/b testing best practices data science,Advanced,15,4.8,Dr. N. Rao,"Learn A/B Testing through a best practices focused course, covering key concepts in Data Science.",3355,2999,English + Hindi Subtitles,"trending, mentor-support, job-ready",[1059]
66,"Rust - Data Structures (Project-Based, DataCamp)",Programming,rust data structures programming,Intermediate,12,3.7,Dr. N. Rao,"Learn Rust through a data structures focused course, covering key concepts in Programming.",173,499,English + Hindi Subtitles,"trending, project-based, industry-recognized, quiz-included","[2, 792]"
67,"Robotics - Fundamentals (Crash Course, Pluralsight)",AI Specialized,robotics fundamentals ai specialized,Beginner,30,4.4,Prof. R. Iyer,"Learn Robotics through a fundamentals focused course, covering key concepts in AI Specialized.",4031,2999,Hindi,"job-ready, beginner-friendly",[]
68,"Data Wrangling - Fundamentals (Crash Course, edX)",Data Science,data wrangling fundamentals data science,Beginner,8,4.1,Ms. K. Verma,"Learn Data Wrangling through a fundamentals focused course, covering key concepts in Data Science.",42491,2999,Spanish,"industry-recognized, in-demand, quiz-included, hands-on",[]
69,"A/B Testing - Best Practices (Self-Paced, LinkedIn Learning)",Data Science,a/b testing best practices data science,Beginner,10,3.7,Ms. P. Nair,"Learn A/B Testing through a best practices focused course, covering key concepts in Data Science.",8241,999,Hindi,"beginner-friendly, project-based, quiz-included",[]
70,"Data Ethics and Privacy - Best Practices (Project-Based, DataCamp)",Career Skills,data ethics and privacy best practices career skills,Beginner,4,4.3,Dr. L. Fernandes,"Learn Data Ethics and Privacy through a best practices focused course, covering key concepts in Career Skills.",6874,3999,Hindi,"job-ready, project-based, certificate, trending",[]
71,"GANs - Case Studies (Live Cohort, edX)",Deep Learning,gans case studies deep learning,Advanced,30,4.2,Prof. R. Iyer,"Learn GANs through a case studies focused course, covering key concepts in Deep Learning.",49580,2499,English + Hindi Subtitles,"mentor-support, project-based",[639]
72,"Time Series Analysis - Fundamentals (Self-Paced, edX)",Statistics & Math,time series analysis fundamentals statistics & math,Beginner,4,4.4,Ms. P. Nair,"Learn Time Series Analysis through a fundamentals focused course, covering key concepts in Statistics & Math.",38487,999,Spanish,"industry-recognized, trending, certificate",[]
73,"Interactive Charts - Best Practices (Crash Course, Udemy)",Data Visualization,interactive charts best practices data visualization,Beginner,30,4.9,Prof. M. Khan,"Learn Interactive Charts through a best practices focused course, covering key concepts in Data Visualization.",15963,3999,Spanish,"hands-on, certificate, project-based",[]
74,"Python - Algorithms (Project-Based, Udemy)",Programming,python algorithms programming,Advanced,10,4.9,Dr. L. Fernandes,"Learn Python through a algorithms focused course, covering key concepts in Programming.",21700,2999,English + Hindi Subtitles,"certificate, hands-on, in-demand",[1462]
75,"Graph Databases - Performance Tuning (Live Cohort, Pluralsight)",Databases,graph databases performance tuning databases,Advanced,20,3.9,Mr. T. Singh,"Learn Graph Databases through a performance tuning focused course, covering key concepts in Databases.",14658,2999,English + Hindi Subtitles,"job-ready, trending",[984]
76,"Freelancing - Best Practices (Project-Based, edX)",Career Skills,freelancing best practices career skills,Advanced,30,4.1,Dr. L. Fernandes,"Learn Freelancing through a best practices focused course, covering key concepts in Career Skills.",43899,2999,English,"certificate, in-demand, trending, hands-on","[943, 1157]"
77,"Resume Building - Practical Guide (Crash Course, Pluralsight)",Career Skills,resume building practical guide career skills,Beginner,12,4.4,Prof. J. Mehta,"Learn Resume Building through a practical guide focused course, covering key concepts in Career Skills.",27795,2999,English,"job-ready, in-demand, hands-on",[]
78,"Infrastructure as Code - Advanced Configuration (Self-Paced, Coursera)",Cloud & DevOps,infrastructure as code advanced configuration cloud & devops,Advanced,15,4.5,Dr. A. Sharma,"Learn Infrastructure as Code through a advanced configuration focused course, covering key concepts in Cloud & DevOps.",14308,999,English,"quiz-included, certificate, project-based, industry-recognized",[46]
79,"Python - Algorithms (Project-Based, Pluralsight)",Programming,python algorithms programming,Beginner,20,4.8,Dr. N. Rao,"Learn Python through a algorithms focused course, covering key concepts in Programming.",23650,2499,English + Hindi Subtitles,"project-based, job-ready",[]
80,"Statistical Analysis - Industry Applications (Self-Paced, LinkedIn Learning)",Data Science,statistical analysis industry applications data science,Beginner,12,4.2,Dr. N. Rao,"Learn Statistical Analysis through a industry applications focused course, covering key concepts in Data Science.",10674,1499,French,"quiz-included, mentor-support, in-demand, trending",[]
81,"Discrete Mathematics - Intermediate Concepts (Crash Course, Coursera)",Statistics & Math,discrete mathematics intermediate concepts statistics & math,Beginner,20,4.8,Prof. M. Khan,"Learn Discrete Mathematics through a intermediate concepts focused course, covering key concepts in Statistics & Math.",23205,4999,Hindi,"project-based, certificate, trending",[]
82,"Data Storytelling - Real World Projects (Project-Based, Pluralsight)",Data Visualization,data storytelling real world projects data visualization,Advanced,15,4.0,Mr. T. Singh,"Learn Data Storytelling through a real world projects focused course, covering key concepts in Data Visualization.",42058,999,Spanish,"project-based, job-ready","[757, 1631]"
83,"CI CD - Hands-on Practice (Crash Course, DataCamp)",Cloud & DevOps,ci cd hands on practice cloud & devops,Intermediate,12,4.7,Prof. M. Khan,"Learn CI CD through a hands-on practice focused course, covering key concepts in Cloud & DevOps.",49614,999,Hindi,"hands-on, certificate, industry-recognized","[585, 1470]"
84,"Pandas - Fundamentals (Self-Paced, Udemy)",Data Science,pandas fundamentals data science,Beginner,30,4.0,Dr. L. Fernandes,"Learn Pandas through a fundamentals focused course, covering key concepts in Data Science.",46040,4999,English + Hindi Subtitles,"trending, beginner-friendly, mentor-support, project-based",[]
85,"PostgreSQL - Performance Tuning (Live Cohort, edX)",Databases,postgresql performance tuning databases,Advanced,4,3.8,Prof. R. Iyer,"Learn PostgreSQL through a performance tuning focused course, covering key concepts in Databases.",46789,2999,English + Hindi Subtitles,"quiz-included, trending",[984]
86,"Go - Design Patterns (Self-Paced, DataCamp)",Programming,go design patterns programming,Intermediate,15,3.7,Ms. P. Nair,"Learn Go through a design patterns focused course, covering key concepts in Programming.",6941,1999,French,"certificate, quiz-included, industry-recognized, job-ready",[1818]
87,"Probability - Advanced Theory (Crash Course, edX)",Statistics & Math,probability advanced theory statistics & math,Advanced,8,4.3,Dr. N. Rao,"Learn Probability through a advanced theory focused course, covering key concepts in Statistics & Math.",1877,3999,Hindi,"industry-recognized, in-demand, trending, job-ready","[956, 1843]"
88,"PHP - Functional Programming (Self-Paced, LinkedIn Learning)",Programming,php functional programming programming,Advanced,8,3.7,Dr. N. Rao,"Learn PHP through a functional programming focused course, covering key concepts in Programming.",16119,0,French,"job-ready, mentor-support, industry-recognized","[684, 1476]"
89,"React - Best Practices (Self-Paced, Pluralsight)",Web Development,react best practices web development,Intermediate,6,4.8,Prof. J. Mehta,"Learn React through a best practices focused course, covering key concepts in Web Development.",26339,2999,English + Hindi Subtitles,"quiz-included, project-based, mentor-support, beginner-friendly",[1152]
90,"MongoDB - Performance Tuning (Crash Course, Udemy)",Databases,mongodb performance tuning databases,Intermediate,8,4.0,Prof. M. Khan,"Learn MongoDB through a performance tuning focused course, covering key concepts in Databases.",5198,999,English + Hindi Subtitles,"industry-recognized, trending, beginner-friendly, hands-on",[1918]
91,"Generative AI - Advanced Applications (Crash Course, edX)",AI Specialized,generative ai advanced applications ai specialized,Advanced,20,4.3,Prof. R. Iyer,"Learn Generative AI through a advanced applications focused course, covering key concepts in AI Specialized.",39739,1499,English + Hindi Subtitles,"trending, industry-recognized, job-ready, beginner-friendly",[169]
92,"Flask - Best Practices (Project-Based, Coursera)",Web Development,flask best practices web development,Advanced,2,4.2,Mr. T. Singh,"Learn Flask through a best practices focused course, covering key concepts in Web Development.",32730,2999,English,"hands-on, trending","[112, 906]"
93,"Node.js - Full Stack Development (Project-Based, Pluralsight)",Web Development,node.js full stack development web development,Intermediate,25,4.5,Prof. M. Khan,"Learn Node.js through a full stack development focused course, covering key concepts in Web Development.",31386,999,English,"quiz-included, certificate, project-based, job-ready",[407]
94,"Autoencoders - Research Perspectives (Live Cohort, DataCamp)",Deep Learning,autoencoders research perspectives deep learning,Advanced,2,4.6,Mr. T. Singh,"Learn Autoencoders through a research perspectives focused course, covering key concepts in Deep Learning.",28384,999,Spanish,"job-ready, project-based",[1338]
95,"Ruby - Design Patterns (Project-Based, LinkedIn Learning)",Programming,ruby design patterns programming,Advanced,10,4.0,Prof. J. Mehta,"Learn Ruby through a design patterns focused course, covering key concepts in Programming.",33439,2999,Hindi,"in-demand, quiz-included, hands-on, project-based","[708, 1498]"
96,"Infrastructure as Code - Advanced Configuration (Crash Course, Coursera)",Cloud & DevOps,infrastructure as code advanced configuration cloud & devops,Advanced,12,4.4,Prof. R. Iyer,"Learn Infrastructure as Code through a advanced configuration focused course, covering key concepts in Cloud & DevOps.",40379,499,French,"beginner-friendly, industry-recognized, trending","[486, 1938]"
97,"Java - Functional Programming (Self-Paced, DataCamp)",Programming,java functional programming programming,Advanced,6,4.8,Dr. A. Sharma,"Learn Java through a functional programming focused course, covering key concepts in Programming.",42709,3999,English,"certificate, in-demand, mentor-support",[564]
98,"Java - Object Oriented Programming (Live Cohort, edX)",Programming,java object oriented programming programming,Advanced,15,4.7,Ms. P. Nair,"Learn Java through a object oriented programming focused course, covering key concepts in Programming.",45790,3999,Hindi,"beginner-friendly, certificate, project-based",[1752]
99,"Database Optimization - Real World Projects (Self-Paced, edX)",Databases,database optimization real world projects databases,Intermediate,6,4.6,Dr. N. Rao,"Learn Database Optimization through a real world projects focused course, covering key concepts in Databases.",32897,499,Hindi,"mentor-support, industry-recognized, trending",[733]
100,"Transformers - Foundations (Self-Paced, DataCamp)",Deep Learning,transformers foundations deep learning,Intermediate,4,4.0,Prof. R. Iyer,"Learn Transformers through a foundations focused course, covering key concepts in Deep Learning.",34482,1999,English,"hands-on, trending, in-demand, quiz-included","[1248, 1803]"
101,"RNN - Fundamentals (Project-Based, Coursera)",Deep Learning,rnn fundamentals deep learning,Beginner,12,3.6,Dr. A. Sharma,"Learn RNN through a fundamentals focused course, covering key concepts in Deep Learning.",34826,0,English,"mentor-support, project-based, hands-on",[]
102,"React - Fundamentals (Project-Based, Coursera)",Web Development,react fundamentals web development,Beginner,30,4.3,Prof. R. Iyer,"Learn React through a fundamentals focused course, covering key concepts in Web Development.",11447,1499,French,"beginner-friendly, trending, industry-recognized",[]
103,"Attention Mechanisms - Advanced Architectures (Project-Based, Coursera)",Deep Learning,attention mechanisms advanced architectures deep learning,Advanced,4,4.8,Ms. K. Verma,"Learn Attention Mechanisms through a advanced architectures focused course, covering key concepts in Deep Learning.",39453,2499,French,"job-ready, beginner-friendly",[1370]
104,"Kotlin - Object Oriented Programming (Crash Course, edX)",Programming,kotlin object oriented programming programming,Advanced,6,4.7,Mr. T. Singh,"Learn Kotlin through a object oriented programming focused course, covering key concepts in Programming.",2138,0,French,"project-based, in-demand",[1135]
105,"Feature Engineering - Real World Case Studies (Project-Based, Pluralsight)",Machine Learning,feature engineering real world case studies machine learning,Beginner,12,4.5,Prof. J. Mehta,"Learn Feature Engineering through a real world case studies focused course, covering key concepts in Machine Learning.",34129,999,English,"industry-recognized, beginner-friendly, quiz-included",[]
106,"Classification - Advanced Techniques (Live Cohort, Udemy)",Machine Learning,classification advanced techniques machine learning,Advanced,25,4.7,Mr. T. Singh,"Learn Classification through a advanced techniques focused course, covering key concepts in Machine Learning.",7777,4999,English,"industry-recognized, quiz-included, beginner-friendly",[2036]
107,"Java - Testing and Debugging (Crash Course, Udemy)",Programming,java testing and debugging programming,Beginner,20,3.8,Ms. P. Nair,"Learn Java through a testing and debugging focused course, covering key concepts in Programming.",2875,2499,English,"in-demand, certificate, trending",[]
108,"Linear Algebra - Fundamentals (Live Cohort, Pluralsight)",Statistics & Math,linear algebra fundamentals statistics & math,Beginner,12,4.9,Prof. J. Mehta,"Learn Linear Algebra through a fundamentals focused course, covering key concepts in Statistics & Math.",37838,4999,French,"trending, industry-recognized, project-based",[]
109,"HTML CSS - Fundamentals (Project-Based, DataCamp)",Web Development,html css fundamentals web development,Beginner,12,3.7,Mr. S. Gupta,"Learn HTML CSS through a fundamentals focused course, covering key concepts in Web Development.",19349,2999,Spanish,"mentor-support, certificate, job-ready",[]
110,"Google Cloud - Fundamentals (Project-Based, edX)",Cloud & DevOps,google cloud fundamentals cloud & devops,Beginner,2,4.2,Prof. M. Khan,"Learn Google Cloud through a fundamentals focused course, covering key concepts in Cloud & DevOps.",36932,3999,French,"project-based, job-ready, in-demand",[]
111,"JavaScript - Object Oriented Programming (Live Cohort, LinkedIn Learning)",Programming,javascript object oriented programming programming,Advanced,2,4.3,Dr. A. Sharma,"Learn JavaScript through a object oriented programming focused course, covering key concepts in Programming.",12475,499,English + Hindi Subtitles,"in-demand, trending, beginner-friendly, quiz-included",[1255]
112,"GraphQL - Fundamentals (Self-Paced, edX)",Web Development,graphql fundamentals web development,Beginner,12,4.6,Dr. L. Fernandes,"Learn GraphQL through a fundamentals focused course, covering key concepts in Web Development.",1982,0,English + Hindi Subtitles,"industry-recognized, quiz-included, hands-on",[]
113,"Data Warehousing - Intermediate Queries (Self-Paced, Udemy)",Databases,data warehousing intermediate queries databases,Advanced,15,4.6,Dr. L. Fernandes,"Learn Data Warehousing through a intermediate queries focused course, covering key concepts in Databases.",11834,4999,English + Hindi Subtitles,"hands-on, industry-recognized, certificate, trending",[115]
114,"Django - Fundamentals (Project-Based, edX)",Web Development,django fundamentals web development,Beginner,6,4.8,Prof. M. Khan,"Learn Django through a fundamentals focused course, covering key concepts in Web Development.",4931,1499,Spanish,"in-demand, hands-on",[]
115,"PostgreSQL - Basics (Project-Based, Udemy)",Databases,postgresql basics databases,Beginner,2,4.9,Mr. S. Gupta,"Learn PostgreSQL through a basics focused course, covering key concepts in Databases.",45329,499,English + Hindi Subtitles,"industry-recognized, quiz-included",[]
116,"Autoencoders - Practical Applications (Live Cohort, Udemy)",Deep Learning,autoencoders practical applications deep learning,Beginner,15,4.7,Prof. M. Khan,"Learn Autoencoders through a practical applications focused course, covering key concepts in Deep Learning.",26492,0,Hindi,"in-demand, industry-recognized",[]
117,"Redis - Basics (Live Cohort, Pluralsight)",Databases,redis basics databases,Beginner,30,4.5,Ms. P. Nair,"Learn Redis through a basics focused course, covering key concepts in Databases.",44740,1999,Hindi,"project-based, mentor-support, hands-on, industry-recognized",[]
118,"Robotics - Introduction (Live Cohort, edX)",AI Specialized,robotics introduction ai specialized,Beginner,15,4.1,Mr. S. Gupta,"Learn Robotics through a introduction focused course, covering key concepts in AI Specialized.",32145,1999,French,"mentor-support, hands-on",[]
119,"Ensemble Methods - Fundamentals (Live Cohort, Coursera)",Machine Learning,ensemble methods fundamentals machine learning,Beginner,20,3.7,Mr. S. Gupta,"Learn Ensemble Methods through a fundamentals focused course, covering key concepts in Machine Learning.",4771,499,English,"job-ready, certificate",[]
120,"D3.js - Real World Projects (Live Cohort, Udemy)",Data Visualization,d3.js real world projects data visualization,Beginner,25,4.0,Dr. N. Rao,"Learn D3.js through a real world projects focused course, covering key concepts in Data Visualization.",44773,2999,English + Hindi Subtitles,"project-based, in-demand, trending, hands-on",[]
121,"Data Analysis - Real World Case Studies (Project-Based, Pluralsight)",Data Science,data analysis real world case studies data science,Beginner,15,4.7,Mr. S. Gupta,"Learn Data Analysis through a real world case studies focused course, covering key concepts in Data Science.",5819,4999,Spanish,"beginner-friendly, trending",[]
122,"D3.js - Basics (Project-Based, Coursera)",Data Visualization,d3.js basics data visualization,Beginner,2,4.2,Prof. R. Iyer,"Learn D3.js through a basics focused course, covering key concepts in Data Visualization.",7451,1499,English,"beginner-friendly, certificate, trending",[]
123,"Go - Functional Programming (Crash Course, Udemy)",Programming,go functional programming programming,Beginner,15,4.4,Mr. T. Singh,"Learn Go through a functional programming focused course, covering key concepts in Programming.",48538,999,Spanish,"hands-on, trending, industry-recognized, mentor-support",[]
124,"Django - Fundamentals (Self-Paced, Pluralsight)",Web Development,django fundamentals web development,Beginner,8,4.6,Dr. A. Sharma,"Learn Django through a fundamentals focused course, covering key concepts in Web Development.",37426,0,Hindi,"project-based, beginner-friendly, quiz-included",[]
125,"CNN - Research Perspectives (Live Cohort, Coursera)",Deep Learning,cnn research perspectives deep learning,Advanced,8,4.9,Dr. A. Sharma,"Learn CNN through a research perspectives focused course, covering key concepts in Deep Learning.",25795,2999,Hindi,"trending, certificate, industry-recognized","[655, 1446]"
126,"D3.js - Best Practices (Self-Paced, Udemy)",Data Visualization,d3.js best practices data visualization,Beginner,8,4.0,Mr. T. Singh,"Learn D3.js through a best practices focused course, covering key concepts in Data Visualization.",1808,3999,English,"in-demand, trending",[]
127,"Prompt Engineering - Advanced Applications (Live Cohort, LinkedIn Learning)",AI Specialized,prompt engineering advanced applications ai specialized,Advanced,25,3.7,Dr. L. Fernandes,"Learn Prompt Engineering through a advanced applications focused course, covering key concepts in AI Specialized.",20961,0,English,"certificate, mentor-support, hands-on, project-based","[67, 1859]"
128,"Seaborn - Basics (Live Cohort, Udemy)",Data Visualization,seaborn basics data visualization,Beginner,6,4.6,Prof. M. Khan,"Learn Seaborn through a basics focused course, covering key concepts in Data Visualization.",24422,0,Hindi,"industry-recognized, hands-on",[]
129,"Git and Version Control - Practical Guide (Project-Based, Udemy)",Career Skills,git and version control practical guide career skills,Intermediate,2,4.3,Ms. P. Nair,"Learn Git and Version Control through a practical guide focused course, covering key concepts in Career Skills.",37305,499,Hindi,"hands-on, trending, certificate, in-demand","[736, 805]"
130,"NumPy - Best Practices (Crash Course, LinkedIn Learning)",Data Science,numpy best practices data science,Advanced,20,4.9,Ms. P. Nair,"Learn NumPy through a best practices focused course, covering key concepts in Data Science.",18661,2999,Spanish,"industry-recognized, job-ready, project-based, beginner-friendly",[812]
131,"Java - Object Oriented Programming (Self-Paced, Pluralsight)",Programming,java object oriented programming programming,Advanced,20,4.2,Ms. K. Verma,"Learn Java through a object oriented programming focused course, covering key concepts in Programming.",29917,4999,English + Hindi Subtitles,"beginner-friendly, project-based",[1307]
132,"Pandas - Practical Applications (Self-Paced, Udemy)",Data Science,pandas practical applications data science,Advanced,6,4.9,Ms. P. Nair,"Learn Pandas through a practical applications focused course, covering key concepts in Data Science.",17006,999,English + Hindi Subtitles,"hands-on, mentor-support, project-based, certificate",[1101]
133,"Regression Analysis - Advanced Theory (Crash Course, Coursera)",Statistics & Math,regression analysis advanced theory statistics & math,Advanced,20,4.1,Dr. L. Fernandes,"Learn Regression Analysis through a advanced theory focused course, covering key concepts in Statistics & Math.",15025,2999,Hindi,"quiz-included, industry-recognized, mentor-support, trending","[1292, 1812]"
134,"PHP - Advanced Concepts (Self-Paced, Udemy)",Programming,php advanced concepts programming,Advanced,20,4.6,Mr. T. Singh,"Learn PHP through a advanced concepts focused course, covering key concepts in Programming.",25606,3999,English + Hindi Subtitles,"quiz-included, mentor-support, beginner-friendly",[143]
135,"Recommendation Systems - Fundamentals (Crash Course, LinkedIn Learning)",AI Specialized,recommendation systems fundamentals ai specialized,Beginner,25,3.8,Mr. S. Gupta,"Learn Recommendation Systems through a fundamentals focused course, covering key concepts in AI Specialized.",46850,1499,French,"in-demand, quiz-included",[]
136,"Optimization - Applied Techniques (Live Cohort, edX)",Statistics & Math,optimization applied techniques statistics & math,Intermediate,25,4.8,Ms. P. Nair,"Learn Optimization through a applied techniques focused course, covering key concepts in Statistics & Math.",24713,1999,Hindi,"beginner-friendly, job-ready, certificate","[2022, 2034]"
137,"AutoML - Hands-on Project (Project-Based, DataCamp)",Machine Learning,automl hands on project machine learning,Advanced,20,4.0,Prof. J. Mehta,"Learn AutoML through a hands-on project focused course, covering key concepts in Machine Learning.",27158,0,Hindi,"quiz-included, trending","[688, 1285]"
138,"Rust - Best Practices (Project-Based, Pluralsight)",Programming,rust best practices programming,Beginner,15,4.9,Ms. P. Nair,"Learn Rust through a best practices focused course, covering key concepts in Programming.",11967,3999,English,"industry-recognized, mentor-support, beginner-friendly, job-ready",[]
139,"Statistics - Applied Techniques (Project-Based, Udemy)",Statistics & Math,statistics applied techniques statistics & math,Advanced,30,4.7,Ms. P. Nair,"Learn Statistics through a applied techniques focused course, covering key concepts in Statistics & Math.",37837,1499,Hindi,"quiz-included, job-ready, industry-recognized",[1028]
140,"Matplotlib - Best Practices (Project-Based, DataCamp)",Data Visualization,matplotlib best practices data visualization,Advanced,6,4.6,Mr. T. Singh,"Learn Matplotlib through a best practices focused course, covering key concepts in Data Visualization.",20873,4999,English,"certificate, in-demand, trending, hands-on",[1287]
141,"Statistical Analysis - Hands-on Project (Project-Based, Coursera)",Data Science,statistical analysis hands on project data science,Beginner,2,4.0,Prof. R. Iyer,"Learn Statistical Analysis through a hands-on project focused course, covering key concepts in Data Science.",20682,2499,Hindi,"beginner-friendly, industry-recognized, project-based, mentor-support",[]
142,"PHP - Functional Programming (Self-Paced, Udemy)",Programming,php functional programming programming,Beginner,12,4.4,Prof. M. Khan,"Learn PHP through a functional programming focused course, covering key concepts in Programming.",38386,3999,Spanish,"beginner-friendly, project-based, trending",[]
143,"PHP - Testing and Debugging (Project-Based, DataCamp)",Programming,php testing and debugging programming,Beginner,25,3.7,Ms. K. Verma,"Learn PHP through a testing and debugging focused course, covering key concepts in Programming.",10849,2999,English,"in-demand, mentor-support, beginner-friendly, project-based",[]
144,"NumPy - Best Practices (Live Cohort, edX)",Data Science,numpy best practices data science,Advanced,20,4.5,Dr. N. Rao,"Learn NumPy through a best practices focused course, covering key concepts in Data Science.",45367,1499,English,"beginner-friendly, job-ready, certificate, mentor-support",[1474]
145,"LSTM - Research Perspectives (Live Cohort, DataCamp)",Deep Learning,lstm research perspectives deep learning,Advanced,6,4.8,Mr. T. Singh,"Learn LSTM through a research perspectives focused course, covering key concepts in Deep Learning.",25012,3999,Hindi,"in-demand, quiz-included",[1404]
146,"Attention Mechanisms - Advanced Architectures (Crash Course, Pluralsight)",Deep Learning,attention mechanisms advanced architectures deep learning,Advanced,30,4.4,Mr. T. Singh,"Learn Attention Mechanisms through a advanced architectures focused course, covering key concepts in Deep Learning.",1451,3999,French,"quiz-included, certificate, in-demand","[966, 2059]"
147,"MongoDB - Intermediate Queries (Project-Based, edX)",Databases,mongodb intermediate queries databases,Beginner,6,3.7,Dr. N. Rao,"Learn MongoDB through a intermediate queries focused course, covering key concepts in Databases.",44542,2999,Hindi,"industry-recognized, quiz-included",[]
148,"React - Full Stack Development (Project-Based, edX)",Web Development,react full stack development web development,Intermediate,4,4.0,Mr. T. Singh,"Learn React through a full stack development focused course, covering key concepts in Web Development.",1195,2999,Hindi,"project-based, industry-recognized, in-demand",[1588]
149,"RNN - Foundations (Live Cohort, LinkedIn Learning)",Deep Learning,rnn foundations deep learning,Advanced,2,4.2,Ms. K. Verma,"Learn RNN through a foundations focused course, covering key concepts in Deep Learning.",3558,1499,English + Hindi Subtitles,"job-ready, mentor-support, quiz-included",[1446]
150,"Optimization - Intermediate Concepts (Crash Course, Coursera)",Statistics & Math,optimization intermediate concepts statistics & math,Beginner,10,4.6,Mr. T. Singh,"Learn Optimization through a intermediate concepts focused course, covering key concepts in Statistics & Math.",43365,499,English + Hindi Subtitles,"hands-on, beginner-friendly, in-demand, quiz-included",[]
151,"Git and Version Control - Real World Scenarios (Live Cohort, DataCamp)",Career Skills,git and version control real world scenarios career skills,Advanced,2,4.0,Mr. S. Gupta,"Learn Git and Version Control through a real world scenarios focused course, covering key concepts in Career Skills.",30959,2999,Spanish,"project-based, mentor-support",[252]
152,"Infrastructure as Code - Hands-on Practice (Project-Based, Pluralsight)",Cloud & DevOps,infrastructure as code hands on practice cloud & devops,Intermediate,12,4.7,Ms. P. Nair,"Learn Infrastructure as Code through a hands-on practice focused course, covering key concepts in Cloud & DevOps.",26835,2499,Hindi,"project-based, trending, industry-recognized",[208]
153,"Angular - Full Stack Development (Crash Course, edX)",Web Development,angular full stack development web development,Intermediate,10,3.9,Mr. T. Singh,"Learn Angular through a full stack development focused course, covering key concepts in Web Development.",44177,499,English + Hindi Subtitles,"certificate, hands-on, beginner-friendly, mentor-support","[1152, 1542]"
154,"Transformers - Advanced Architectures (Live Cohort, Coursera)",Deep Learning,transformers advanced architectures deep learning,Advanced,8,3.6,Prof. M. Khan,"Learn Transformers through a advanced architectures focused course, covering key concepts in Deep Learning.",4407,999,French,"certificate, in-demand",[833]
155,"JavaScript - Testing and Debugging (Self-Paced, Udemy)",Programming,javascript testing and debugging programming,Beginner,2,4.6,Prof. M. Khan,"Learn JavaScript through a testing and debugging focused course, covering key concepts in Programming.",40615,499,Hindi,"job-ready, quiz-included, certificate, project-based",[]
156,"Prompt Engineering - Advanced Applications (Live Cohort, Coursera)",AI Specialized,prompt engineering advanced applications ai specialized,Advanced,2,4.6,Mr. S. Gupta,"Learn Prompt Engineering through a advanced applications focused course, covering key concepts in AI Specialized.",49044,499,Hindi,"certificate, hands-on",[549]
157,"Hyperparameter Tuning - Practical Implementation (Crash Course, edX)",Machine Learning,hyperparameter tuning practical implementation machine learning,Intermediate,8,3.8,Prof. R. Iyer,"Learn Hyperparameter Tuning through a practical implementation focused course, covering key concepts in Machine Learning.",25505,2499,French,"job-ready, industry-recognized",[643]
158,"Data Wrangling - Fundamentals (Live Cohort, Pluralsight)",Data Science,data wrangling fundamentals data science,Beginner,20,4.4,Ms. K. Verma,"Learn Data Wrangling through a fundamentals focused course, covering key concepts in Data Science.",30900,1999,French,"job-ready, beginner-friendly",[]
159,"Computer Vision - Advanced Applications (Self-Paced, edX)",AI Specialized,computer vision advanced applications ai specialized,Advanced,2,3.6,Mr. S. Gupta,"Learn Computer Vision through a advanced applications focused course, covering key concepts in AI Specialized.",17403,999,French,"industry-recognized, certificate, trending, job-ready",[681]
160,"PostgreSQL - Advanced Techniques (Self-Paced, Coursera)",Databases,postgresql advanced techniques databases,Advanced,12,4.6,Mr. S. Gupta,"Learn PostgreSQL through a advanced techniques focused course, covering key concepts in Databases.",10794,2999,French,"in-demand, mentor-support, project-based","[1199, 1589]"
161,"Prompt Engineering - Advanced Applications (Crash Course, edX)",AI Specialized,prompt engineering advanced applications ai specialized,Advanced,15,3.9,Prof. M. Khan,"Learn Prompt Engineering through a advanced applications focused course, covering key concepts in AI Specialized.",48348,1499,French,"project-based, in-demand",[263]
162,"Hyperparameter Tuning - Optimization Strategies (Crash Course, Pluralsight)",Machine Learning,hyperparameter tuning optimization strategies machine learning,Advanced,4,3.6,Mr. T. Singh,"Learn Hyperparameter Tuning through a optimization strategies focused course, covering key concepts in Machine Learning.",22709,0,French,"certificate, job-ready, hands-on",[260]
163,"JavaScript - Concurrency (Self-Paced, Pluralsight)",Programming,javascript concurrency programming,Advanced,4,4.0,Prof. M. Khan,"Learn JavaScript through a concurrency focused course, covering key concepts in Programming.",45899,499,French,"quiz-included, job-ready, in-demand","[684, 766]"
164,"Node.js - Full Stack Development (Live Cohort, Coursera)",Web Development,node.js full stack development web development,Advanced,20,4.1,Dr. N. Rao,"Learn Node.js through a full stack development focused course, covering key concepts in Web Development.",32202,2499,French,"industry-recognized, in-demand, beginner-friendly, hands-on",[975]
165,"Recommendation Systems - Advanced Applications (Self-Paced, Pluralsight)",AI Specialized,recommendation systems advanced applications ai specialized,Advanced,12,4.1,Mr. T. Singh,"Learn Recommendation Systems through a advanced applications focused course, covering key concepts in AI Specialized.",21407,2999,Spanish,"job-ready, beginner-friendly, trending","[178, 1526]"
166,"Ruby - Testing and Debugging (Crash Course, edX)",Programming,ruby testing and debugging programming,Advanced,15,4.1,Dr. A. Sharma,"Learn Ruby through a testing and debugging focused course, covering key concepts in Programming.",9287,2499,Spanish,"beginner-friendly, mentor-support, quiz-included, hands-on",[1214]
167,"Generative AI - Introduction (Live Cohort, edX)",AI Specialized,generative ai introduction ai specialized,Beginner,15,4.7,Ms. K. Verma,"Learn Generative AI through a introduction focused course, covering key concepts in AI Specialized.",10048,999,Hindi,"hands-on, mentor-support",[]
168,"Supervised Learning - Introduction (Crash Course, edX)",Machine Learning,supervised learning introduction machine learning,Beginner,20,3.7,Prof. M. Khan,"Learn Supervised Learning through a introduction focused course, covering key concepts in Machine Learning.",13110,0,Spanish,"beginner-friendly, project-based, trending",[]
169,"Recommendation Systems - Case Studies (Crash Course, Coursera)",AI Specialized,recommendation systems case studies ai specialized,Beginner,8,4.2,Mr. T. Singh,"Learn Recommendation Systems through a case studies focused course, covering key concepts in AI Specialized.",28517,2999,Hindi,"hands-on, quiz-included, certificate",[]
170,"Python - Advanced Concepts (Self-Paced, Pluralsight)",Programming,python advanced concepts programming,Advanced,12,4.6,Prof. J. Mehta,"Learn Python through a advanced concepts focused course, covering key concepts in Programming.",19110,999,Hindi,"job-ready, industry-recognized, mentor-support, trending","[55, 409]"
171,"Transfer Learning - Foundations (Crash Course, edX)",Deep Learning,transfer learning foundations deep learning,Beginner,10,4.4,Prof. M. Khan,"Learn Transfer Learning through a foundations focused course, covering key concepts in Deep Learning.",41467,1999,French,"in-demand, certificate, beginner-friendly",[]
172,"AutoML - Fundamentals (Project-Based, LinkedIn Learning)",Machine Learning,automl fundamentals machine learning,Beginner,25,3.9,Prof. M. Khan,"Learn AutoML through a fundamentals focused course, covering key concepts in Machine Learning.",45272,999,English + Hindi Subtitles,"job-ready, certificate, hands-on, industry-recognized",[]
173,"HTML CSS - Advanced Patterns (Crash Course, Coursera)",Web Development,html css advanced patterns web development,Advanced,15,3.9,Prof. M. Khan,"Learn HTML CSS through a advanced patterns focused course, covering key concepts in Web Development.",45257,1499,English + Hindi Subtitles,"job-ready, project-based, quiz-included, trending",[1219]
174,"Docker - Hands-on Practice (Self-Paced, Udemy)",Cloud & DevOps,docker hands on practice cloud & devops,Intermediate,8,4.9,Prof. M. Khan,"Learn Docker through a hands-on practice focused course, covering key concepts in Cloud & DevOps.",41613,1499,French,"industry-recognized, in-demand, job-ready, project-based",[1110]
175,"Azure - Hands-on Practice (Project-Based, Pluralsight)",Cloud & DevOps,azure hands on practice cloud & devops,Intermediate,2,4.0,Prof. R. Iyer,"Learn Azure through a hands-on practice focused course, covering key concepts in Cloud & DevOps.",25325,999,French,"certificate, trending, job-ready",[1506]
176,"Docker - Hands-on Practice (Live Cohort, Udemy)",Cloud & DevOps,docker hands on practice cloud & devops,Intermediate,30,4.9,Dr. N. Rao,"Learn Docker through a hands-on practice focused course, covering key concepts in Cloud & DevOps.",4536,3999,Spanish,"project-based, beginner-friendly",[1131]
177,"Data Mining - Advanced Methods (Live Cohort, Coursera)",Data Science,data mining advanced methods data science,Advanced,2,4.2,Mr. S. Gupta,"Learn Data Mining through a advanced methods focused course, covering key concepts in Data Science.",41638,0,English + Hindi Subtitles,"in-demand, job-ready, beginner-friendly","[80, 1974]"
178,"Robotics - Introduction (Crash Course, edX)",AI Specialized,robotics introduction ai specialized,Beginner,10,4.9,Mr. T. Singh,"Learn Robotics through a introduction focused course, covering key concepts in AI Specialized.",20739,4999,Hindi,"industry-recognized, certificate, project-based, quiz-included",[]
179,"Natural Language Processing - Case Studies (Crash Course, DataCamp)",AI Specialized,natural language processing case studies ai specialized,Beginner,8,4.3,Dr. L. Fernandes,"Learn Natural Language Processing through a case studies focused course, covering key concepts in AI Specialized.",18661,1499,Spanish,"hands-on, project-based, trending",[]
180,"MySQL - Performance Tuning (Live Cohort, Pluralsight)",Databases,mysql performance tuning databases,Beginner,6,3.9,Dr. A. Sharma,"Learn MySQL through a performance tuning focused course, covering key concepts in Databases.",42855,2999,English,"job-ready, beginner-friendly, in-demand",[]
181,"Clustering - Introduction (Self-Paced, Pluralsight)",Machine Learning,clustering introduction machine learning,Beginner,15,4.3,Prof. J. Mehta,"Learn Clustering through a introduction focused course, covering key concepts in Machine Learning.",29257,2499,English,"job-ready, project-based, industry-recognized",[]
182,"Interactive Charts - Best Practices (Crash Course, Coursera)",Data Visualization,interactive charts best practices data visualization,Advanced,30,4.2,Ms. K. Verma,"Learn Interactive Charts through a best practices focused course, covering key concepts in Data Visualization.",38585,999,English + Hindi Subtitles,"certificate, hands-on",[1769]
183,"Big Data Processing - Fundamentals (Crash Course, Udemy)",Data Science,big data processing fundamentals data science,Beginner,12,4.3,Prof. M. Khan,"Learn Big Data Processing through a fundamentals focused course, covering key concepts in Data Science.",9439,2499,Spanish,"hands-on, mentor-support, quiz-included, industry-recognized",[]
184,"Team Collaboration - Best Practices (Self-Paced, Coursera)",Career Skills,team collaboration best practices career skills,Beginner,12,4.4,Dr. A. Sharma,"Learn Team Collaboration through a best practices focused course, covering key concepts in Career Skills.",42330,1999,English + Hindi Subtitles,"in-demand, hands-on, trending, quiz-included",[]
185,"Resume Building - Practical Guide (Live Cohort, DataCamp)",Career Skills,resume building practical guide career skills,Advanced,6,4.2,Prof. R. Iyer,"Learn Resume Building through a practical guide focused course, covering key concepts in Career Skills.",9319,999,English,"beginner-friendly, industry-recognized, certificate, mentor-support",[603]
186,"Google Cloud - Best Practices (Crash Course, LinkedIn Learning)",Cloud & DevOps,google cloud best practices cloud & devops,Intermediate,12,4.0,Ms. P. Nair,"Learn Google Cloud through a best practices focused course, covering key concepts in Cloud & DevOps.",22666,499,Spanish,"trending, hands-on, mentor-support",[1086]
187,"Technical Communication - Fundamentals (Crash Course, edX)",Career Skills,technical communication fundamentals career skills,Beginner,15,4.5,Dr. L. Fernandes,"Learn Technical Communication through a fundamentals focused course, covering key concepts in Career Skills.",6013,1499,Spanish,"certificate, project-based",[]
188,"Resume Building - Best Practices (Project-Based, Pluralsight)",Career Skills,resume building best practices career skills,Beginner,8,3.6,Dr. L. Fernandes,"Learn Resume Building through a best practices focused course, covering key concepts in Career Skills.",1737,0,Hindi,"hands-on, in-demand, industry-recognized",[]
189,"Hypothesis Testing - Fundamentals (Crash Course, DataCamp)",Statistics & Math,hypothesis testing fundamentals statistics & math,Beginner,8,4.9,Ms. K. Verma,"Learn Hypothesis Testing through a fundamentals focused course, covering key concepts in Statistics & Math.",32956,2499,English + Hindi Subtitles,"mentor-support, hands-on, project-based",[]
190,"Classification - Advanced Techniques (Project-Based, LinkedIn Learning)",Machine Learning,classification advanced techniques machine learning,Advanced,2,4.5,Ms. P. Nair,"Learn Classification through a advanced techniques focused course, covering key concepts in Machine Learning.",36196,499,English,"in-demand, hands-on",[1280]
191,"Flask - Deployment Strategies (Self-Paced, Coursera)",Web Development,flask deployment strategies web development,Beginner,8,4.4,Dr. A. Sharma,"Learn Flask through a deployment strategies focused course, covering key concepts in Web Development.",23047,499,French,"trending, beginner-friendly, mentor-support",[]
192,"Kotlin - Testing and Debugging (Live Cohort, edX)",Programming,kotlin testing and debugging programming,Beginner,6,4.3,Prof. J. Mehta,"Learn Kotlin through a testing and debugging focused course, covering key concepts in Programming.",18592,1999,French,"trending, mentor-support, beginner-friendly",[]
193,"Agile Methodology - Real World Scenarios (Project-Based, DataCamp)",Career Skills,agile methodology real world scenarios career skills,Beginner,30,3.9,Mr. S. Gupta,"Learn Agile Methodology through a real world scenarios focused course, covering key concepts in Career Skills.",21584,1999,Spanish,"project-based, job-ready",[]
194,"Vue.js - Full Stack Development (Live Cohort, Pluralsight)",Web Development,vue.js full stack development web development,Beginner,20,4.4,Dr. L. Fernandes,"Learn Vue.js through a full stack development focused course, covering key concepts in Web Development.",26737,1499,Hindi,"hands-on, mentor-support",[]
195,"Python - Basics (Live Cohort, Udemy)",Programming,python basics programming,Beginner,4,4.6,Mr. S. Gupta,"Learn Python through a basics focused course, covering key concepts in Programming.",13266,1999,Hindi,"project-based, quiz-included, job-ready, hands-on",[]
196,"Ruby - Object Oriented Programming (Crash Course, edX)",Programming,ruby object oriented programming programming,Advanced,8,4.4,Dr. N. Rao,"Learn Ruby through a object oriented programming focused course, covering key concepts in Programming.",14358,4999,English,"hands-on, industry-recognized, beginner-friendly","[201, 1368]"
197,"Go - Functional Programming (Self-Paced, Coursera)",Programming,go functional programming programming,Intermediate,8,4.2,Ms. P. Nair,"Learn Go through a functional programming focused course, covering key concepts in Programming.",47333,2499,Spanish,"in-demand, beginner-friendly, job-ready","[1730, 2085]"
198,"MLOps - Hands-on Practice (Self-Paced, Coursera)",Cloud & DevOps,mlops hands on practice cloud & devops,Intermediate,25,4.4,Mr. S. Gupta,"Learn MLOps through a hands-on practice focused course, covering key concepts in Cloud & DevOps.",5240,499,English,"in-demand, hands-on",[1506]
199,"Recommendation Systems - Hands-on Project (Crash Course, LinkedIn Learning)",AI Specialized,recommendation systems hands on project ai specialized,Beginner,10,4.9,Dr. N. Rao,"Learn Recommendation Systems through a hands-on project focused course, covering key concepts in AI Specialized.",29317,2999,French,"certificate, hands-on",[]
200,"Redis - Basics (Project-Based, Coursera)",Databases,redis basics databases,Beginner,12,3.8,Mr. S. Gupta,"Learn Redis through a basics focused course, covering key concepts in Databases.",27882,2499,English,"mentor-support, hands-on, project-based",[]
201,"PHP - Functional Programming (Live Cohort, DataCamp)",Programming,php functional programming programming,Beginner,4,4.0,Dr. N. Rao,"Learn PHP through a functional programming focused course, covering key concepts in Programming.",30095,1499,English,"hands-on, job-ready, beginner-friendly, in-demand",[]
202,"Linear Algebra - Advanced Theory (Self-Paced, LinkedIn Learning)",Statistics & Math,linear algebra advanced theory statistics & math,Advanced,4,4.6,Mr. T. Singh,"Learn Linear Algebra through a advanced theory focused course, covering key concepts in Statistics & Math.",38146,4999,English + Hindi Subtitles,"hands-on, job-ready, certificate",[860]
203,"Attention Mechanisms - Foundations (Crash Course, Pluralsight)",Deep Learning,attention mechanisms foundations deep learning,Advanced,6,3.8,Ms. P. Nair,"Learn Attention Mechanisms through a foundations focused course, covering key concepts in Deep Learning.",44584,2999,English,"job-ready, mentor-support",[627]
204,"Exploratory Data Analysis - Practical Applications (Live Cohort, Udemy)",Data Science,exploratory data analysis practical applications data science,Intermediate,15,3.8,Dr. A. Sharma,"Learn Exploratory Data Analysis through a practical applications focused course, covering key concepts in Data Science.",37948,0,English,"project-based, job-ready, industry-recognized",[68]
205,"PHP - Advanced Concepts (Self-Paced, DataCamp)",Programming,php advanced concepts programming,Advanced,2,4.5,Mr. S. Gupta,"Learn PHP through a advanced concepts focused course, covering key concepts in Programming.",15539,3999,English,"hands-on, mentor-support, job-ready, trending",[1725]
206,"Feature Engineering - Advanced Techniques (Live Cohort, Pluralsight)",Machine Learning,feature engineering advanced techniques machine learning,Advanced,2,3.9,Prof. R. Iyer,"Learn Feature Engineering through a advanced techniques focused course, covering key concepts in Machine Learning.",39343,2499,Spanish,"trending, beginner-friendly, quiz-included","[1096, 2016]"
207,"Python - Basics (Crash Course, LinkedIn Learning)",Programming,python basics programming,Beginner,12,4.6,Dr. L. Fernandes,"Learn Python through a basics focused course, covering key concepts in Programming.",9698,2499,English + Hindi Subtitles,"beginner-friendly, mentor-support, quiz-included",[]
208,"MLOps - Fundamentals (Live Cohort, LinkedIn Learning)",Cloud & DevOps,mlops fundamentals cloud & devops,Beginner,20,5.0,Dr. N. Rao,"Learn MLOps through a fundamentals focused course, covering key concepts in Cloud & DevOps.",9825,3999,French,"quiz-included, mentor-support, certificate",[]
209,"C++ - Algorithms (Project-Based, LinkedIn Learning)",Programming,c++ algorithms programming,Advanced,10,4.8,Prof. M. Khan,"Learn C++ through a algorithms focused course, covering key concepts in Programming.",23655,3999,Spanish,"beginner-friendly, hands-on, quiz-included, project-based","[601, 677]"
210,"Go - Concurrency (Crash Course, DataCamp)",Programming,go concurrency programming,Advanced,6,4.4,Dr. L. Fernandes,"Learn Go through a concurrency focused course, covering key concepts in Programming.",41614,999,French,"industry-recognized, mentor-support","[839, 1853]"
211,"Git and Version Control - Best Practices (Crash Course, LinkedIn Learning)",Career Skills,git and version control best practices career skills,Beginner,15,4.8,Dr. L. Fernandes,"Learn Git and Version Control through a best practices focused course, covering key concepts in Career Skills.",35801,0,French,"in-demand, hands-on",[]
212,"TypeScript - Data Structures (Live Cohort, Coursera)",Programming,typescript data structures programming,Intermediate,25,4.5,Ms. K. Verma,"Learn TypeScript through a data structures focused course, covering key concepts in Programming.",48627,1499,English + Hindi Subtitles,"certificate, quiz-included, trending","[1147, 1707]"
213,"Plotly - Basics (Crash Course, LinkedIn Learning)",Data Visualization,plotly basics data visualization,Beginner,25,4.9,Dr. L. Fernandes,"Learn Plotly through a basics focused course, covering key concepts in Data Visualization.",43200,2999,Hindi,"quiz-included, mentor-support, certificate, job-ready",[]
214,"AI Ethics - Case Studies (Project-Based, Pluralsight)",AI Specialized,ai ethics case studies ai specialized,Advanced,20,3.7,Mr. S. Gupta,"Learn AI Ethics through a case studies focused course, covering key concepts in AI Specialized.",47087,0,French,"job-ready, beginner-friendly","[178, 1962]"
215,"Database Optimization - Real World Projects (Crash Course, edX)",Databases,database optimization real world projects databases,Beginner,10,3.9,Ms. P. Nair,"Learn Database Optimization through a real world projects focused course, covering key concepts in Databases.",19998,1499,French,"certificate, industry-recognized, hands-on, job-ready",[]
216,"Exploratory Data Analysis - Intermediate Techniques (Self-Paced, DataCamp)",Data Science,exploratory data analysis intermediate techniques data science,Beginner,10,3.7,Ms. K. Verma,"Learn Exploratory Data Analysis through a intermediate techniques focused course, covering key concepts in Data Science.",44746,499,English,"job-ready, certificate, mentor-support",[]
217,"Natural Language Processing - Introduction (Project-Based, Coursera)",AI Specialized,natural language processing introduction ai specialized,Beginner,12,4.5,Dr. A. Sharma,"Learn Natural Language Processing through a introduction focused course, covering key concepts in AI Specialized.",45882,1999,English + Hindi Subtitles,"quiz-included, industry-recognized, project-based",[]
218,"RNN - Fundamentals (Crash Course, Coursera)",Deep Learning,rnn fundamentals deep learning,Beginner,15,4.4,Mr. T. Singh,"Learn RNN through a fundamentals focused course, covering key concepts in Deep Learning.",41779,0,Spanish,"job-ready, quiz-included",[]
219,"Kotlin - Advanced Concepts (Crash Course, Coursera)",Programming,kotlin advanced concepts programming,Advanced,2,3.9,Mr. T. Singh,"Learn Kotlin through a advanced concepts focused course, covering key concepts in Programming.",25299,4999,English,"in-demand, quiz-included, job-ready","[55, 1489]"
220,"Feature Engineering - Introduction (Live Cohort, edX)",Machine Learning,feature engineering introduction machine learning,Beginner,2,4.1,Mr. T. Singh,"Learn Feature Engineering through a introduction focused course, covering key concepts in Machine Learning.",49895,499,Spanish,"trending, certificate, in-demand",[]
221,"Serverless Computing - Introduction (Self-Paced, edX)",Cloud & DevOps,serverless computing introduction cloud & devops,Beginner,8,4.6,Prof. R. Iyer,"Learn Serverless Computing through a introduction focused course, covering key concepts in Cloud & DevOps.",29948,2999,English + Hindi Subtitles,"in-demand, job-ready",[]
222,"TypeScript - Concurrency (Project-Based, edX)",Programming,typescript concurrency programming,Beginner,12,4.0,Mr. T. Singh,"Learn TypeScript through a concurrency focused course, covering key concepts in Programming.",14342,2999,English,"beginner-friendly, hands-on",[]
223,"AutoML - Fundamentals (Crash Course, Coursera)",Machine Learning,automl fundamentals machine learning,Beginner,25,4.2,Dr. L. Fernandes,"Learn AutoML through a fundamentals focused course, covering key concepts in Machine Learning.",12027,3999,English + Hindi Subtitles,"in-demand, mentor-support, hands-on, beginner-friendly",[]
224,"Statistics - Fundamentals (Self-Paced, Pluralsight)",Statistics & Math,statistics fundamentals statistics & math,Beginner,30,3.7,Dr. L. Fernandes,"Learn Statistics through a fundamentals focused course, covering key concepts in Statistics & Math.",32334,999,Spanish,"beginner-friendly, hands-on, project-based",[]
225,"Calculus - Intermediate Concepts (Crash Course, DataCamp)",Statistics & Math,calculus intermediate concepts statistics & math,Advanced,12,4.1,Ms. K. Verma,"Learn Calculus through a intermediate concepts focused course, covering key concepts in Statistics & Math.",5184,1499,Spanish,"industry-recognized, hands-on, mentor-support",[1292]
226,"A/B Testing - Advanced Methods (Project-Based, Coursera)",Data Science,a/b testing advanced methods data science,Advanced,6,4.7,Dr. A. Sharma,"Learn A/B Testing through a advanced methods focused course, covering key concepts in Data Science.",19960,999,Hindi,"in-demand, job-ready, industry-recognized",[765]
227,"GraphQL - Full Stack Development (Live Cohort, LinkedIn Learning)",Web Development,graphql full stack development web development,Advanced,20,4.7,Prof. R. Iyer,"Learn GraphQL through a full stack development focused course, covering key concepts in Web Development.",6804,999,Hindi,"in-demand, hands-on","[927, 950]"
228,"Time Series Analysis - Applied Techniques (Live Cohort, DataCamp)",Statistics & Math,time series analysis applied techniques statistics & math,Intermediate,20,4.1,Ms. P. Nair,"Learn Time Series Analysis through a applied techniques focused course, covering key concepts in Statistics & Math.",1495,4999,English + Hindi Subtitles,"trending, certificate, mentor-support, industry-recognized",[1558]
229,"Optimization - Applied Techniques (Project-Based, edX)",Statistics & Math,optimization applied techniques statistics & math,Beginner,10,4.2,Ms. P. Nair,"Learn Optimization through a applied techniques focused course, covering key concepts in Statistics & Math.",4536,499,English,"quiz-included, job-ready, mentor-support",[]
230,"Unsupervised Learning - Advanced Techniques (Project-Based, Coursera)",Machine Learning,unsupervised learning advanced techniques machine learning,Advanced,8,4.9,Ms. K. Verma,"Learn Unsupervised Learning through a advanced techniques focused course, covering key concepts in Machine Learning.",8080,0,Hindi,"in-demand, beginner-friendly",[1488]
231,"Azure - Best Practices (Live Cohort, LinkedIn Learning)",Cloud & DevOps,azure best practices cloud & devops,Advanced,8,4.2,Dr. L. Fernandes,"Learn Azure through a best practices focused course, covering key concepts in Cloud & DevOps.",24615,4999,English + Hindi Subtitles,"certificate, beginner-friendly, mentor-support",[1457]
232,"D3.js - Advanced Dashboards (Self-Paced, DataCamp)",Data Visualization,d3.js advanced dashboards data visualization,Advanced,25,3.6,Mr. S. Gupta,"Learn D3.js through a advanced dashboards focused course, covering key concepts in Data Visualization.",9809,1999,Hindi,"mentor-support, hands-on, quiz-included, trending",[367]
233,"NumPy - Real World Case Studies (Crash Course, Udemy)",Data Science,numpy real world case studies data science,Advanced,2,3.7,Dr. N. Rao,"Learn NumPy through a real world case studies focused course, covering key concepts in Data Science.",38526,4999,English,"beginner-friendly, quiz-included, industry-recognized",[1278]
234,"Hyperparameter Tuning - Real World Case Studies (Live Cohort, Udemy)",Machine Learning,hyperparameter tuning real world case studies machine learning,Intermediate,8,3.8,Mr. T. Singh,"Learn Hyperparameter Tuning through a real world case studies focused course, covering key concepts in Machine Learning.",31494,3999,Hindi,"beginner-friendly, mentor-support",[903]
235,"Rust - Testing and Debugging (Project-Based, LinkedIn Learning)",Programming,rust testing and debugging programming,Advanced,25,4.8,Prof. R. Iyer,"Learn Rust through a testing and debugging focused course, covering key concepts in Programming.",9725,999,French,"certificate, job-ready","[2, 1791]"
236,"Vue.js - Building Projects (Live Cohort, Udemy)",Web Development,vue.js building projects web development,Advanced,4,4.3,Mr. S. Gupta,"Learn Vue.js through a building projects focused course, covering key concepts in Web Development.",41237,2999,English + Hindi Subtitles,"project-based, mentor-support",[790]
237,"Data Cleaning - Practical Applications (Crash Course, DataCamp)",Data Science,data cleaning practical applications data science,Beginner,15,3.6,Prof. M. Khan,"Learn Data Cleaning through a practical applications focused course, covering key concepts in Data Science.",26012,0,Hindi,"quiz-included, mentor-support, job-ready, project-based",[]
238,"AutoML - Fundamentals (Live Cohort, DataCamp)",Machine Learning,automl fundamentals machine learning,Beginner,8,4.6,Ms. K. Verma,"Learn AutoML through a fundamentals focused course, covering key concepts in Machine Learning.",31565,4999,Spanish,"beginner-friendly, industry-recognized, project-based, trending",[]
239,"PostgreSQL - Intermediate Queries (Live Cohort, Udemy)",Databases,postgresql intermediate queries databases,Beginner,15,4.4,Ms. P. Nair,"Learn PostgreSQL through a intermediate queries focused course, covering key concepts in Databases.",4497,4999,English,"beginner-friendly, hands-on, quiz-included, in-demand",[]
240,"Technical Communication - Real World Scenarios (Crash Course, DataCamp)",Career Skills,technical communication real world scenarios career skills,Intermediate,10,4.2,Prof. M. Khan,"Learn Technical Communication through a real world scenarios focused course, covering key concepts in Career Skills.",20039,4999,French,"project-based, job-ready, trending","[736, 1807]"
241,"Data Storytelling - Intermediate Techniques (Live Cohort, Coursera)",Data Visualization,data storytelling intermediate techniques data visualization,Intermediate,30,4.5,Prof. J. Mehta,"Learn Data Storytelling through a intermediate techniques focused course, covering key concepts in Data Visualization.",39428,999,Spanish,"certificate, job-ready, quiz-included",[662]
242,"Speech Recognition - Advanced Applications (Project-Based, LinkedIn Learning)",AI Specialized,speech recognition advanced applications ai specialized,Advanced,25,4.4,Prof. R. Iyer,"Learn Speech Recognition through a advanced applications focused course, covering key concepts in AI Specialized.",16638,1999,English + Hindi Subtitles,"in-demand, trending, industry-recognized","[47, 256]"
243,"Recommendation Systems - Case Studies (Self-Paced, Pluralsight)",AI Specialized,recommendation systems case studies ai specialized,Intermediate,12,4.9,Prof. J. Mehta,"Learn Recommendation Systems through a case studies focused course, covering key concepts in AI Specialized.",12684,2499,English + Hindi Subtitles,"quiz-included, trending",[178]
244,"Rust - Algorithms (Crash Course, DataCamp)",Programming,rust algorithms programming,Advanced,15,3.9,Prof. J. Mehta,"Learn Rust through a algorithms focused course, covering key concepts in Programming.",27927,1499,French,"project-based, industry-recognized",[1948]
245,"D3.js - Basics (Crash Course, edX)",Data Visualization,d3.js basics data visualization,Beginner,12,4.6,Dr. L. Fernandes,"Learn D3.js through a basics focused course, covering key concepts in Data Visualization.",21196,1499,Spanish,"trending, beginner-friendly, certificate, quiz-included",[]
246,"Neural Networks - Advanced Architectures (Self-Paced, edX)",Deep Learning,neural networks advanced architectures deep learning,Advanced,10,4.5,Mr. S. Gupta,"Learn Neural Networks through a advanced architectures focused course, covering key concepts in Deep Learning.",39349,2499,Hindi,"job-ready, quiz-included, industry-recognized, in-demand",[1580]
247,"Data Cleaning - Hands-on Project (Crash Course, Pluralsight)",Data Science,data cleaning hands on project data science,Intermediate,10,4.9,Mr. T. Singh,"Learn Data Cleaning through a hands-on project focused course, covering key concepts in Data Science.",35369,2499,Hindi,"in-demand, certificate, project-based",[183]
248,"Autoencoders - Fundamentals (Live Cohort, edX)",Deep Learning,autoencoders fundamentals deep learning,Beginner,4,4.9,Dr. L. Fernandes,"Learn Autoencoders through a fundamentals focused course, covering key concepts in Deep Learning.",25910,0,English,"project-based, job-ready",[]
249,"NumPy - Real World Case Studies (Live Cohort, Pluralsight)",Data Science,numpy real world case studies data science,Intermediate,25,4.4,Dr. N. Rao,"Learn NumPy through a real world case studies focused course, covering key concepts in Data Science.",33646,2999,Hindi,"hands-on, mentor-support, job-ready","[158, 940]"
250,"Reinforcement Learning - Research Perspectives (Project-Based, Udemy)",Deep Learning,reinforcement learning research perspectives deep learning,Advanced,4,4.2,Ms. P. Nair,"Learn Reinforcement Learning through a research perspectives focused course, covering key concepts in Deep Learning.",20672,499,Hindi,"certificate, quiz-included","[353, 1690]"
251,"AI Ethics - Case Studies (Project-Based, Udemy)",AI Specialized,ai ethics case studies ai specialized,Beginner,2,4.8,Dr. N. Rao,"Learn AI Ethics through a case studies focused course, covering key concepts in AI Specialized.",7192,4999,French,"beginner-friendly, certificate, mentor-support",[]
252,"Resume Building - Practical Guide (Project-Based, Udemy)",Career Skills,resume building practical guide career skills,Beginner,2,4.8,Prof. J. Mehta,"Learn Resume Building through a practical guide focused course, covering key concepts in Career Skills.",4074,0,English,"in-demand, project-based, trending",[]
253,"Discrete Mathematics - Applied Techniques (Project-Based, edX)",Statistics & Math,discrete mathematics applied techniques statistics & math,Intermediate,8,3.8,Prof. J. Mehta,"Learn Discrete Mathematics through a applied techniques focused course, covering key concepts in Statistics & Math.",39711,1999,French,"industry-recognized, beginner-friendly, hands-on","[389, 1242]"
254,"Google Cloud - Advanced Configuration (Self-Paced, Udemy)",Cloud & DevOps,google cloud advanced configuration cloud & devops,Advanced,30,4.0,Mr. S. Gupta,"Learn Google Cloud through a advanced configuration focused course, covering key concepts in Cloud & DevOps.",11411,2999,Hindi,"in-demand, hands-on, beginner-friendly, trending","[1972, 2002]"
255,"Regression - Introduction (Crash Course, Coursera)",Machine Learning,regression introduction machine learning,Beginner,30,4.6,Dr. N. Rao,"Learn Regression through a introduction focused course, covering key concepts in Machine Learning.",32017,499,English,"mentor-support, industry-recognized",[]
256,"Explainable AI - Fundamentals (Project-Based, Coursera)",AI Specialized,explainable ai fundamentals ai specialized,Beginner,8,4.2,Ms. K. Verma,"Learn Explainable AI through a fundamentals focused course, covering key concepts in AI Specialized.",11523,1499,English + Hindi Subtitles,"hands-on, industry-recognized",[]
257,"LSTM - Research Perspectives (Live Cohort, edX)",Deep Learning,lstm research perspectives deep learning,Advanced,10,4.2,Prof. J. Mehta,"Learn LSTM through a research perspectives focused course, covering key concepts in Deep Learning.",25492,3999,Hindi,"certificate, in-demand",[904]
258,"Pandas - Intermediate Techniques (Project-Based, Pluralsight)",Data Science,pandas intermediate techniques data science,Intermediate,20,4.2,Ms. P. Nair,"Learn Pandas through a intermediate techniques focused course, covering key concepts in Data Science.",40458,2999,English,"project-based, industry-recognized, job-ready, trending",[1572]
259,"Technical Communication - Best Practices (Self-Paced, Pluralsight)",Career Skills,technical communication best practices career skills,Advanced,12,4.0,Mr. T. Singh,"Learn Technical Communication through a best practices focused course, covering key concepts in Career Skills.",33413,2999,Spanish,"industry-recognized, quiz-included, beginner-friendly, trending","[70, 802]"
260,"Model Evaluation - Real World Case Studies (Self-Paced, DataCamp)",Machine Learning,model evaluation real world case studies machine learning,Beginner,30,4.8,Ms. P. Nair,"Learn Model Evaluation through a real world case studies focused course, covering key concepts in Machine Learning.",11185,2999,Hindi,"quiz-included, in-demand",[]
261,"TypeScript - Basics (Project-Based, edX)",Programming,typescript basics programming,Beginner,15,3.9,Dr. N. Rao,"Learn TypeScript through a basics focused course, covering key concepts in Programming.",15281,2999,French,"hands-on, industry-recognized, certificate",[]
262,"RNN - Practical Applications (Project-Based, Coursera)",Deep Learning,rnn practical applications deep learning,Intermediate,2,4.1,Prof. M. Khan,"Learn RNN through a practical applications focused course, covering key concepts in Deep Learning.",23711,2999,English,"mentor-support, job-ready, in-demand",[1522]
263,"Chatbot Development - Hands-on Project (Crash Course, edX)",AI Specialized,chatbot development hands on project ai specialized,Beginner,15,3.9,Mr. S. Gupta,"Learn Chatbot Development through a hands-on project focused course, covering key concepts in AI Specialized.",17787,2499,English + Hindi Subtitles,"beginner-friendly, in-demand, industry-recognized",[]
264,"Regression - Real World Case Studies (Project-Based, edX)",Machine Learning,regression real world case studies machine learning,Advanced,25,4.4,Mr. S. Gupta,"Learn Regression through a real world case studies focused course, covering key concepts in Machine Learning.",2528,2999,English + Hindi Subtitles,"industry-recognized, certificate",[1602]
265,"Data Warehousing - Advanced Techniques (Crash Course, Coursera)",Databases,data warehousing advanced techniques databases,Advanced,6,3.6,Dr. L. Fernandes,"Learn Data Warehousing through a advanced techniques focused course, covering key concepts in Databases.",3431,1999,English,"project-based, job-ready, beginner-friendly, trending",[616]
266,"Classification - Fundamentals (Crash Course, LinkedIn Learning)",Machine Learning,classification fundamentals machine learning,Beginner,6,4.8,Dr. N. Rao,"Learn Classification through a fundamentals focused course, covering key concepts in Machine Learning.",12341,1499,Spanish,"beginner-friendly, trending, certificate",[]
267,"Regression - Introduction (Live Cohort, DataCamp)",Machine Learning,regression introduction machine learning,Beginner,8,4.8,Prof. J. Mehta,"Learn Regression through a introduction focused course, covering key concepts in Machine Learning.",3567,999,English + Hindi Subtitles,"job-ready, mentor-support, beginner-friendly, certificate",[]
268,"Robotics - Introduction (Self-Paced, edX)",AI Specialized,robotics introduction ai specialized,Beginner,2,4.7,Mr. S. Gupta,"Learn Robotics through a introduction focused course, covering key concepts in AI Specialized.",39644,499,English,"project-based, beginner-friendly",[]
269,"Generative AI - Case Studies (Crash Course, LinkedIn Learning)",AI Specialized,generative ai case studies ai specialized,Advanced,4,4.7,Dr. L. Fernandes,"Learn Generative AI through a case studies focused course, covering key concepts in AI Specialized.",24328,999,Hindi,"beginner-friendly, industry-recognized, hands-on, in-demand","[1326, 1822]"
270,"PHP - Concurrency (Crash Course, Coursera)",Programming,php concurrency programming,Beginner,10,4.3,Dr. A. Sharma,"Learn PHP through a concurrency focused course, covering key concepts in Programming.",32977,4999,English,"beginner-friendly, in-demand, hands-on",[]
271,"Data Analysis - Practical Applications (Project-Based, Pluralsight)",Data Science,data analysis practical applications data science,Intermediate,6,4.8,Mr. S. Gupta,"Learn Data Analysis through a practical applications focused course, covering key concepts in Data Science.",40059,2499,French,"job-ready, industry-recognized, in-demand",[141]
272,"Transfer Learning - Advanced Architectures (Project-Based, DataCamp)",Deep Learning,transfer learning advanced architectures deep learning,Advanced,4,4.6,Ms. K. Verma,"Learn Transfer Learning through a advanced architectures focused course, covering key concepts in Deep Learning.",42101,0,English,"beginner-friendly, hands-on, project-based","[1913, 2046]"
273,"AutoML - Optimization Strategies (Self-Paced, Coursera)",Machine Learning,automl optimization strategies machine learning,Advanced,25,4.7,Ms. P. Nair,"Learn AutoML through a optimization strategies focused course, covering key concepts in Machine Learning.",36215,4999,Spanish,"job-ready, trending, quiz-included, mentor-support",[1364]
274,"Statistical Analysis - Hands-on Project (Crash Course, LinkedIn Learning)",Data Science,statistical analysis hands on project data science,Advanced,30,4.6,Ms. P. Nair,"Learn Statistical Analysis through a hands-on project focused course, covering key concepts in Data Science.",49408,1999,French,"beginner-friendly, trending, job-ready",[1304]
275,"Data Cleaning - Real World Case Studies (Project-Based, Udemy)",Data Science,data cleaning real world case studies data science,Beginner,2,3.8,Prof. J. Mehta,"Learn Data Cleaning through a real world case studies focused course, covering key concepts in Data Science.",24234,1999,English,"mentor-support, in-demand, trending, beginner-friendly",[]
276,"Python - Design Patterns (Crash Course, LinkedIn Learning)",Programming,python design patterns programming,Intermediate,2,4.0,Mr. S. Gupta,"Learn Python through a design patterns focused course, covering key concepts in Programming.",49322,0,Hindi,"beginner-friendly, job-ready, in-demand",[1496]
277,"Data Ethics and Privacy - Real World Scenarios (Crash Course, edX)",Career Skills,data ethics and privacy real world scenarios career skills,Advanced,10,4.1,Ms. K. Verma,"Learn Data Ethics and Privacy through a real world scenarios focused course, covering key concepts in Career Skills.",1223,1499,Spanish,"job-ready, mentor-support, in-demand",[1441]
278,"Google Cloud - Fundamentals (Self-Paced, edX)",Cloud & DevOps,google cloud fundamentals cloud & devops,Beginner,20,4.1,Mr. S. Gupta,"Learn Google Cloud through a fundamentals focused course, covering key concepts in Cloud & DevOps.",30512,999,Spanish,"industry-recognized, beginner-friendly",[]
279,"Rust - Basics (Live Cohort, Coursera)",Programming,rust basics programming,Beginner,4,3.9,Dr. A. Sharma,"Learn Rust through a basics focused course, covering key concepts in Programming.",23123,3999,Spanish,"mentor-support, certificate, project-based, beginner-friendly",[]
280,"Big Data Processing - Real World Case Studies (Live Cohort, Udemy)",Data Science,big data processing real world case studies data science,Advanced,25,4.2,Mr. T. Singh,"Learn Big Data Processing through a real world case studies focused course, covering key concepts in Data Science.",4590,2499,English + Hindi Subtitles,"project-based, trending",[1471]
281,"Regression Analysis - Advanced Theory (Self-Paced, Udemy)",Statistics & Math,regression analysis advanced theory statistics & math,Advanced,2,5.0,Ms. K. Verma,"Learn Regression Analysis through a advanced theory focused course, covering key concepts in Statistics & Math.",48930,4999,English + Hindi Subtitles,"hands-on, trending",[735]
282,"AI Ethics - Advanced Applications (Project-Based, Udemy)",AI Specialized,ai ethics advanced applications ai specialized,Advanced,25,4.1,Mr. T. Singh,"Learn AI Ethics through a advanced applications focused course, covering key concepts in AI Specialized.",26588,2499,French,"quiz-included, in-demand, project-based","[48, 1193]"
283,"Data Mining - Practical Applications (Project-Based, Coursera)",Data Science,data mining practical applications data science,Intermediate,2,4.7,Prof. J. Mehta,"Learn Data Mining through a practical applications focused course, covering key concepts in Data Science.",8230,3999,Spanish,"trending, hands-on, certificate",[1758]
284,"Transfer Learning - Practical Applications (Self-Paced, Coursera)",Deep Learning,transfer learning practical applications deep learning,Beginner,15,4.0,Mr. T. Singh,"Learn Transfer Learning through a practical applications focused course, covering key concepts in Deep Learning.",48086,1999,Hindi,"industry-recognized, certificate",[]
285,"PHP - Concurrency (Project-Based, Pluralsight)",Programming,php concurrency programming,Advanced,15,3.9,Mr. S. Gupta,"Learn PHP through a concurrency focused course, covering key concepts in Programming.",2895,0,English + Hindi Subtitles,"beginner-friendly, industry-recognized",[1451]
286,"Database Optimization - Basics (Self-Paced, edX)",Databases,database optimization basics databases,Beginner,15,4.4,Ms. P. Nair,"Learn Database Optimization through a basics focused course, covering key concepts in Databases.",10088,2999,French,"project-based, industry-recognized, hands-on, job-ready",[]
287,"Hyperparameter Tuning - Practical Implementation (Project-Based, Udemy)",Machine Learning,hyperparameter tuning practical implementation machine learning,Beginner,2,3.9,Mr. T. Singh,"Learn Hyperparameter Tuning through a practical implementation focused course, covering key concepts in Machine Learning.",4481,1499,Spanish,"job-ready, certificate",[]
288,"Node.js - Building Projects (Project-Based, DataCamp)",Web Development,node.js building projects web development,Beginner,20,4.7,Prof. M. Khan,"Learn Node.js through a building projects focused course, covering key concepts in Web Development.",40572,2499,Spanish,"in-demand, trending, quiz-included",[]
289,"Unsupervised Learning - Real World Case Studies (Project-Based, LinkedIn Learning)",Machine Learning,unsupervised learning real world case studies machine learning,Advanced,12,4.3,Prof. J. Mehta,"Learn Unsupervised Learning through a real world case studies focused course, covering key concepts in Machine Learning.",34231,1999,French,"industry-recognized, hands-on",[223]
290,"REST API - Building Projects (Project-Based, edX)",Web Development,rest api building projects web development,Intermediate,20,3.9,Dr. L. Fernandes,"Learn REST API through a building projects focused course, covering key concepts in Web Development.",19848,3999,Spanish,"in-demand, project-based",[950]
291,"Google Cloud - Production Deployment (Crash Course, Pluralsight)",Cloud & DevOps,google cloud production deployment cloud & devops,Intermediate,4,4.7,Dr. L. Fernandes,"Learn Google Cloud through a production deployment focused course, covering key concepts in Cloud & DevOps.",14805,1499,Hindi,"beginner-friendly, certificate, quiz-included",[538]
292,"Ensemble Methods - Fundamentals (Live Cohort, DataCamp)",Machine Learning,ensemble methods fundamentals machine learning,Beginner,15,4.6,Ms. P. Nair,"Learn Ensemble Methods through a fundamentals focused course, covering key concepts in Machine Learning.",37280,2499,English + Hindi Subtitles,"industry-recognized, beginner-friendly",[]
293,"Database Design - Basics (Crash Course, DataCamp)",Databases,database design basics databases,Beginner,30,4.2,Prof. R. Iyer,"Learn Database Design through a basics focused course, covering key concepts in Databases.",20725,0,Spanish,"mentor-support, beginner-friendly, in-demand",[]
294,"NumPy - Industry Applications (Project-Based, DataCamp)",Data Science,numpy industry applications data science,Intermediate,2,4.0,Prof. M. Khan,"Learn NumPy through a industry applications focused course, covering key concepts in Data Science.",7898,1999,Hindi,"job-ready, mentor-support, industry-recognized",[1880]
295,"Robotics - Fundamentals (Live Cohort, Pluralsight)",AI Specialized,robotics fundamentals ai specialized,Beginner,15,4.1,Mr. S. Gupta,"Learn Robotics through a fundamentals focused course, covering key concepts in AI Specialized.",18923,1499,French,"quiz-included, beginner-friendly",[]
296,"Freelancing - Fundamentals (Project-Based, DataCamp)",Career Skills,freelancing fundamentals career skills,Beginner,30,4.0,Ms. P. Nair,"Learn Freelancing through a fundamentals focused course, covering key concepts in Career Skills.",5581,499,English,"hands-on, beginner-friendly",[]
297,"Node.js - Advanced Patterns (Self-Paced, Coursera)",Web Development,node.js advanced patterns web development,Advanced,15,4.2,Prof. R. Iyer,"Learn Node.js through a advanced patterns focused course, covering key concepts in Web Development.",45853,999,English,"job-ready, beginner-friendly",[1152]
298,"Big Data Processing - Real World Case Studies (Project-Based, Udemy)",Data Science,big data processing real world case studies data science,Beginner,6,3.9,Prof. M. Khan,"Learn Big Data Processing through a real world case studies focused course, covering key concepts in Data Science.",44631,2499,French,"hands-on, beginner-friendly",[]
299,"Java - Design Patterns (Live Cohort, DataCamp)",Programming,java design patterns programming,Intermediate,12,3.6,Prof. J. Mehta,"Learn Java through a design patterns focused course, covering key concepts in Programming.",5546,0,French,"industry-recognized, beginner-friendly","[279, 684]"
300,"Ensemble Methods - Practical Implementation (Self-Paced, DataCamp)",Machine Learning,ensemble methods practical implementation machine learning,Intermediate,20,3.7,Prof. J. Mehta,"Learn Ensemble Methods through a practical implementation focused course, covering key concepts in Machine Learning.",19249,4999,English,"project-based, beginner-friendly, certificate, industry-recognized",[119]
301,"LSTM - Foundations (Live Cohort, DataCamp)",Deep Learning,lstm foundations deep learning,Advanced,10,3.7,Dr. L. Fernandes,"Learn LSTM through a foundations focused course, covering key concepts in Deep Learning.",6449,3999,French,"project-based, hands-on","[284, 1149]"
302,"Excel Visualization - Advanced Dashboards (Live Cohort, LinkedIn Learning)",Data Visualization,excel visualization advanced dashboards data visualization,Advanced,12,4.5,Mr. T. Singh,"Learn Excel Visualization through a advanced dashboards focused course, covering key concepts in Data Visualization.",29805,2499,French,"project-based, mentor-support, trending","[122, 760]"
303,"NumPy - Practical Applications (Crash Course, LinkedIn Learning)",Data Science,numpy practical applications data science,Beginner,10,4.5,Mr. S. Gupta,"Learn NumPy through a practical applications focused course, covering key concepts in Data Science.",15923,3999,Hindi,"beginner-friendly, hands-on, certificate, trending",[]
304,"Hyperparameter Tuning - Advanced Techniques (Self-Paced, LinkedIn Learning)",Machine Learning,hyperparameter tuning advanced techniques machine learning,Advanced,4,3.7,Mr. T. Singh,"Learn Hyperparameter Tuning through a advanced techniques focused course, covering key concepts in Machine Learning.",8414,999,English,"quiz-included, in-demand, industry-recognized",[1999]
305,"Vue.js - Best Practices (Live Cohort, Udemy)",Web Development,vue.js best practices web development,Advanced,20,4.2,Prof. R. Iyer,"Learn Vue.js through a best practices focused course, covering key concepts in Web Development.",42375,4999,French,"industry-recognized, job-ready, hands-on",[1840]
306,"Autoencoders - Practical Applications (Crash Course, DataCamp)",Deep Learning,autoencoders practical applications deep learning,Intermediate,6,4.1,Prof. M. Khan,"Learn Autoencoders through a practical applications focused course, covering key concepts in Deep Learning.",4479,0,English,"mentor-support, beginner-friendly, job-ready",[1666]
307,"NumPy - Industry Applications (Project-Based, Coursera)",Data Science,numpy industry applications data science,Intermediate,15,4.7,Prof. M. Khan,"Learn NumPy through a industry applications focused course, covering key concepts in Data Science.",29615,999,English + Hindi Subtitles,"mentor-support, quiz-included, beginner-friendly, hands-on","[812, 1354]"
308,"GraphQL - Full Stack Development (Self-Paced, DataCamp)",Web Development,graphql full stack development web development,Beginner,10,4.1,Mr. T. Singh,"Learn GraphQL through a full stack development focused course, covering key concepts in Web Development.",22075,999,English,"industry-recognized, trending",[]
309,"MySQL - Real World Projects (Project-Based, DataCamp)",Databases,mysql real world projects databases,Advanced,20,4.9,Mr. S. Gupta,"Learn MySQL through a real world projects focused course, covering key concepts in Databases.",47387,999,Spanish,"hands-on, quiz-included",[481]
310,"Clustering - Fundamentals (Self-Paced, LinkedIn Learning)",Machine Learning,clustering fundamentals machine learning,Beginner,12,4.7,Prof. M. Khan,"Learn Clustering through a fundamentals focused course, covering key concepts in Machine Learning.",22247,0,English,"trending, industry-recognized, in-demand",[]
311,"Database Design - Advanced Techniques (Project-Based, DataCamp)",Databases,database design advanced techniques databases,Advanced,12,4.5,Dr. L. Fernandes,"Learn Database Design through a advanced techniques focused course, covering key concepts in Databases.",18070,4999,Spanish,"in-demand, industry-recognized, mentor-support, job-ready","[768, 1743]"
312,"NumPy - Industry Applications (Crash Course, Pluralsight)",Data Science,numpy industry applications data science,Advanced,2,4.2,Prof. J. Mehta,"Learn NumPy through a industry applications focused course, covering key concepts in Data Science.",36006,1999,French,"hands-on, project-based, quiz-included","[5, 973]"
313,"Dashboard Design - Advanced Dashboards (Self-Paced, Coursera)",Data Visualization,dashboard design advanced dashboards data visualization,Advanced,15,4.4,Prof. R. Iyer,"Learn Dashboard Design through a advanced dashboards focused course, covering key concepts in Data Visualization.",31247,2999,Spanish,"in-demand, industry-recognized, quiz-included, mentor-support",[368]
314,"TypeScript - Design Patterns (Crash Course, LinkedIn Learning)",Programming,typescript design patterns programming,Advanced,8,4.2,Dr. N. Rao,"Learn TypeScript through a design patterns focused course, covering key concepts in Programming.",42883,0,Hindi,"in-demand, project-based, mentor-support, beginner-friendly",[1597]
315,"Data Wrangling - Fundamentals (Crash Course, LinkedIn Learning)",Data Science,data wrangling fundamentals data science,Beginner,2,4.3,Dr. A. Sharma,"Learn Data Wrangling through a fundamentals focused course, covering key concepts in Data Science.",14685,3999,Hindi,"hands-on, mentor-support, in-demand",[]
316,"REST API - Deployment Strategies (Live Cohort, edX)",Web Development,rest api deployment strategies web development,Beginner,10,4.3,Dr. L. Fernandes,"Learn REST API through a deployment strategies focused course, covering key concepts in Web Development.",27462,0,French,"project-based, hands-on, job-ready, in-demand",[]
317,"Classification - Practical Implementation (Live Cohort, DataCamp)",Machine Learning,classification practical implementation machine learning,Beginner,25,4.5,Dr. N. Rao,"Learn Classification through a practical implementation focused course, covering key concepts in Machine Learning.",7743,1499,Spanish,"quiz-included, beginner-friendly, industry-recognized, hands-on",[]
318,"Data Ethics and Privacy - Real World Scenarios (Live Cohort, Pluralsight)",Career Skills,data ethics and privacy real world scenarios career skills,Advanced,15,3.6,Mr. S. Gupta,"Learn Data Ethics and Privacy through a real world scenarios focused course, covering key concepts in Career Skills.",31598,0,English,"project-based, beginner-friendly",[2042]
319,"Angular - Building Projects (Project-Based, LinkedIn Learning)",Web Development,angular building projects web development,Advanced,10,4.5,Ms. P. Nair,"Learn Angular through a building projects focused course, covering key concepts in Web Development.",10757,2999,Hindi,"beginner-friendly, quiz-included, certificate, mentor-support",[501]
320,"Ruby - Basics (Self-Paced, LinkedIn Learning)",Programming,ruby basics programming,Beginner,10,4.0,Dr. L. Fernandes,"Learn Ruby through a basics focused course, covering key concepts in Programming.",45471,4999,English,"beginner-friendly, certificate",[]
321,"Generative AI - Introduction (Project-Based, edX)",AI Specialized,generative ai introduction ai specialized,Beginner,2,4.9,Prof. R. Iyer,"Learn Generative AI through a introduction focused course, covering key concepts in AI Specialized.",49855,1999,Hindi,"job-ready, quiz-included",[]
322,"Serverless Computing - Hands-on Practice (Live Cohort, Pluralsight)",Cloud & DevOps,serverless computing hands on practice cloud & devops,Beginner,25,4.6,Dr. L. Fernandes,"Learn Serverless Computing through a hands-on practice focused course, covering key concepts in Cloud & DevOps.",30643,4999,English,"in-demand, project-based, certificate",[]
323,"TypeScript - Basics (Live Cohort, Coursera)",Programming,typescript basics programming,Beginner,12,4.7,Prof. M. Khan,"Learn TypeScript through a basics focused course, covering key concepts in Programming.",11710,2999,Hindi,"project-based, hands-on, certificate, trending",[]
324,"CNN - Research Perspectives (Live Cohort, edX)",Deep Learning,cnn research perspectives deep learning,Advanced,6,4.0,Dr. L. Fernandes,"Learn CNN through a research perspectives focused course, covering key concepts in Deep Learning.",45339,4999,Hindi,"quiz-included, hands-on, in-demand","[248, 1018]"
325,"Prompt Engineering - Hands-on Project (Self-Paced, Coursera)",AI Specialized,prompt engineering hands on project ai specialized,Intermediate,15,3.7,Dr. L. Fernandes,"Learn Prompt Engineering through a hands-on project focused course, covering key concepts in AI Specialized.",26525,1499,Hindi,"in-demand, job-ready",[1258]
326,"NumPy - Intermediate Techniques (Live Cohort, Udemy)",Data Science,numpy intermediate techniques data science,Advanced,4,5.0,Mr. S. Gupta,"Learn NumPy through a intermediate techniques focused course, covering key concepts in Data Science.",43208,3999,French,"mentor-support, quiz-included, trending","[121, 940]"
327,"FastAPI - Best Practices (Live Cohort, Coursera)",Web Development,fastapi best practices web development,Beginner,2,3.6,Mr. S. Gupta,"Learn FastAPI through a best practices focused course, covering key concepts in Web Development.",393,2499,English,"quiz-included, in-demand, mentor-support, trending",[]
328,"TypeScript - Advanced Concepts (Crash Course, Coursera)",Programming,typescript advanced concepts programming,Advanced,12,4.8,Prof. R. Iyer,"Learn TypeScript through a advanced concepts focused course, covering key concepts in Programming.",8937,499,French,"trending, certificate, beginner-friendly, industry-recognized",[601]
329,"Redis - Performance Tuning (Project-Based, DataCamp)",Databases,redis performance tuning databases,Intermediate,25,5.0,Prof. M. Khan,"Learn Redis through a performance tuning focused course, covering key concepts in Databases.",7998,0,English + Hindi Subtitles,"project-based, trending",[200]
330,"Rust - Best Practices (Self-Paced, edX)",Programming,rust best practices programming,Intermediate,10,3.6,Prof. R. Iyer,"Learn Rust through a best practices focused course, covering key concepts in Programming.",3748,1999,Hindi,"project-based, mentor-support, beginner-friendly, job-ready",[195]
331,"Data Wrangling - Advanced Methods (Live Cohort, DataCamp)",Data Science,data wrangling advanced methods data science,Advanced,15,5.0,Dr. L. Fernandes,"Learn Data Wrangling through a advanced methods focused course, covering key concepts in Data Science.",23991,499,Spanish,"project-based, mentor-support, hands-on",[1329]
332,"Feature Engineering - Advanced Techniques (Crash Course, LinkedIn Learning)",Machine Learning,feature engineering advanced techniques machine learning,Advanced,10,4.0,Prof. R. Iyer,"Learn Feature Engineering through a advanced techniques focused course, covering key concepts in Machine Learning.",9156,4999,French,"certificate, quiz-included, in-demand, hands-on",[168]
333,"Prompt Engineering - Case Studies (Crash Course, Pluralsight)",AI Specialized,prompt engineering case studies ai specialized,Intermediate,12,4.0,Prof. R. Iyer,"Learn Prompt Engineering through a case studies focused course, covering key concepts in AI Specialized.",12118,1499,French,"industry-recognized, hands-on","[178, 1833]"
334,"Calculus - Practical Examples (Self-Paced, Udemy)",Statistics & Math,calculus practical examples statistics & math,Intermediate,10,4.8,Dr. L. Fernandes,"Learn Calculus through a practical examples focused course, covering key concepts in Statistics & Math.",49619,4999,English,"trending, in-demand, project-based, job-ready",[567]
335,"Vue.js - Advanced Patterns (Self-Paced, Coursera)",Web Development,vue.js advanced patterns web development,Advanced,10,3.7,Ms. P. Nair,"Learn Vue.js through a advanced patterns focused course, covering key concepts in Web Development.",49452,0,English + Hindi Subtitles,"certificate, quiz-included, project-based","[501, 959]"
336,"Data Storytelling - Basics (Project-Based, edX)",Data Visualization,data storytelling basics data visualization,Beginner,2,3.7,Prof. R. Iyer,"Learn Data Storytelling through a basics focused course, covering key concepts in Data Visualization.",38705,0,English,"hands-on, job-ready, quiz-included",[]
337,"CI CD - Fundamentals (Crash Course, DataCamp)",Cloud & DevOps,ci cd fundamentals cloud & devops,Beginner,15,4.3,Dr. N. Rao,"Learn CI CD through a fundamentals focused course, covering key concepts in Cloud & DevOps.",10557,4999,Hindi,"quiz-included, beginner-friendly",[]
338,"Regression - Fundamentals (Crash Course, Pluralsight)",Machine Learning,regression fundamentals machine learning,Beginner,6,4.5,Prof. J. Mehta,"Learn Regression through a fundamentals focused course, covering key concepts in Machine Learning.",46070,499,English,"industry-recognized, beginner-friendly, trending",[]
339,"MongoDB - Advanced Techniques (Crash Course, Udemy)",Databases,mongodb advanced techniques databases,Advanced,25,3.9,Ms. P. Nair,"Learn MongoDB through a advanced techniques focused course, covering key concepts in Databases.",496,4999,English + Hindi Subtitles,"industry-recognized, job-ready, in-demand, hands-on","[583, 616]"
340,"Agile Methodology - Best Practices (Project-Based, LinkedIn Learning)",Career Skills,agile methodology best practices career skills,Intermediate,8,4.4,Ms. P. Nair,"Learn Agile Methodology through a best practices focused course, covering key concepts in Career Skills.",12763,4999,English + Hindi Subtitles,"beginner-friendly, mentor-support, trending",[354]
341,"Java - Best Practices (Self-Paced, LinkedIn Learning)",Programming,java best practices programming,Advanced,10,3.9,Prof. J. Mehta,"Learn Java through a best practices focused course, covering key concepts in Programming.",8318,2999,English + Hindi Subtitles,"in-demand, job-ready, hands-on, trending",[684]
342,"Infrastructure as Code - Production Deployment (Project-Based, edX)",Cloud & DevOps,infrastructure as code production deployment cloud & devops,Intermediate,30,3.8,Dr. N. Rao,"Learn Infrastructure as Code through a production deployment focused course, covering key concepts in Cloud & DevOps.",45455,999,French,"in-demand, certificate","[1761, 1808]"
343,"Google Cloud - Hands-on Practice (Project-Based, Udemy)",Cloud & DevOps,google cloud hands on practice cloud & devops,Advanced,8,3.7,Dr. A. Sharma,"Learn Google Cloud through a hands-on practice focused course, covering key concepts in Cloud & DevOps.",15279,1499,English,"certificate, mentor-support, beginner-friendly, in-demand","[278, 538]"
344,"Big Data Processing - Hands-on Project (Live Cohort, LinkedIn Learning)",Data Science,big data processing hands on project data science,Intermediate,4,4.4,Mr. S. Gupta,"Learn Big Data Processing through a hands-on project focused course, covering key concepts in Data Science.",47154,499,English,"certificate, quiz-included, industry-recognized",[1915]
345,"NoSQL - Real World Projects (Project-Based, Udemy)",Databases,nosql real world projects databases,Intermediate,6,3.7,Prof. R. Iyer,"Learn NoSQL through a real world projects focused course, covering key concepts in Databases.",24316,2499,Spanish,"trending, project-based, job-ready",[616]
346,"Classification - Hands-on Project (Live Cohort, DataCamp)",Machine Learning,classification hands on project machine learning,Advanced,8,4.8,Ms. K. Verma,"Learn Classification through a hands-on project focused course, covering key concepts in Machine Learning.",13701,2999,English + Hindi Subtitles,"industry-recognized, job-ready",[810]
347,"Django - Advanced Patterns (Self-Paced, edX)",Web Development,django advanced patterns web development,Advanced,10,4.2,Dr. N. Rao,"Learn Django through a advanced patterns focused course, covering key concepts in Web Development.",350,2999,Spanish,"hands-on, in-demand","[1361, 1732]"
348,"Attention Mechanisms - Fundamentals (Project-Based, DataCamp)",Deep Learning,attention mechanisms fundamentals deep learning,Beginner,20,4.3,Mr. S. Gupta,"Learn Attention Mechanisms through a fundamentals focused course, covering key concepts in Deep Learning.",27242,499,English + Hindi Subtitles,"project-based, in-demand",[]
349,"Database Design - Performance Tuning (Project-Based, Coursera)",Databases,database design performance tuning databases,Beginner,15,4.7,Mr. T. Singh,"Learn Database Design through a performance tuning focused course, covering key concepts in Databases.",34857,499,French,"quiz-included, project-based, industry-recognized",[]
350,"Prompt Engineering - Hands-on Project (Crash Course, DataCamp)",AI Specialized,prompt engineering hands on project ai specialized,Intermediate,8,4.5,Dr. N. Rao,"Learn Prompt Engineering through a hands-on project focused course, covering key concepts in AI Specialized.",31399,2999,English + Hindi Subtitles,"job-ready, industry-recognized","[1640, 2095]"
351,"Rust - Concurrency (Self-Paced, edX)",Programming,rust concurrency programming,Intermediate,6,3.5,Mr. S. Gupta,"Learn Rust through a concurrency focused course, covering key concepts in Programming.",42435,3999,Spanish,"trending, in-demand","[1462, 1944]"
352,"MongoDB - Basics (Live Cohort, LinkedIn Learning)",Databases,mongodb basics databases,Beginner,6,3.7,Prof. M. Khan,"Learn MongoDB through a basics focused course, covering key concepts in Databases.",34361,1999,English,"trending, project-based, mentor-support",[]
353,"LSTM - Case Studies (Crash Course, DataCamp)",Deep Learning,lstm case studies deep learning,Beginner,4,4.4,Prof. R. Iyer,"Learn LSTM through a case studies focused course, covering key concepts in Deep Learning.",15958,1999,English + Hindi Subtitles,"trending, in-demand",[]
354,"Resume Building - Practical Guide (Live Cohort, edX)",Career Skills,resume building practical guide career skills,Beginner,20,5.0,Dr. A. Sharma,"Learn Resume Building through a practical guide focused course, covering key concepts in Career Skills.",9921,0,English + Hindi Subtitles,"trending, mentor-support, quiz-included, hands-on",[]
355,"Attention Mechanisms - Practical Applications (Project-Based, edX)",Deep Learning,attention mechanisms practical applications deep learning,Intermediate,8,3.8,Dr. N. Rao,"Learn Attention Mechanisms through a practical applications focused course, covering key concepts in Deep Learning.",47393,2999,English + Hindi Subtitles,"project-based, industry-recognized, mentor-support, quiz-included",[171]
356,"Go - Object Oriented Programming (Crash Course, Pluralsight)",Programming,go object oriented programming programming,Advanced,30,4.3,Prof. R. Iyer,"Learn Go through a object oriented programming focused course, covering key concepts in Programming.",25048,3999,French,"industry-recognized, quiz-included","[766, 1639]"
357,"Feature Engineering - Introduction (Self-Paced, DataCamp)",Machine Learning,feature engineering introduction machine learning,Beginner,2,4.8,Prof. M. Khan,"Learn Feature Engineering through a introduction focused course, covering key concepts in Machine Learning.",31042,1499,French,"job-ready, industry-recognized, mentor-support",[]
358,"AI Ethics - Case Studies (Self-Paced, Pluralsight)",AI Specialized,ai ethics case studies ai specialized,Advanced,2,4.5,Prof. R. Iyer,"Learn AI Ethics through a case studies focused course, covering key concepts in AI Specialized.",37188,999,Hindi,"hands-on, industry-recognized, job-ready","[256, 1859]"
359,"Speech Recognition - Hands-on Project (Crash Course, DataCamp)",AI Specialized,speech recognition hands on project ai specialized,Intermediate,25,5.0,Prof. R. Iyer,"Learn Speech Recognition through a hands-on project focused course, covering key concepts in AI Specialized.",6874,4999,Spanish,"beginner-friendly, industry-recognized, trending, certificate",[1841]
360,"Matplotlib - Advanced Dashboards (Live Cohort, Coursera)",Data Visualization,matplotlib advanced dashboards data visualization,Advanced,4,3.6,Dr. A. Sharma,"Learn Matplotlib through a advanced dashboards focused course, covering key concepts in Data Visualization.",38652,2999,English,"in-demand, job-ready, industry-recognized",[974]
361,"Hypothesis Testing - Intermediate Concepts (Self-Paced, Coursera)",Statistics & Math,hypothesis testing intermediate concepts statistics & math,Beginner,12,4.9,Prof. J. Mehta,"Learn Hypothesis Testing through a intermediate concepts focused course, covering key concepts in Statistics & Math.",7934,499,English + Hindi Subtitles,"trending, industry-recognized, hands-on, in-demand",[]
362,"Robotics - Case Studies (Live Cohort, Coursera)",AI Specialized,robotics case studies ai specialized,Advanced,10,4.3,Dr. A. Sharma,"Learn Robotics through a case studies focused course, covering key concepts in AI Specialized.",32233,1499,Spanish,"certificate, in-demand, industry-recognized",[67]
363,"A/B Testing - Advanced Methods (Live Cohort, edX)",Data Science,a/b testing advanced methods data science,Advanced,10,3.5,Prof. M. Khan,"Learn A/B Testing through a advanced methods focused course, covering key concepts in Data Science.",23539,3999,French,"beginner-friendly, hands-on, certificate, quiz-included",[415]
364,"Ensemble Methods - Practical Implementation (Project-Based, Coursera)",Machine Learning,ensemble methods practical implementation machine learning,Advanced,2,4.5,Mr. S. Gupta,"Learn Ensemble Methods through a practical implementation focused course, covering key concepts in Machine Learning.",11426,999,Hindi,"hands-on, beginner-friendly, industry-recognized, mentor-support",[181]
365,"Kotlin - Algorithms (Project-Based, LinkedIn Learning)",Programming,kotlin algorithms programming,Beginner,8,3.7,Mr. T. Singh,"Learn Kotlin through a algorithms focused course, covering key concepts in Programming.",4165,3999,Hindi,"beginner-friendly, hands-on, certificate, quiz-included",[]
366,"MySQL - Advanced Techniques (Crash Course, Udemy)",Databases,mysql advanced techniques databases,Advanced,8,4.0,Dr. N. Rao,"Learn MySQL through a advanced techniques focused course, covering key concepts in Databases.",45157,2999,Hindi,"certificate, beginner-friendly, job-ready, industry-recognized",[59]
367,"Plotly - Intermediate Techniques (Crash Course, Coursera)",Data Visualization,plotly intermediate techniques data visualization,Beginner,6,4.1,Dr. L. Fernandes,"Learn Plotly through a intermediate techniques focused course, covering key concepts in Data Visualization.",11625,2999,English,"beginner-friendly, industry-recognized",[]
368,"Power BI - Basics (Project-Based, Coursera)",Data Visualization,power bi basics data visualization,Beginner,4,3.7,Prof. R. Iyer,"Learn Power BI through a basics focused course, covering key concepts in Data Visualization.",28633,1499,Hindi,"trending, in-demand, quiz-included",[]
369,"C++ - Functional Programming (Live Cohort, Udemy)",Programming,c++ functional programming programming,Intermediate,6,4.7,Prof. J. Mehta,"Learn C++ through a functional programming focused course, covering key concepts in Programming.",35070,1499,Spanish,"beginner-friendly, job-ready, project-based",[1854]
370,"Computer Vision - Fundamentals (Live Cohort, Udemy)",AI Specialized,computer vision fundamentals ai specialized,Beginner,12,3.9,Mr. S. Gupta,"Learn Computer Vision through a fundamentals focused course, covering key concepts in AI Specialized.",48215,0,Hindi,"project-based, mentor-support, job-ready",[]
371,"RNN - Advanced Architectures (Self-Paced, edX)",Deep Learning,rnn advanced architectures deep learning,Advanced,30,3.7,Ms. K. Verma,"Learn RNN through a advanced architectures focused course, covering key concepts in Deep Learning.",3675,1499,French,"trending, job-ready",[101]
372,"Neural Networks - Case Studies (Live Cohort, Pluralsight)",Deep Learning,neural networks case studies deep learning,Intermediate,30,4.6,Ms. K. Verma,"Learn Neural Networks through a case studies focused course, covering key concepts in Deep Learning.",3612,4999,Hindi,"industry-recognized, beginner-friendly, in-demand, hands-on","[639, 1780]"
373,"Statistical Analysis - Industry Applications (Project-Based, LinkedIn Learning)",Data Science,statistical analysis industry applications data science,Advanced,30,4.3,Prof. R. Iyer,"Learn Statistical Analysis through a industry applications focused course, covering key concepts in Data Science.",15976,4999,French,"quiz-included, trending",[1886]
374,"Data Wrangling - Advanced Methods (Self-Paced, Coursera)",Data Science,data wrangling advanced methods data science,Advanced,4,3.9,Prof. M. Khan,"Learn Data Wrangling through a advanced methods focused course, covering key concepts in Data Science.",36123,999,Hindi,"mentor-support, job-ready",[1753]
375,"Big Data Processing - Best Practices (Self-Paced, LinkedIn Learning)",Data Science,big data processing best practices data science,Beginner,6,4.7,Mr. S. Gupta,"Learn Big Data Processing through a best practices focused course, covering key concepts in Data Science.",45944,499,French,"in-demand, job-ready",[]
376,"AI Ethics - Introduction (Crash Course, edX)",AI Specialized,ai ethics introduction ai specialized,Beginner,4,4.1,Dr. L. Fernandes,"Learn AI Ethics through a introduction focused course, covering key concepts in AI Specialized.",5403,2499,Spanish,"project-based, quiz-included",[]
377,"Bayesian Inference - Fundamentals (Live Cohort, Udemy)",Statistics & Math,bayesian inference fundamentals statistics & math,Beginner,2,3.5,Dr. A. Sharma,"Learn Bayesian Inference through a fundamentals focused course, covering key concepts in Statistics & Math.",1940,0,English,"quiz-included, beginner-friendly",[]
378,"Team Collaboration - Real World Scenarios (Self-Paced, DataCamp)",Career Skills,team collaboration real world scenarios career skills,Advanced,30,3.6,Mr. S. Gupta,"Learn Team Collaboration through a real world scenarios focused course, covering key concepts in Career Skills.",31658,499,Spanish,"quiz-included, hands-on, trending, in-demand","[7, 1733]"
379,"Discrete Mathematics - Practical Examples (Live Cohort, Pluralsight)",Statistics & Math,discrete mathematics practical examples statistics & math,Beginner,12,4.0,Prof. R. Iyer,"Learn Discrete Mathematics through a practical examples focused course, covering key concepts in Statistics & Math.",33181,1999,English + Hindi Subtitles,"beginner-friendly, certificate, in-demand",[]
380,"Rust - Testing and Debugging (Crash Course, edX)",Programming,rust testing and debugging programming,Advanced,30,4.3,Dr. N. Rao,"Learn Rust through a testing and debugging focused course, covering key concepts in Programming.",32337,4999,English,"beginner-friendly, project-based",[515]
381,"Rust - Advanced Concepts (Self-Paced, Coursera)",Programming,rust advanced concepts programming,Advanced,30,4.7,Prof. M. Khan,"Learn Rust through a advanced concepts focused course, covering key concepts in Programming.",25017,3999,English,"mentor-support, job-ready, hands-on, trending","[1854, 1858]"
382,"Data Analysis - Practical Applications (Crash Course, LinkedIn Learning)",Data Science,data analysis practical applications data science,Advanced,2,3.5,Dr. N. Rao,"Learn Data Analysis through a practical applications focused course, covering key concepts in Data Science.",16246,2999,English + Hindi Subtitles,"quiz-included, certificate, in-demand, job-ready",[68]
383,"Supervised Learning - Introduction (Self-Paced, edX)",Machine Learning,supervised learning introduction machine learning,Beginner,25,3.9,Ms. K. Verma,"Learn Supervised Learning through a introduction focused course, covering key concepts in Machine Learning.",26704,2999,French,"industry-recognized, mentor-support",[]
384,"Interview Preparation - Real World Scenarios (Crash Course, LinkedIn Learning)",Career Skills,interview preparation real world scenarios career skills,Beginner,10,4.3,Prof. M. Khan,"Learn Interview Preparation through a real world scenarios focused course, covering key concepts in Career Skills.",24369,0,English + Hindi Subtitles,"beginner-friendly, mentor-support, hands-on",[]
385,"RNN - Advanced Architectures (Self-Paced, Pluralsight)",Deep Learning,rnn advanced architectures deep learning,Advanced,2,4.4,Dr. A. Sharma,"Learn RNN through a advanced architectures focused course, covering key concepts in Deep Learning.",26805,1499,Hindi,"in-demand, trending, job-ready","[438, 2046]"
386,"LSTM - Research Perspectives (Project-Based, Pluralsight)",Deep Learning,lstm research perspectives deep learning,Advanced,12,4.7,Dr. A. Sharma,"Learn LSTM through a research perspectives focused course, covering key concepts in Deep Learning.",41070,4999,Hindi,"certificate, hands-on",[1122]
387,"Git and Version Control - Fundamentals (Live Cohort, edX)",Career Skills,git and version control fundamentals career skills,Beginner,10,4.7,Prof. R. Iyer,"Learn Git and Version Control through a fundamentals focused course, covering key concepts in Career Skills.",25818,1999,French,"trending, in-demand",[]
388,"C++ - Concurrency (Live Cohort, DataCamp)",Programming,c++ concurrency programming,Advanced,2,3.9,Dr. N. Rao,"Learn C++ through a concurrency focused course, covering key concepts in Programming.",42340,999,French,"job-ready, industry-recognized, trending",[1855]
389,"Statistics - Fundamentals (Crash Course, Udemy)",Statistics & Math,statistics fundamentals statistics & math,Beginner,15,4.6,Mr. S. Gupta,"Learn Statistics through a fundamentals focused course, covering key concepts in Statistics & Math.",34774,499,Spanish,"industry-recognized, beginner-friendly, certificate",[]
390,"Recommendation Systems - Advanced Applications (Crash Course, Pluralsight)",AI Specialized,recommendation systems advanced applications ai specialized,Advanced,15,4.4,Dr. N. Rao,"Learn Recommendation Systems through a advanced applications focused course, covering key concepts in AI Specialized.",47728,999,French,"project-based, mentor-support, in-demand, certificate","[654, 756]"
391,"Reinforcement Learning - Case Studies (Project-Based, LinkedIn Learning)",Deep Learning,reinforcement learning case studies deep learning,Beginner,8,4.8,Ms. K. Verma,"Learn Reinforcement Learning through a case studies focused course, covering key concepts in Deep Learning.",24284,4999,Spanish,"certificate, project-based",[]
392,"Docker - Advanced Configuration (Live Cohort, Udemy)",Cloud & DevOps,docker advanced configuration cloud & devops,Advanced,4,4.2,Dr. A. Sharma,"Learn Docker through a advanced configuration focused course, covering key concepts in Cloud & DevOps.",25721,1999,Spanish,"quiz-included, in-demand",[1972]
393,"Go - Testing and Debugging (Crash Course, Udemy)",Programming,go testing and debugging programming,Intermediate,2,3.8,Mr. S. Gupta,"Learn Go through a testing and debugging focused course, covering key concepts in Programming.",47409,2499,English + Hindi Subtitles,"beginner-friendly, project-based, industry-recognized, mentor-support",[523]
394,"Python - Concurrency (Self-Paced, Coursera)",Programming,python concurrency programming,Advanced,2,4.5,Mr. T. Singh,"Learn Python through a concurrency focused course, covering key concepts in Programming.",24874,1999,Spanish,"project-based, trending, hands-on",[1349]
395,"Discrete Mathematics - Applied Techniques (Project-Based, Coursera)",Statistics & Math,discrete mathematics applied techniques statistics & math,Beginner,4,4.1,Dr. L. Fernandes,"Learn Discrete Mathematics through a applied techniques focused course, covering key concepts in Statistics & Math.",45855,4999,French,"project-based, quiz-included",[]
396,"Plotly - Basics (Live Cohort, Coursera)",Data Visualization,plotly basics data visualization,Beginner,6,4.2,Dr. A. Sharma,"Learn Plotly through a basics focused course, covering key concepts in Data Visualization.",44300,2499,English,"hands-on, project-based, industry-recognized",[]
397,"Kotlin - Algorithms (Live Cohort, LinkedIn Learning)",Programming,kotlin algorithms programming,Beginner,8,3.8,Prof. M. Khan,"Learn Kotlin through a algorithms focused course, covering key concepts in Programming.",12885,4999,English + Hindi Subtitles,"quiz-included, certificate, mentor-support, in-demand",[]
398,"Explainable AI - Hands-on Project (Self-Paced, Pluralsight)",AI Specialized,explainable ai hands on project ai specialized,Beginner,6,4.7,Prof. R. Iyer,"Learn Explainable AI through a hands-on project focused course, covering key concepts in AI Specialized.",6348,3999,French,"certificate, trending, hands-on",[]
399,"Big Data Processing - Practical Applications (Self-Paced, LinkedIn Learning)",Data Science,big data processing practical applications data science,Advanced,8,3.9,Prof. R. Iyer,"Learn Big Data Processing through a practical applications focused course, covering key concepts in Data Science.",41494,1499,Spanish,"beginner-friendly, mentor-support",[61]
400,"Serverless Computing - Production Deployment (Live Cohort, Pluralsight)",Cloud & DevOps,serverless computing production deployment cloud & devops,Advanced,12,5.0,Dr. A. Sharma,"Learn Serverless Computing through a production deployment focused course, covering key concepts in Cloud & DevOps.",26800,0,English,"in-demand, trending",[42]
401,"Public Speaking - Practical Guide (Project-Based, LinkedIn Learning)",Career Skills,public speaking practical guide career skills,Intermediate,12,5.0,Prof. R. Iyer,"Learn Public Speaking through a practical guide focused course, covering key concepts in Career Skills.",30408,4999,Spanish,"trending, hands-on, in-demand, certificate","[1499, 1811]"
402,"MongoDB - Advanced Techniques (Project-Based, DataCamp)",Databases,mongodb advanced techniques databases,Advanced,2,5.0,Dr. A. Sharma,"Learn MongoDB through a advanced techniques focused course, covering key concepts in Databases.",38560,499,English + Hindi Subtitles,"certificate, trending, beginner-friendly","[1199, 1970]"
403,"GraphQL - Fundamentals (Live Cohort, DataCamp)",Web Development,graphql fundamentals web development,Beginner,30,4.3,Dr. A. Sharma,"Learn GraphQL through a fundamentals focused course, covering key concepts in Web Development.",16166,2999,English + Hindi Subtitles,"job-ready, project-based, trending",[]
404,"Django - Deployment Strategies (Self-Paced, edX)",Web Development,django deployment strategies web development,Advanced,4,4.9,Ms. P. Nair,"Learn Django through a deployment strategies focused course, covering key concepts in Web Development.",351,1499,Spanish,"in-demand, quiz-included, beginner-friendly",[1633]
405,"C++ - Basics (Live Cohort, LinkedIn Learning)",Programming,c++ basics programming,Beginner,2,3.6,Prof. J. Mehta,"Learn C++ through a basics focused course, covering key concepts in Programming.",4797,499,French,"in-demand, project-based, certificate, trending",[]
406,"Redis - Advanced Techniques (Project-Based, Udemy)",Databases,redis advanced techniques databases,Advanced,8,3.8,Dr. L. Fernandes,"Learn Redis through a advanced techniques focused course, covering key concepts in Databases.",31433,2499,English,"beginner-friendly, mentor-support, industry-recognized, certificate",[1792]
407,"Node.js - Fundamentals (Crash Course, edX)",Web Development,node.js fundamentals web development,Beginner,6,4.9,Prof. J. Mehta,"Learn Node.js through a fundamentals focused course, covering key concepts in Web Development.",39600,4999,Hindi,"industry-recognized, job-ready",[]
408,"Rust - Advanced Concepts (Live Cohort, Coursera)",Programming,rust advanced concepts programming,Advanced,12,4.0,Prof. R. Iyer,"Learn Rust through a advanced concepts focused course, covering key concepts in Programming.",6194,1999,English,"project-based, beginner-friendly, mentor-support, quiz-included",[651]
409,"Rust - Functional Programming (Live Cohort, Udemy)",Programming,rust functional programming programming,Beginner,12,4.4,Prof. M. Khan,"Learn Rust through a functional programming focused course, covering key concepts in Programming.",15724,3999,Spanish,"mentor-support, hands-on, certificate",[]
410,"Java - Data Structures (Crash Course, DataCamp)",Programming,java data structures programming,Beginner,6,4.1,Dr. A. Sharma,"Learn Java through a data structures focused course, covering key concepts in Programming.",2912,1499,English,"industry-recognized, quiz-included, mentor-support, in-demand",[]
411,"GANs - Practical Applications (Crash Course, DataCamp)",Deep Learning,gans practical applications deep learning,Advanced,4,4.7,Dr. A. Sharma,"Learn GANs through a practical applications focused course, covering key concepts in Deep Learning.",25465,999,Spanish,"quiz-included, industry-recognized",[1913]
412,"TypeScript - Object Oriented Programming (Live Cohort, Udemy)",Programming,typescript object oriented programming programming,Beginner,6,4.7,Dr. N. Rao,"Learn TypeScript through a object oriented programming focused course, covering key concepts in Programming.",22467,2499,English,"trending, in-demand, beginner-friendly",[]
413,"Generative AI - Advanced Applications (Self-Paced, edX)",AI Specialized,generative ai advanced applications ai specialized,Advanced,30,3.7,Mr. T. Singh,"Learn Generative AI through a advanced applications focused course, covering key concepts in AI Specialized.",27968,4999,Hindi,"industry-recognized, trending, project-based, beginner-friendly","[549, 1848]"
414,"Model Evaluation - Practical Implementation (Crash Course, DataCamp)",Machine Learning,model evaluation practical implementation machine learning,Advanced,2,3.7,Dr. N. Rao,"Learn Model Evaluation through a practical implementation focused course, covering key concepts in Machine Learning.",36491,0,French,"industry-recognized, quiz-included, project-based","[1827, 1872]"
415,"Data Analysis - Industry Applications (Project-Based, Pluralsight)",Data Science,data analysis industry applications data science,Beginner,20,4.8,Dr. L. Fernandes,"Learn Data Analysis through a industry applications focused course, covering key concepts in Data Science.",48427,4999,Hindi,"hands-on, industry-recognized, trending",[]
416,"Kotlin - Concurrency (Crash Course, Pluralsight)",Programming,kotlin concurrency programming,Advanced,12,4.4,Prof. R. Iyer,"Learn Kotlin through a concurrency focused course, covering key concepts in Programming.",3649,499,English + Hindi Subtitles,"hands-on, in-demand, quiz-included","[677, 1933]"
417,"Rust - Object Oriented Programming (Crash Course, DataCamp)",Programming,rust object oriented programming programming,Advanced,30,4.6,Dr. N. Rao,"Learn Rust through a object oriented programming focused course, covering key concepts in Programming.",18877,999,English,"job-ready, project-based, beginner-friendly, industry-recognized","[55, 1497]"
418,"Node.js - Deployment Strategies (Project-Based, Pluralsight)",Web Development,node.js deployment strategies web development,Advanced,30,4.4,Ms. P. Nair,"Learn Node.js through a deployment strategies focused course, covering key concepts in Web Development.",41076,2999,English + Hindi Subtitles,"in-demand, job-ready, certificate, project-based",[1053]
419,"Transformers - Advanced Architectures (Project-Based, Udemy)",Deep Learning,transformers advanced architectures deep learning,Advanced,6,4.3,Prof. M. Khan,"Learn Transformers through a advanced architectures focused course, covering key concepts in Deep Learning.",38113,2999,French,"beginner-friendly, quiz-included",[1252]
420,"Discrete Mathematics - Applied Techniques (Self-Paced, edX)",Statistics & Math,discrete mathematics applied techniques statistics & math,Advanced,4,3.9,Dr. L. Fernandes,"Learn Discrete Mathematics through a applied techniques focused course, covering key concepts in Statistics & Math.",20439,1499,Hindi,"certificate, beginner-friendly",[1302]
421,"Prompt Engineering - Advanced Applications (Project-Based, Udemy)",AI Specialized,prompt engineering advanced applications ai specialized,Advanced,10,4.7,Ms. P. Nair,"Learn Prompt Engineering through a advanced applications focused course, covering key concepts in AI Specialized.",26640,4999,English,"in-demand, hands-on, job-ready",[2098]
422,"Kotlin - Object Oriented Programming (Project-Based, DataCamp)",Programming,kotlin object oriented programming programming,Beginner,15,4.5,Mr. T. Singh,"Learn Kotlin through a object oriented programming focused course, covering key concepts in Programming.",27524,0,Spanish,"industry-recognized, project-based",[]
423,"Kubernetes - Advanced Configuration (Project-Based, Udemy)",Cloud & DevOps,kubernetes advanced configuration cloud & devops,Advanced,8,4.3,Mr. S. Gupta,"Learn Kubernetes through a advanced configuration focused course, covering key concepts in Cloud & DevOps.",21500,2499,Hindi,"beginner-friendly, trending, hands-on, mentor-support","[46, 1110]"
424,"Plotly - Real World Projects (Self-Paced, Coursera)",Data Visualization,plotly real world projects data visualization,Intermediate,2,4.8,Ms. P. Nair,"Learn Plotly through a real world projects focused course, covering key concepts in Data Visualization.",43638,499,Hindi,"in-demand, mentor-support, quiz-included, hands-on","[1287, 1676]"
425,"RNN - Practical Applications (Self-Paced, edX)",Deep Learning,rnn practical applications deep learning,Advanced,6,4.1,Prof. M. Khan,"Learn RNN through a practical applications focused course, covering key concepts in Deep Learning.",35834,999,Spanish,"project-based, certificate, mentor-support, in-demand","[1913, 1953]"
426,"Unsupervised Learning - Practical Implementation (Self-Paced, DataCamp)",Machine Learning,unsupervised learning practical implementation machine learning,Intermediate,12,4.1,Prof. R. Iyer,"Learn Unsupervised Learning through a practical implementation focused course, covering key concepts in Machine Learning.",14347,0,French,"mentor-support, certificate, beginner-friendly",[903]
427,"Vue.js - Best Practices (Crash Course, Coursera)",Web Development,vue.js best practices web development,Beginner,25,4.0,Prof. M. Khan,"Learn Vue.js through a best practices focused course, covering key concepts in Web Development.",49329,499,English + Hindi Subtitles,"project-based, mentor-support",[]
428,"RNN - Case Studies (Project-Based, Coursera)",Deep Learning,rnn case studies deep learning,Advanced,6,3.9,Dr. N. Rao,"Learn RNN through a case studies focused course, covering key concepts in Deep Learning.",33509,1999,English,"beginner-friendly, job-ready",[1315]
429,"React - Building Projects (Project-Based, Pluralsight)",Web Development,react building projects web development,Beginner,2,3.5,Dr. L. Fernandes,"Learn React through a building projects focused course, covering key concepts in Web Development.",28608,2999,Spanish,"hands-on, certificate",[]
430,"Model Evaluation - Fundamentals (Crash Course, Coursera)",Machine Learning,model evaluation fundamentals machine learning,Beginner,15,4.3,Prof. R. Iyer,"Learn Model Evaluation through a fundamentals focused course, covering key concepts in Machine Learning.",5472,1499,French,"hands-on, in-demand, certificate",[]
431,"Ruby - Advanced Concepts (Self-Paced, edX)",Programming,ruby advanced concepts programming,Advanced,25,3.6,Dr. N. Rao,"Learn Ruby through a advanced concepts focused course, covering key concepts in Programming.",5399,1999,French,"quiz-included, hands-on",[793]
432,"Ensemble Methods - Advanced Techniques (Project-Based, Coursera)",Machine Learning,ensemble methods advanced techniques machine learning,Advanced,15,4.7,Dr. L. Fernandes,"Learn Ensemble Methods through a advanced techniques focused course, covering key concepts in Machine Learning.",12988,3999,Spanish,"beginner-friendly, hands-on, quiz-included, certificate",[1689]
433,"A/B Testing - Real World Case Studies (Live Cohort, edX)",Data Science,a/b testing real world case studies data science,Advanced,10,3.9,Mr. T. Singh,"Learn A/B Testing through a real world case studies focused course, covering key concepts in Data Science.",29028,3999,French,"mentor-support, beginner-friendly, hands-on",[1471]
434,"Technical Communication - Real World Scenarios (Live Cohort, Coursera)",Career Skills,technical communication real world scenarios career skills,Advanced,20,4.8,Ms. P. Nair,"Learn Technical Communication through a real world scenarios focused course, covering key concepts in Career Skills.",27127,999,French,"quiz-included, hands-on",[384]
435,"Google Cloud - Production Deployment (Crash Course, DataCamp)",Cloud & DevOps,google cloud production deployment cloud & devops,Advanced,4,4.6,Mr. T. Singh,"Learn Google Cloud through a production deployment focused course, covering key concepts in Cloud & DevOps.",47662,3999,Spanish,"beginner-friendly, certificate",[485]
436,"GANs - Advanced Architectures (Self-Paced, DataCamp)",Deep Learning,gans advanced architectures deep learning,Advanced,2,4.1,Dr. L. Fernandes,"Learn GANs through a advanced architectures focused course, covering key concepts in Deep Learning.",44362,4999,English + Hindi Subtitles,"industry-recognized, in-demand",[1315]
437,"Data Wrangling - Advanced Methods (Self-Paced, DataCamp)",Data Science,data wrangling advanced methods data science,Advanced,20,3.8,Ms. K. Verma,"Learn Data Wrangling through a advanced methods focused course, covering key concepts in Data Science.",20741,2499,Hindi,"quiz-included, mentor-support",[303]
438,"Reinforcement Learning - Hands-on Project (Live Cohort, DataCamp)",Deep Learning,reinforcement learning hands on project deep learning,Beginner,20,4.3,Prof. R. Iyer,"Learn Reinforcement Learning through a hands-on project focused course, covering key concepts in Deep Learning.",30575,0,Hindi,"certificate, in-demand",[]
439,"Kubernetes - Introduction (Live Cohort, DataCamp)",Cloud & DevOps,kubernetes introduction cloud & devops,Beginner,30,3.7,Ms. P. Nair,"Learn Kubernetes through a introduction focused course, covering key concepts in Cloud & DevOps.",7530,1499,Spanish,"trending, quiz-included",[]
440,"Big Data Processing - Intermediate Techniques (Live Cohort, Coursera)",Data Science,big data processing intermediate techniques data science,Beginner,20,4.2,Prof. J. Mehta,"Learn Big Data Processing through a intermediate techniques focused course, covering key concepts in Data Science.",22757,2999,English,"industry-recognized, job-ready",[]
441,"Docker - Fundamentals (Project-Based, DataCamp)",Cloud & DevOps,docker fundamentals cloud & devops,Beginner,4,4.8,Dr. L. Fernandes,"Learn Docker through a fundamentals focused course, covering key concepts in Cloud & DevOps.",19596,1999,English + Hindi Subtitles,"hands-on, beginner-friendly, quiz-included, in-demand",[]
442,"Seaborn - Real World Projects (Project-Based, Coursera)",Data Visualization,seaborn real world projects data visualization,Beginner,15,3.9,Dr. A. Sharma,"Learn Seaborn through a real world projects focused course, covering key concepts in Data Visualization.",6344,2999,English + Hindi Subtitles,"hands-on, industry-recognized, job-ready",[]
443,"Speech Recognition - Introduction (Crash Course, Pluralsight)",AI Specialized,speech recognition introduction ai specialized,Beginner,8,4.5,Prof. R. Iyer,"Learn Speech Recognition through a introduction focused course, covering key concepts in AI Specialized.",26256,3999,French,"beginner-friendly, job-ready",[]
444,"AutoML - Practical Implementation (Self-Paced, LinkedIn Learning)",Machine Learning,automl practical implementation machine learning,Advanced,20,4.5,Ms. K. Verma,"Learn AutoML through a practical implementation focused course, covering key concepts in Machine Learning.",12382,499,English,"certificate, job-ready","[1096, 1845]"
445,"Transfer Learning - Case Studies (Project-Based, LinkedIn Learning)",Deep Learning,transfer learning case studies deep learning,Advanced,25,4.7,Prof. R. Iyer,"Learn Transfer Learning through a case studies focused course, covering key concepts in Deep Learning.",41324,1499,English + Hindi Subtitles,"mentor-support, beginner-friendly, quiz-included, job-ready",[2015]
446,"NumPy - Advanced Methods (Project-Based, LinkedIn Learning)",Data Science,numpy advanced methods data science,Advanced,30,4.2,Ms. P. Nair,"Learn NumPy through a advanced methods focused course, covering key concepts in Data Science.",15330,4999,Hindi,"trending, beginner-friendly",[1697]
447,"Reinforcement Learning - Advanced Architectures (Crash Course, Pluralsight)",Deep Learning,reinforcement learning advanced architectures deep learning,Advanced,12,4.1,Prof. M. Khan,"Learn Reinforcement Learning through a advanced architectures focused course, covering key concepts in Deep Learning.",15151,3999,English,"in-demand, trending, mentor-support","[1404, 1673]"
448,"Natural Language Processing - Fundamentals (Self-Paced, Coursera)",AI Specialized,natural language processing fundamentals ai specialized,Beginner,15,4.5,Prof. R. Iyer,"Learn Natural Language Processing through a fundamentals focused course, covering key concepts in AI Specialized.",29875,3999,English,"job-ready, industry-recognized, mentor-support",[]
449,"Interview Preparation - Practical Guide (Project-Based, DataCamp)",Career Skills,interview preparation practical guide career skills,Advanced,6,4.8,Dr. A. Sharma,"Learn Interview Preparation through a practical guide focused course, covering key concepts in Career Skills.",24076,0,Spanish,"beginner-friendly, certificate, in-demand, trending","[7, 2049]"
450,"A/B Testing - Practical Applications (Crash Course, Coursera)",Data Science,a/b testing practical applications data science,Beginner,12,4.0,Ms. K. Verma,"Learn A/B Testing through a practical applications focused course, covering key concepts in Data Science.",5798,2999,English + Hindi Subtitles,"quiz-included, trending",[]
451,"Rust - Advanced Concepts (Self-Paced, LinkedIn Learning)",Programming,rust advanced concepts programming,Advanced,4,4.5,Ms. P. Nair,"Learn Rust through a advanced concepts focused course, covering key concepts in Programming.",37468,999,English,"beginner-friendly, certificate, in-demand, job-ready",[1853]
452,"Chatbot Development - Advanced Applications (Project-Based, LinkedIn Learning)",AI Specialized,chatbot development advanced applications ai specialized,Advanced,15,5.0,Prof. J. Mehta,"Learn Chatbot Development through a advanced applications focused course, covering key concepts in AI Specialized.",2734,4999,French,"project-based, industry-recognized, mentor-support, in-demand","[295, 1258]"
453,"Time Series Analysis - Intermediate Concepts (Project-Based, Pluralsight)",Statistics & Math,time series analysis intermediate concepts statistics & math,Advanced,25,3.9,Dr. L. Fernandes,"Learn Time Series Analysis through a intermediate concepts focused course, covering key concepts in Statistics & Math.",1209,999,Hindi,"quiz-included, hands-on","[1600, 1812]"
454,"Flask - Deployment Strategies (Live Cohort, Pluralsight)",Web Development,flask deployment strategies web development,Advanced,8,4.5,Dr. L. Fernandes,"Learn Flask through a deployment strategies focused course, covering key concepts in Web Development.",28536,1999,French,"beginner-friendly, project-based, quiz-included",[463]
455,"MongoDB - Intermediate Queries (Crash Course, edX)",Databases,mongodb intermediate queries databases,Advanced,30,4.3,Prof. R. Iyer,"Learn MongoDB through a intermediate queries focused course, covering key concepts in Databases.",42569,499,English + Hindi Subtitles,"job-ready, trending, in-demand",[1410]
456,"Computer Vision - Advanced Applications (Crash Course, Pluralsight)",AI Specialized,computer vision advanced applications ai specialized,Advanced,20,3.6,Ms. K. Verma,"Learn Computer Vision through a advanced applications focused course, covering key concepts in AI Specialized.",15569,4999,Spanish,"mentor-support, job-ready, industry-recognized",[1833]
457,"FastAPI - Full Stack Development (Project-Based, Udemy)",Web Development,fastapi full stack development web development,Advanced,6,3.5,Prof. J. Mehta,"Learn FastAPI through a full stack development focused course, covering key concepts in Web Development.",29772,1999,Spanish,"in-demand, certificate",[1732]
458,"Django - Full Stack Development (Self-Paced, DataCamp)",Web Development,django full stack development web development,Advanced,20,4.2,Dr. L. Fernandes,"Learn Django through a full stack development focused course, covering key concepts in Web Development.",32424,2999,French,"in-demand, mentor-support",[900]
459,"Chatbot Development - Advanced Applications (Live Cohort, Pluralsight)",AI Specialized,chatbot development advanced applications ai specialized,Advanced,20,4.6,Ms. K. Verma,"Learn Chatbot Development through a advanced applications focused course, covering key concepts in AI Specialized.",8636,2499,French,"industry-recognized, job-ready, hands-on, mentor-support",[1882]
460,"Recommendation Systems - Fundamentals (Self-Paced, DataCamp)",AI Specialized,recommendation systems fundamentals ai specialized,Beginner,25,4.0,Dr. L. Fernandes,"Learn Recommendation Systems through a fundamentals focused course, covering key concepts in AI Specialized.",192,2999,Hindi,"industry-recognized, quiz-included, hands-on, trending",[]
461,"GANs - Foundations (Live Cohort, edX)",Deep Learning,gans foundations deep learning,Intermediate,2,4.5,Prof. M. Khan,"Learn GANs through a foundations focused course, covering key concepts in Deep Learning.",49666,2999,Spanish,"in-demand, quiz-included, job-ready, project-based","[655, 1248]"
462,"Data Mining - Practical Applications (Project-Based, Udemy)",Data Science,data mining practical applications data science,Beginner,2,4.5,Ms. K. Verma,"Learn Data Mining through a practical applications focused course, covering key concepts in Data Science.",18473,4999,Hindi,"quiz-included, in-demand, project-based, beginner-friendly",[]
463,"HTML CSS - Best Practices (Crash Course, edX)",Web Development,html css best practices web development,Beginner,25,4.1,Prof. J. Mehta,"Learn HTML CSS through a best practices focused course, covering key concepts in Web Development.",25975,1499,Hindi,"in-demand, project-based, beginner-friendly",[]
464,"Kubernetes - Advanced Configuration (Project-Based, edX)",Cloud & DevOps,kubernetes advanced configuration cloud & devops,Advanced,8,4.5,Ms. K. Verma,"Learn Kubernetes through a advanced configuration focused course, covering key concepts in Cloud & DevOps.",44945,4999,French,"mentor-support, industry-recognized, trending",[1937]
465,"Autoencoders - Foundations (Live Cohort, Coursera)",Deep Learning,autoencoders foundations deep learning,Advanced,30,4.9,Prof. M. Khan,"Learn Autoencoders through a foundations focused course, covering key concepts in Deep Learning.",26685,999,English + Hindi Subtitles,"quiz-included, beginner-friendly","[1782, 2024]"
466,"Plotly - Basics (Self-Paced, LinkedIn Learning)",Data Visualization,plotly basics data visualization,Beginner,25,4.6,Mr. T. Singh,"Learn Plotly through a basics focused course, covering key concepts in Data Visualization.",11808,2499,Spanish,"in-demand, beginner-friendly",[]
467,"Seaborn - Best Practices (Project-Based, Pluralsight)",Data Visualization,seaborn best practices data visualization,Intermediate,30,3.8,Mr. S. Gupta,"Learn Seaborn through a best practices focused course, covering key concepts in Data Visualization.",22650,4999,French,"quiz-included, certificate, industry-recognized, mentor-support","[120, 442]"
468,"Seaborn - Intermediate Techniques (Project-Based, LinkedIn Learning)",Data Visualization,seaborn intermediate techniques data visualization,Advanced,4,4.3,Ms. P. Nair,"Learn Seaborn through a intermediate techniques focused course, covering key concepts in Data Visualization.",24347,2499,English,"job-ready, trending, project-based, industry-recognized",[1344]
469,"TypeScript - Basics (Crash Course, LinkedIn Learning)",Programming,typescript basics programming,Beginner,25,4.0,Prof. J. Mehta,"Learn TypeScript through a basics focused course, covering key concepts in Programming.",21150,3999,English + Hindi Subtitles,"industry-recognized, hands-on, in-demand",[]
470,"Bayesian Inference - Advanced Theory (Self-Paced, Pluralsight)",Statistics & Math,bayesian inference advanced theory statistics & math,Advanced,30,3.7,Dr. L. Fernandes,"Learn Bayesian Inference through a advanced theory focused course, covering key concepts in Statistics & Math.",37961,499,English,"in-demand, job-ready, beginner-friendly",[735]
471,"Regression - Advanced Techniques (Project-Based, Coursera)",Machine Learning,regression advanced techniques machine learning,Advanced,8,4.3,Prof. M. Khan,"Learn Regression through a advanced techniques focused course, covering key concepts in Machine Learning.",38290,1499,English + Hindi Subtitles,"certificate, quiz-included",[1388]
472,"Classification - Optimization Strategies (Project-Based, DataCamp)",Machine Learning,classification optimization strategies machine learning,Advanced,15,4.0,Prof. M. Khan,"Learn Classification through a optimization strategies focused course, covering key concepts in Machine Learning.",19394,3999,English,"quiz-included, industry-recognized, certificate","[119, 822]"
473,"Ruby - Design Patterns (Self-Paced, edX)",Programming,ruby design patterns programming,Beginner,6,4.0,Mr. S. Gupta,"Learn Ruby through a design patterns focused course, covering key concepts in Programming.",27641,3999,French,"industry-recognized, mentor-support",[]
474,"Django - Building Projects (Self-Paced, Udemy)",Web Development,django building projects web development,Intermediate,12,3.6,Prof. J. Mehta,"Learn Django through a building projects focused course, covering key concepts in Web Development.",17566,999,English,"certificate, hands-on, quiz-included",[308]
475,"Graph Databases - Real World Projects (Project-Based, LinkedIn Learning)",Databases,graph databases real world projects databases,Beginner,20,4.1,Dr. L. Fernandes,"Learn Graph Databases through a real world projects focused course, covering key concepts in Databases.",8146,4999,Spanish,"hands-on, beginner-friendly, job-ready, in-demand",[]
476,"Rust - Algorithms (Project-Based, Coursera)",Programming,rust algorithms programming,Intermediate,12,3.7,Dr. L. Fernandes,"Learn Rust through a algorithms focused course, covering key concepts in Programming.",34673,4999,English + Hindi Subtitles,"beginner-friendly, in-demand, quiz-included",[1871]
477,"Feature Engineering - Optimization Strategies (Self-Paced, edX)",Machine Learning,feature engineering optimization strategies machine learning,Advanced,15,4.1,Prof. M. Khan,"Learn Feature Engineering through a optimization strategies focused course, covering key concepts in Machine Learning.",38394,4999,Spanish,"trending, job-ready, project-based",[287]
478,"Java - Design Patterns (Project-Based, Udemy)",Programming,java design patterns programming,Intermediate,6,3.7,Prof. M. Khan,"Learn Java through a design patterns focused course, covering key concepts in Programming.",33587,2499,English + Hindi Subtitles,"quiz-included, mentor-support, in-demand, trending",[143]
479,"Big Data Processing - Intermediate Techniques (Project-Based, Udemy)",Data Science,big data processing intermediate techniques data science,Intermediate,30,3.9,Dr. L. Fernandes,"Learn Big Data Processing through a intermediate techniques focused course, covering key concepts in Data Science.",8597,1999,French,"certificate, mentor-support","[315, 797]"
480,"Robotics - Introduction (Live Cohort, Udemy)",AI Specialized,robotics introduction ai specialized,Beginner,12,3.5,Dr. A. Sharma,"Learn Robotics through a introduction focused course, covering key concepts in AI Specialized.",2732,0,Hindi,"quiz-included, industry-recognized, trending",[]
481,"MySQL - Intermediate Queries (Self-Paced, Coursera)",Databases,mysql intermediate queries databases,Beginner,8,3.7,Prof. R. Iyer,"Learn MySQL through a intermediate queries focused course, covering key concepts in Databases.",21513,2499,English,"hands-on, quiz-included",[]
482,"Team Collaboration - Practical Guide (Project-Based, Coursera)",Career Skills,team collaboration practical guide career skills,Intermediate,20,3.6,Mr. S. Gupta,"Learn Team Collaboration through a practical guide focused course, covering key concepts in Career Skills.",41661,2999,French,"beginner-friendly, certificate, project-based, in-demand",[629]
483,"C++ - Object Oriented Programming (Project-Based, DataCamp)",Programming,c++ object oriented programming programming,Intermediate,25,4.3,Ms. P. Nair,"Learn C++ through a object oriented programming focused course, covering key concepts in Programming.",25435,3999,Hindi,"industry-recognized, mentor-support, job-ready",[405]
484,"Regression - Optimization Strategies (Crash Course, Pluralsight)",Machine Learning,regression optimization strategies machine learning,Advanced,20,4.6,Dr. N. Rao,"Learn Regression through a optimization strategies focused course, covering key concepts in Machine Learning.",42299,2999,Hindi,"hands-on, beginner-friendly, quiz-included, mentor-support",[317]
485,"Terraform - Fundamentals (Project-Based, LinkedIn Learning)",Cloud & DevOps,terraform fundamentals cloud & devops,Beginner,25,5.0,Ms. K. Verma,"Learn Terraform through a fundamentals focused course, covering key concepts in Cloud & DevOps.",24321,1999,Hindi,"trending, industry-recognized",[]
486,"MLOps - Production Deployment (Self-Paced, LinkedIn Learning)",Cloud & DevOps,mlops production deployment cloud & devops,Beginner,25,4.7,Prof. R. Iyer,"Learn MLOps through a production deployment focused course, covering key concepts in Cloud & DevOps.",48453,999,Hindi,"beginner-friendly, industry-recognized",[]
487,"Docker - Introduction (Project-Based, Udemy)",Cloud & DevOps,docker introduction cloud & devops,Beginner,30,3.7,Dr. A. Sharma,"Learn Docker through a introduction focused course, covering key concepts in Cloud & DevOps.",41235,1999,French,"hands-on, mentor-support",[]
488,"Supervised Learning - Practical Implementation (Self-Paced, Pluralsight)",Machine Learning,supervised learning practical implementation machine learning,Advanced,2,4.8,Dr. L. Fernandes,"Learn Supervised Learning through a practical implementation focused course, covering key concepts in Machine Learning.",16189,2999,English + Hindi Subtitles,"beginner-friendly, industry-recognized, job-ready",[1085]
489,"Autoencoders - Practical Applications (Crash Course, LinkedIn Learning)",Deep Learning,autoencoders practical applications deep learning,Intermediate,2,4.3,Mr. T. Singh,"Learn Autoencoders through a practical applications focused course, covering key concepts in Deep Learning.",26628,4999,English,"job-ready, beginner-friendly, trending, in-demand",[101]
490,"Python - Object Oriented Programming (Project-Based, DataCamp)",Programming,python object oriented programming programming,Intermediate,20,4.0,Prof. M. Khan,"Learn Python through a object oriented programming focused course, covering key concepts in Programming.",36983,1999,Spanish,"mentor-support, beginner-friendly","[605, 1731]"
491,"FastAPI - Deployment Strategies (Project-Based, Pluralsight)",Web Development,fastapi deployment strategies web development,Advanced,2,4.0,Prof. J. Mehta,"Learn FastAPI through a deployment strategies focused course, covering key concepts in Web Development.",6063,4999,Spanish,"trending, industry-recognized, certificate","[1219, 1542]"
492,"TypeScript - Best Practices (Crash Course, LinkedIn Learning)",Programming,typescript best practices programming,Intermediate,2,4.3,Ms. K. Verma,"Learn TypeScript through a best practices focused course, covering key concepts in Programming.",47223,3999,English,"job-ready, beginner-friendly, certificate, industry-recognized",[1025]
493,"Explainable AI - Fundamentals (Project-Based, edX)",AI Specialized,explainable ai fundamentals ai specialized,Beginner,8,3.8,Mr. S. Gupta,"Learn Explainable AI through a fundamentals focused course, covering key concepts in AI Specialized.",37144,999,English,"beginner-friendly, in-demand, trending",[]
494,"Serverless Computing - Advanced Configuration (Project-Based, Coursera)",Cloud & DevOps,serverless computing advanced configuration cloud & devops,Advanced,30,4.9,Mr. S. Gupta,"Learn Serverless Computing through a advanced configuration focused course, covering key concepts in Cloud & DevOps.",48711,2999,Hindi,"mentor-support, quiz-included",[486]
495,"Database Design - Intermediate Queries (Self-Paced, Udemy)",Databases,database design intermediate queries databases,Advanced,30,3.6,Dr. N. Rao,"Learn Database Design through a intermediate queries focused course, covering key concepts in Databases.",15634,4999,French,"industry-recognized, beginner-friendly",[115]
496,"Pandas - Best Practices (Crash Course, Pluralsight)",Data Science,pandas best practices data science,Intermediate,12,4.6,Mr. S. Gupta,"Learn Pandas through a best practices focused course, covering key concepts in Data Science.",38003,4999,Hindi,"trending, project-based, in-demand",[1885]
497,"Bayesian Inference - Applied Techniques (Crash Course, edX)",Statistics & Math,bayesian inference applied techniques statistics & math,Intermediate,4,4.2,Mr. T. Singh,"Learn Bayesian Inference through a applied techniques focused course, covering key concepts in Statistics & Math.",48457,3999,Hindi,"mentor-support, project-based",[72]
498,"LSTM - Foundations (Project-Based, LinkedIn Learning)",Deep Learning,lstm foundations deep learning,Beginner,2,4.4,Dr. N. Rao,"Learn LSTM through a foundations focused course, covering key concepts in Deep Learning.",16789,3999,French,"certificate, beginner-friendly, job-ready, project-based",[]
499,"Unsupervised Learning - Advanced Techniques (Self-Paced, DataCamp)",Machine Learning,unsupervised learning advanced techniques machine learning,Advanced,20,3.5,Prof. J. Mehta,"Learn Unsupervised Learning through a advanced techniques focused course, covering key concepts in Machine Learning.",11574,3999,English,"hands-on, quiz-included","[643, 1010]"
500,"Terraform - Hands-on Practice (Live Cohort, edX)",Cloud & DevOps,terraform hands on practice cloud & devops,Beginner,30,4.2,Dr. L. Fernandes,"Learn Terraform through a hands-on practice focused course, covering key concepts in Cloud & DevOps.",32767,499,Hindi,"quiz-included, beginner-friendly, industry-recognized",[]
501,"Django - Best Practices (Crash Course, Coursera)",Web Development,django best practices web development,Beginner,6,3.5,Prof. R. Iyer,"Learn Django through a best practices focused course, covering key concepts in Web Development.",8978,2499,Spanish,"hands-on, trending, industry-recognized, certificate",[]
502,"Azure - Introduction (Self-Paced, DataCamp)",Cloud & DevOps,azure introduction cloud & devops,Beginner,2,4.8,Dr. N. Rao,"Learn Azure through a introduction focused course, covering key concepts in Cloud & DevOps.",36470,3999,French,"job-ready, trending, in-demand, beginner-friendly",[]
503,"Kotlin - Object Oriented Programming (Self-Paced, Coursera)",Programming,kotlin object oriented programming programming,Advanced,8,4.5,Prof. M. Khan,"Learn Kotlin through a object oriented programming focused course, covering key concepts in Programming.",43885,4999,English + Hindi Subtitles,"industry-recognized, trending",[405]
504,"Data Mining - Best Practices (Crash Course, LinkedIn Learning)",Data Science,data mining best practices data science,Intermediate,2,4.7,Dr. A. Sharma,"Learn Data Mining through a best practices focused course, covering key concepts in Data Science.",13387,0,English + Hindi Subtitles,"industry-recognized, mentor-support, certificate",[509]
505,"Attention Mechanisms - Case Studies (Live Cohort, edX)",Deep Learning,attention mechanisms case studies deep learning,Advanced,30,4.0,Mr. T. Singh,"Learn Attention Mechanisms through a case studies focused course, covering key concepts in Deep Learning.",4502,2499,Hindi,"in-demand, certificate","[639, 1248]"
506,"Database Design - Basics (Self-Paced, LinkedIn Learning)",Databases,database design basics databases,Beginner,2,4.7,Prof. J. Mehta,"Learn Database Design through a basics focused course, covering key concepts in Databases.",11125,2499,English,"project-based, industry-recognized",[]
507,"Data Warehousing - Advanced Techniques (Crash Course, Pluralsight)",Databases,data warehousing advanced techniques databases,Advanced,10,4.5,Dr. L. Fernandes,"Learn Data Warehousing through a advanced techniques focused course, covering key concepts in Databases.",12788,0,French,"hands-on, mentor-support",[1599]
508,"Explainable AI - Advanced Applications (Project-Based, Pluralsight)",AI Specialized,explainable ai advanced applications ai specialized,Advanced,4,3.8,Prof. J. Mehta,"Learn Explainable AI through a advanced applications focused course, covering key concepts in AI Specialized.",32909,499,French,"beginner-friendly, mentor-support",[1080]
509,"NumPy - Fundamentals (Project-Based, Udemy)",Data Science,numpy fundamentals data science,Beginner,2,4.4,Ms. K. Verma,"Learn NumPy through a fundamentals focused course, covering key concepts in Data Science.",7723,1499,Hindi,"job-ready, mentor-support",[]
510,"Data Mining - Best Practices (Crash Course, edX)",Data Science,data mining best practices data science,Intermediate,6,3.6,Prof. J. Mehta,"Learn Data Mining through a best practices focused course, covering key concepts in Data Science.",49041,499,English,"mentor-support, in-demand","[607, 1535]"
511,"Database Design - Performance Tuning (Project-Based, LinkedIn Learning)",Databases,database design performance tuning databases,Beginner,6,4.9,Dr. A. Sharma,"Learn Database Design through a performance tuning focused course, covering key concepts in Databases.",8077,0,Spanish,"quiz-included, trending",[]
512,"Angular - Building Projects (Crash Course, Udemy)",Web Development,angular building projects web development,Intermediate,8,3.8,Prof. J. Mehta,"Learn Angular through a building projects focused course, covering key concepts in Web Development.",49090,1499,English,"in-demand, industry-recognized, mentor-support",[673]
513,"Data Cleaning - Practical Applications (Live Cohort, LinkedIn Learning)",Data Science,data cleaning practical applications data science,Intermediate,12,3.8,Dr. A. Sharma,"Learn Data Cleaning through a practical applications focused course, covering key concepts in Data Science.",43425,999,Spanish,"project-based, trending, certificate, job-ready",[375]
514,"Angular - Advanced Patterns (Project-Based, LinkedIn Learning)",Web Development,angular advanced patterns web development,Advanced,6,3.7,Dr. N. Rao,"Learn Angular through a advanced patterns focused course, covering key concepts in Web Development.",1638,4999,Spanish,"trending, beginner-friendly, quiz-included, mentor-support",[463]
515,"Ruby - Data Structures (Crash Course, edX)",Programming,ruby data structures programming,Beginner,30,4.5,Ms. K. Verma,"Learn Ruby through a data structures focused course, covering key concepts in Programming.",9988,1999,Spanish,"hands-on, industry-recognized",[]
516,"HTML CSS - Advanced Patterns (Project-Based, Coursera)",Web Development,html css advanced patterns web development,Advanced,12,5.0,Prof. M. Khan,"Learn HTML CSS through a advanced patterns focused course, covering key concepts in Web Development.",47439,2999,English,"hands-on, industry-recognized, quiz-included, certificate",[327]
517,"MLOps - Advanced Configuration (Self-Paced, Pluralsight)",Cloud & DevOps,mlops advanced configuration cloud & devops,Advanced,30,4.2,Dr. A. Sharma,"Learn MLOps through a advanced configuration focused course, covering key concepts in Cloud & DevOps.",6518,1499,Spanish,"beginner-friendly, project-based",[2002]
518,"Power BI - Basics (Crash Course, Pluralsight)",Data Visualization,power bi basics data visualization,Beginner,8,4.1,Prof. M. Khan,"Learn Power BI through a basics focused course, covering key concepts in Data Visualization.",36174,2499,French,"mentor-support, project-based, beginner-friendly",[]
519,"Public Speaking - Real World Scenarios (Crash Course, Udemy)",Career Skills,public speaking real world scenarios career skills,Beginner,2,3.9,Prof. R. Iyer,"Learn Public Speaking through a real world scenarios focused course, covering key concepts in Career Skills.",48820,999,English,"job-ready, hands-on",[]
520,"Matplotlib - Advanced Dashboards (Crash Course, LinkedIn Learning)",Data Visualization,matplotlib advanced dashboards data visualization,Advanced,4,4.0,Ms. K. Verma,"Learn Matplotlib through a advanced dashboards focused course, covering key concepts in Data Visualization.",31562,1499,French,"project-based, hands-on, beginner-friendly",[932]
521,"Chatbot Development - Advanced Applications (Live Cohort, edX)",AI Specialized,chatbot development advanced applications ai specialized,Advanced,30,3.6,Prof. R. Iyer,"Learn Chatbot Development through a advanced applications focused course, covering key concepts in AI Specialized.",28410,2999,French,"mentor-support, industry-recognized","[256, 549]"
522,"React - Advanced Patterns (Project-Based, LinkedIn Learning)",Web Development,react advanced patterns web development,Advanced,6,4.8,Dr. L. Fernandes,"Learn React through a advanced patterns focused course, covering key concepts in Web Development.",42754,499,English + Hindi Subtitles,"project-based, beginner-friendly, hands-on",[316]
523,"Java - Data Structures (Self-Paced, edX)",Programming,java data structures programming,Beginner,10,3.5,Dr. A. Sharma,"Learn Java through a data structures focused course, covering key concepts in Programming.",8321,0,French,"mentor-support, job-ready, trending",[]
524,"Data Cleaning - Real World Case Studies (Self-Paced, Udemy)",Data Science,data cleaning real world case studies data science,Intermediate,15,4.8,Dr. N. Rao,"Learn Data Cleaning through a real world case studies focused course, covering key concepts in Data Science.",40972,499,English + Hindi Subtitles,"in-demand, quiz-included, trending",[61]
525,"Resume Building - Practical Guide (Project-Based, Pluralsight)",Career Skills,resume building practical guide career skills,Intermediate,15,4.8,Mr. S. Gupta,"Learn Resume Building through a practical guide focused course, covering key concepts in Career Skills.",16617,3999,English,"project-based, job-ready","[1807, 2068]"
526,"Chatbot Development - Fundamentals (Self-Paced, LinkedIn Learning)",AI Specialized,chatbot development fundamentals ai specialized,Beginner,15,3.5,Dr. A. Sharma,"Learn Chatbot Development through a fundamentals focused course, covering key concepts in AI Specialized.",36518,0,English,"certificate, hands-on, industry-recognized, trending",[]
527,"Supervised Learning - Hands-on Project (Project-Based, Coursera)",Machine Learning,supervised learning hands on project machine learning,Advanced,15,4.3,Prof. R. Iyer,"Learn Supervised Learning through a hands-on project focused course, covering key concepts in Machine Learning.",29597,2999,English + Hindi Subtitles,"job-ready, beginner-friendly",[1466]
528,"Team Collaboration - Practical Guide (Self-Paced, Coursera)",Career Skills,team collaboration practical guide career skills,Intermediate,25,3.6,Dr. A. Sharma,"Learn Team Collaboration through a practical guide focused course, covering key concepts in Career Skills.",34022,499,English + Hindi Subtitles,"certificate, beginner-friendly, hands-on",[603]
529,"Speech Recognition - Case Studies (Crash Course, edX)",AI Specialized,speech recognition case studies ai specialized,Advanced,4,5.0,Dr. A. Sharma,"Learn Speech Recognition through a case studies focused course, covering key concepts in AI Specialized.",30523,499,Hindi,"hands-on, mentor-support, job-ready, in-demand","[493, 1962]"
530,"GraphQL - Full Stack Development (Self-Paced, Pluralsight)",Web Development,graphql full stack development web development,Beginner,2,4.2,Mr. S. Gupta,"Learn GraphQL through a full stack development focused course, covering key concepts in Web Development.",21917,499,English,"quiz-included, trending, project-based",[]
531,"Azure - Advanced Configuration (Crash Course, DataCamp)",Cloud & DevOps,azure advanced configuration cloud & devops,Advanced,10,3.8,Ms. P. Nair,"Learn Azure through a advanced configuration focused course, covering key concepts in Cloud & DevOps.",11617,499,Hindi,"hands-on, mentor-support",[1736]
532,"D3.js - Advanced Dashboards (Project-Based, edX)",Data Visualization,d3.js advanced dashboards data visualization,Advanced,12,4.3,Dr. L. Fernandes,"Learn D3.js through a advanced dashboards focused course, covering key concepts in Data Visualization.",44476,2499,Spanish,"mentor-support, project-based, job-ready","[557, 2061]"
533,"PostgreSQL - Real World Projects (Self-Paced, Udemy)",Databases,postgresql real world projects databases,Beginner,8,3.7,Dr. A. Sharma,"Learn PostgreSQL through a real world projects focused course, covering key concepts in Databases.",22023,1499,Hindi,"mentor-support, beginner-friendly, job-ready, trending",[]
534,"Interview Preparation - Best Practices (Self-Paced, Coursera)",Career Skills,interview preparation best practices career skills,Intermediate,15,4.2,Ms. K. Verma,"Learn Interview Preparation through a best practices focused course, covering key concepts in Career Skills.",5322,2499,French,"trending, industry-recognized","[676, 1993]"
535,"HTML CSS - Building Projects (Crash Course, Udemy)",Web Development,html css building projects web development,Beginner,20,3.5,Dr. A. Sharma,"Learn HTML CSS through a building projects focused course, covering key concepts in Web Development.",17582,2999,Spanish,"certificate, project-based, quiz-included",[]
536,"Data Analysis - Advanced Methods (Crash Course, Udemy)",Data Science,data analysis advanced methods data science,Advanced,30,3.5,Prof. R. Iyer,"Learn Data Analysis through a advanced methods focused course, covering key concepts in Data Science.",7783,0,Spanish,"job-ready, in-demand, certificate, beginner-friendly",[1876]
537,"D3.js - Basics (Project-Based, edX)",Data Visualization,d3.js basics data visualization,Beginner,2,3.5,Dr. N. Rao,"Learn D3.js through a basics focused course, covering key concepts in Data Visualization.",38525,1499,French,"certificate, project-based, hands-on, beginner-friendly",[]
538,"AWS - Hands-on Practice (Self-Paced, Coursera)",Cloud & DevOps,aws hands on practice cloud & devops,Beginner,4,4.0,Ms. K. Verma,"Learn AWS through a hands-on practice focused course, covering key concepts in Cloud & DevOps.",2921,1999,French,"trending, hands-on, project-based, quiz-included",[]
539,"Git and Version Control - Practical Guide (Crash Course, Udemy)",Career Skills,git and version control practical guide career skills,Advanced,20,4.9,Ms. P. Nair,"Learn Git and Version Control through a practical guide focused course, covering key concepts in Career Skills.",39871,4999,Spanish,"industry-recognized, certificate, in-demand, job-ready",[188]
540,"Optimization - Intermediate Concepts (Project-Based, Coursera)",Statistics & Math,optimization intermediate concepts statistics & math,Advanced,20,4.5,Ms. P. Nair,"Learn Optimization through a intermediate concepts focused course, covering key concepts in Statistics & Math.",25199,4999,English + Hindi Subtitles,"mentor-support, in-demand",[1702]
541,"Attention Mechanisms - Practical Applications (Crash Course, Coursera)",Deep Learning,attention mechanisms practical applications deep learning,Beginner,6,3.8,Dr. N. Rao,"Learn Attention Mechanisms through a practical applications focused course, covering key concepts in Deep Learning.",3368,3999,Spanish,"project-based, industry-recognized, trending, mentor-support",[]
542,"Terraform - Hands-on Practice (Crash Course, Pluralsight)",Cloud & DevOps,terraform hands on practice cloud & devops,Beginner,12,4.2,Mr. S. Gupta,"Learn Terraform through a hands-on practice focused course, covering key concepts in Cloud & DevOps.",48447,4999,French,"project-based, certificate, job-ready, mentor-support",[]
543,"RNN - Research Perspectives (Live Cohort, LinkedIn Learning)",Deep Learning,rnn research perspectives deep learning,Advanced,4,4.6,Dr. N. Rao,"Learn RNN through a research perspectives focused course, covering key concepts in Deep Learning.",10972,2999,Hindi,"industry-recognized, job-ready","[770, 1018]"
544,"Generative AI - Hands-on Project (Self-Paced, Pluralsight)",AI Specialized,generative ai hands on project ai specialized,Beginner,25,4.2,Dr. L. Fernandes,"Learn Generative AI through a hands-on project focused course, covering key concepts in AI Specialized.",11391,499,English,"hands-on, beginner-friendly, in-demand",[]
545,"PostgreSQL - Basics (Project-Based, Coursera)",Databases,postgresql basics databases,Beginner,10,3.6,Dr. L. Fernandes,"Learn PostgreSQL through a basics focused course, covering key concepts in Databases.",5634,1499,English + Hindi Subtitles,"in-demand, trending, job-ready, certificate",[]
546,"Kotlin - Algorithms (Crash Course, LinkedIn Learning)",Programming,kotlin algorithms programming,Beginner,4,5.0,Dr. A. Sharma,"Learn Kotlin through a algorithms focused course, covering key concepts in Programming.",48053,4999,French,"in-demand, project-based, hands-on, mentor-support",[]
547,"Hypothesis Testing - Practical Examples (Live Cohort, LinkedIn Learning)",Statistics & Math,hypothesis testing practical examples statistics & math,Beginner,25,4.9,Dr. N. Rao,"Learn Hypothesis Testing through a practical examples focused course, covering key concepts in Statistics & Math.",20080,4999,Hindi,"certificate, job-ready",[]
548,"C++ - Data Structures (Self-Paced, Pluralsight)",Programming,c++ data structures programming,Intermediate,25,4.3,Mr. S. Gupta,"Learn C++ through a data structures focused course, covering key concepts in Programming.",37576,3999,French,"job-ready, hands-on, beginner-friendly",[410]
549,"Chatbot Development - Case Studies (Live Cohort, DataCamp)",AI Specialized,chatbot development case studies ai specialized,Beginner,2,3.9,Dr. A. Sharma,"Learn Chatbot Development through a case studies focused course, covering key concepts in AI Specialized.",27595,3999,English + Hindi Subtitles,"certificate, beginner-friendly, industry-recognized",[]
550,"Regression - Real World Case Studies (Project-Based, DataCamp)",Machine Learning,regression real world case studies machine learning,Intermediate,30,3.6,Prof. J. Mehta,"Learn Regression through a real world case studies focused course, covering key concepts in Machine Learning.",26576,499,English,"trending, job-ready",[1827]
551,"Statistics - Applied Techniques (Self-Paced, Pluralsight)",Statistics & Math,statistics applied techniques statistics & math,Advanced,30,3.9,Ms. K. Verma,"Learn Statistics through a applied techniques focused course, covering key concepts in Statistics & Math.",39465,2999,French,"beginner-friendly, job-ready, mentor-support, project-based","[379, 2021]"
552,"Google Cloud - Production Deployment (Project-Based, DataCamp)",Cloud & DevOps,google cloud production deployment cloud & devops,Advanced,20,4.5,Dr. A. Sharma,"Learn Google Cloud through a production deployment focused course, covering key concepts in Cloud & DevOps.",17656,0,French,"industry-recognized, certificate, project-based","[42, 486]"
553,"Statistics - Practical Examples (Crash Course, Udemy)",Statistics & Math,statistics practical examples statistics & math,Beginner,30,4.1,Prof. M. Khan,"Learn Statistics through a practical examples focused course, covering key concepts in Statistics & Math.",28143,0,Spanish,"industry-recognized, beginner-friendly, job-ready, trending",[]
554,"Speech Recognition - Hands-on Project (Self-Paced, Pluralsight)",AI Specialized,speech recognition hands on project ai specialized,Advanced,25,4.3,Prof. M. Khan,"Learn Speech Recognition through a hands-on project focused course, covering key concepts in AI Specialized.",47523,2999,English + Hindi Subtitles,"job-ready, mentor-support",[1849]
555,"Go - Best Practices (Live Cohort, edX)",Programming,go best practices programming,Beginner,10,4.5,Prof. J. Mehta,"Learn Go through a best practices focused course, covering key concepts in Programming.",27782,1999,French,"mentor-support, trending, industry-recognized",[]
556,"Recommendation Systems - Hands-on Project (Crash Course, Udemy)",AI Specialized,recommendation systems hands on project ai specialized,Advanced,10,4.9,Ms. P. Nair,"Learn Recommendation Systems through a hands-on project focused course, covering key concepts in AI Specialized.",1829,1999,Spanish,"project-based, beginner-friendly, certificate, industry-recognized",[376]
557,"Seaborn - Basics (Self-Paced, Pluralsight)",Data Visualization,seaborn basics data visualization,Beginner,2,3.7,Prof. M. Khan,"Learn Seaborn through a basics focused course, covering key concepts in Data Visualization.",6848,2999,Hindi,"quiz-included, industry-recognized",[]
558,"Power BI - Advanced Dashboards (Self-Paced, LinkedIn Learning)",Data Visualization,power bi advanced dashboards data visualization,Advanced,15,3.9,Dr. L. Fernandes,"Learn Power BI through a advanced dashboards focused course, covering key concepts in Data Visualization.",8345,0,French,"industry-recognized, project-based, mentor-support, trending",[611]
559,"Exploratory Data Analysis - Real World Case Studies (Live Cohort, LinkedIn Learning)",Data Science,exploratory data analysis real world case studies data science,Advanced,25,3.8,Dr. A. Sharma,"Learn Exploratory Data Analysis through a real world case studies focused course, covering key concepts in Data Science.",28717,999,English + Hindi Subtitles,"job-ready, beginner-friendly, in-demand",[812]
560,"A/B Testing - Intermediate Techniques (Live Cohort, edX)",Data Science,a/b testing intermediate techniques data science,Advanced,30,3.6,Dr. A. Sharma,"Learn A/B Testing through a intermediate techniques focused course, covering key concepts in Data Science.",40994,499,English,"certificate, industry-recognized, in-demand",[1282]
561,"Infrastructure as Code - Production Deployment (Project-Based, LinkedIn Learning)",Cloud & DevOps,infrastructure as code production deployment cloud & devops,Advanced,8,4.0,Prof. J. Mehta,"Learn Infrastructure as Code through a production deployment focused course, covering key concepts in Cloud & DevOps.",42099,999,Hindi,"mentor-support, certificate, industry-recognized, trending","[841, 1540]"
562,"AWS - Production Deployment (Live Cohort, Coursera)",Cloud & DevOps,aws production deployment cloud & devops,Intermediate,15,4.8,Prof. M. Khan,"Learn AWS through a production deployment focused course, covering key concepts in Cloud & DevOps.",12377,1499,English,"quiz-included, trending, certificate","[1211, 1290]"
563,"Reinforcement Learning - Advanced Architectures (Live Cohort, Coursera)",Deep Learning,reinforcement learning advanced architectures deep learning,Advanced,12,4.7,Dr. A. Sharma,"Learn Reinforcement Learning through a advanced architectures focused course, covering key concepts in Deep Learning.",11001,2499,English + Hindi Subtitles,"job-ready, beginner-friendly, project-based","[1963, 2015]"
564,"Kotlin - Functional Programming (Crash Course, DataCamp)",Programming,kotlin functional programming programming,Beginner,30,3.6,Prof. M. Khan,"Learn Kotlin through a functional programming focused course, covering key concepts in Programming.",42767,0,Hindi,"project-based, in-demand, hands-on, mentor-support",[]
565,"Redis - Performance Tuning (Live Cohort, DataCamp)",Databases,redis performance tuning databases,Advanced,15,4.1,Prof. R. Iyer,"Learn Redis through a performance tuning focused course, covering key concepts in Databases.",30954,3999,English,"beginner-friendly, project-based, hands-on, trending",[1259]
566,"Java - Concurrency (Live Cohort, DataCamp)",Programming,java concurrency programming,Advanced,2,4.8,Mr. T. Singh,"Learn Java through a concurrency focused course, covering key concepts in Programming.",36270,999,English,"certificate, job-ready, project-based",[892]
567,"Discrete Mathematics - Fundamentals (Crash Course, Pluralsight)",Statistics & Math,discrete mathematics fundamentals statistics & math,Beginner,15,4.3,Prof. R. Iyer,"Learn Discrete Mathematics through a fundamentals focused course, covering key concepts in Statistics & Math.",14992,2499,French,"mentor-support, in-demand",[]
568,"Python - Basics (Crash Course, Pluralsight)",Programming,python basics programming,Beginner,10,4.3,Prof. J. Mehta,"Learn Python through a basics focused course, covering key concepts in Programming.",43611,4999,French,"in-demand, mentor-support",[]
569,"Terraform - Advanced Configuration (Live Cohort, edX)",Cloud & DevOps,terraform advanced configuration cloud & devops,Advanced,30,4.3,Dr. N. Rao,"Learn Terraform through a advanced configuration focused course, covering key concepts in Cloud & DevOps.",33358,2999,French,"certificate, quiz-included, trending",[1131]
570,"Tableau - Intermediate Techniques (Self-Paced, Pluralsight)",Data Visualization,tableau intermediate techniques data visualization,Advanced,10,5.0,Dr. A. Sharma,"Learn Tableau through a intermediate techniques focused course, covering key concepts in Data Visualization.",7401,499,French,"in-demand, beginner-friendly","[1960, 2035]"
571,"Data Wrangling - Intermediate Techniques (Self-Paced, Pluralsight)",Data Science,data wrangling intermediate techniques data science,Beginner,20,5.0,Mr. S. Gupta,"Learn Data Wrangling through a intermediate techniques focused course, covering key concepts in Data Science.",45827,2999,English,"certificate, in-demand, job-ready",[]
572,"Data Wrangling - Industry Applications (Live Cohort, Pluralsight)",Data Science,data wrangling industry applications data science,Beginner,15,4.5,Dr. A. Sharma,"Learn Data Wrangling through a industry applications focused course, covering key concepts in Data Science.",15031,4999,French,"industry-recognized, mentor-support, quiz-included",[]
573,"Data Warehousing - Basics (Crash Course, edX)",Databases,data warehousing basics databases,Beginner,8,4.1,Ms. K. Verma,"Learn Data Warehousing through a basics focused course, covering key concepts in Databases.",6704,4999,French,"quiz-included, in-demand, hands-on",[]
574,"AutoML - Hands-on Project (Crash Course, edX)",Machine Learning,automl hands on project machine learning,Intermediate,20,3.5,Dr. A. Sharma,"Learn AutoML through a hands-on project focused course, covering key concepts in Machine Learning.",39086,1999,Hindi,"trending, project-based, beginner-friendly",[586]
575,"Clustering - Real World Case Studies (Project-Based, Coursera)",Machine Learning,clustering real world case studies machine learning,Beginner,10,4.9,Ms. P. Nair,"Learn Clustering through a real world case studies focused course, covering key concepts in Machine Learning.",44872,1999,French,"mentor-support, in-demand, job-ready, industry-recognized",[]
576,"Python - Algorithms (Live Cohort, Coursera)",Programming,python algorithms programming,Beginner,12,4.7,Dr. N. Rao,"Learn Python through a algorithms focused course, covering key concepts in Programming.",10755,0,English + Hindi Subtitles,"mentor-support, quiz-included, job-ready",[]
577,"A/B Testing - Fundamentals (Live Cohort, Pluralsight)",Data Science,a/b testing fundamentals data science,Beginner,20,4.0,Dr. A. Sharma,"Learn A/B Testing through a fundamentals focused course, covering key concepts in Data Science.",37584,3999,English + Hindi Subtitles,"industry-recognized, in-demand, hands-on",[]
578,"NoSQL - Intermediate Queries (Crash Course, DataCamp)",Databases,nosql intermediate queries databases,Intermediate,6,3.9,Prof. M. Khan,"Learn NoSQL through a intermediate queries focused course, covering key concepts in Databases.",17064,2999,Spanish,"beginner-friendly, mentor-support","[481, 1950]"
579,"Node.js - Best Practices (Live Cohort, LinkedIn Learning)",Web Development,node.js best practices web development,Intermediate,10,3.6,Ms. P. Nair,"Learn Node.js through a best practices focused course, covering key concepts in Web Development.",41609,2499,French,"quiz-included, industry-recognized, hands-on, job-ready",[1219]
580,"Tableau - Intermediate Techniques (Crash Course, DataCamp)",Data Visualization,tableau intermediate techniques data visualization,Advanced,15,3.7,Ms. K. Verma,"Learn Tableau through a intermediate techniques focused course, covering key concepts in Data Visualization.",7910,999,Hindi,"beginner-friendly, job-ready, mentor-support",[652]
581,"Classification - Hands-on Project (Project-Based, Pluralsight)",Machine Learning,classification hands on project machine learning,Intermediate,20,4.0,Ms. K. Verma,"Learn Classification through a hands-on project focused course, covering key concepts in Machine Learning.",20859,499,Spanish,"certificate, in-demand",[1872]
582,"NumPy - Hands-on Project (Project-Based, edX)",Data Science,numpy hands on project data science,Beginner,10,4.6,Prof. R. Iyer,"Learn NumPy through a hands-on project focused course, covering key concepts in Data Science.",6198,2499,French,"trending, in-demand, mentor-support",[]
583,"Redis - Performance Tuning (Self-Paced, DataCamp)",Databases,redis performance tuning databases,Beginner,2,4.6,Dr. L. Fernandes,"Learn Redis through a performance tuning focused course, covering key concepts in Databases.",1133,499,Spanish,"trending, mentor-support, job-ready, quiz-included",[]
584,"Freelancing - Best Practices (Self-Paced, Coursera)",Career Skills,freelancing best practices career skills,Intermediate,25,3.7,Prof. R. Iyer,"Learn Freelancing through a best practices focused course, covering key concepts in Career Skills.",11480,2499,Spanish,"project-based, job-ready",[384]
585,"Docker - Introduction (Crash Course, Pluralsight)",Cloud & DevOps,docker introduction cloud & devops,Beginner,6,5.0,Ms. P. Nair,"Learn Docker through a introduction focused course, covering key concepts in Cloud & DevOps.",17393,999,Spanish,"beginner-friendly, certificate",[]
586,"Classification - Hands-on Project (Project-Based, LinkedIn Learning)",Machine Learning,classification hands on project machine learning,Beginner,2,3.8,Dr. N. Rao,"Learn Classification through a hands-on project focused course, covering key concepts in Machine Learning.",15145,3999,English + Hindi Subtitles,"mentor-support, quiz-included",[]
587,"Interview Preparation - Practical Guide (Project-Based, Pluralsight)",Career Skills,interview preparation practical guide career skills,Advanced,30,4.6,Dr. L. Fernandes,"Learn Interview Preparation through a practical guide focused course, covering key concepts in Career Skills.",3301,3999,French,"beginner-friendly, quiz-included, project-based",[193]
588,"Clustering - Fundamentals (Self-Paced, Pluralsight)",Machine Learning,clustering fundamentals machine learning,Beginner,25,3.8,Ms. K. Verma,"Learn Clustering through a fundamentals focused course, covering key concepts in Machine Learning.",8237,4999,Hindi,"quiz-included, project-based, in-demand, mentor-support",[]
589,"A/B Testing - Real World Case Studies (Project-Based, Udemy)",Data Science,a/b testing real world case studies data science,Intermediate,2,3.5,Ms. P. Nair,"Learn A/B Testing through a real world case studies focused course, covering key concepts in Data Science.",16826,1999,English + Hindi Subtitles,"job-ready, quiz-included, beginner-friendly",[1171]
590,"CNN - Case Studies (Live Cohort, LinkedIn Learning)",Deep Learning,cnn case studies deep learning,Beginner,4,3.7,Mr. S. Gupta,"Learn CNN through a case studies focused course, covering key concepts in Deep Learning.",10253,3999,English + Hindi Subtitles,"in-demand, job-ready, certificate, industry-recognized",[]
591,"Bayesian Inference - Applied Techniques (Crash Course, LinkedIn Learning)",Statistics & Math,bayesian inference applied techniques statistics & math,Intermediate,15,4.6,Mr. S. Gupta,"Learn Bayesian Inference through a applied techniques focused course, covering key concepts in Statistics & Math.",43698,1999,Hindi,"beginner-friendly, hands-on, industry-recognized","[860, 2071]"
592,"React - Full Stack Development (Self-Paced, Udemy)",Web Development,react full stack development web development,Advanced,25,4.1,Ms. K. Verma,"Learn React through a full stack development focused course, covering key concepts in Web Development.",4919,3999,English + Hindi Subtitles,"hands-on, trending, in-demand, mentor-support",[1308]
593,"Database Design - Performance Tuning (Crash Course, Coursera)",Databases,database design performance tuning databases,Beginner,30,4.7,Mr. S. Gupta,"Learn Database Design through a performance tuning focused course, covering key concepts in Databases.",2883,1999,English + Hindi Subtitles,"industry-recognized, hands-on, mentor-support, project-based",[]
594,"Rust - Functional Programming (Crash Course, Pluralsight)",Programming,rust functional programming programming,Beginner,12,4.6,Dr. L. Fernandes,"Learn Rust through a functional programming focused course, covering key concepts in Programming.",9641,1999,French,"quiz-included, industry-recognized",[]
595,"Database Design - Intermediate Queries (Project-Based, Coursera)",Databases,database design intermediate queries databases,Intermediate,2,3.6,Prof. R. Iyer,"Learn Database Design through a intermediate queries focused course, covering key concepts in Databases.",33881,499,Spanish,"job-ready, trending, project-based",[733]
596,"Model Evaluation - Advanced Techniques (Live Cohort, edX)",Machine Learning,model evaluation advanced techniques machine learning,Advanced,4,4.8,Prof. M. Khan,"Learn Model Evaluation through a advanced techniques focused course, covering key concepts in Machine Learning.",11438,1999,English + Hindi Subtitles,"quiz-included, project-based, trending",[949]
597,"Data Warehousing - Basics (Crash Course, LinkedIn Learning)",Databases,data warehousing basics databases,Beginner,15,3.6,Dr. L. Fernandes,"Learn Data Warehousing through a basics focused course, covering key concepts in Databases.",13929,4999,English + Hindi Subtitles,"certificate, job-ready, industry-recognized, trending",[]
598,"Technical Communication - Fundamentals (Project-Based, Udemy)",Career Skills,technical communication fundamentals career skills,Beginner,25,3.7,Prof. M. Khan,"Learn Technical Communication through a fundamentals focused course, covering key concepts in Career Skills.",15939,499,Hindi,"job-ready, trending, project-based, mentor-support",[]
599,"Kubernetes - Advanced Configuration (Crash Course, edX)",Cloud & DevOps,kubernetes advanced configuration cloud & devops,Advanced,15,4.7,Prof. J. Mehta,"Learn Kubernetes through a advanced configuration focused course, covering key concepts in Cloud & DevOps.",38113,2999,French,"trending, beginner-friendly, hands-on, in-demand",[923]
600,"Go - Data Structures (Crash Course, LinkedIn Learning)",Programming,go data structures programming,Intermediate,20,4.4,Ms. K. Verma,"Learn Go through a data structures focused course, covering key concepts in Programming.",31564,499,English + Hindi Subtitles,"beginner-friendly, project-based, mentor-support","[1229, 1730]"
601,"Go - Best Practices (Crash Course, Pluralsight)",Programming,go best practices programming,Beginner,2,4.7,Prof. J. Mehta,"Learn Go through a best practices focused course, covering key concepts in Programming.",35568,2999,English + Hindi Subtitles,"project-based, beginner-friendly",[]
602,"FastAPI - Advanced Patterns (Self-Paced, Udemy)",Web Development,fastapi advanced patterns web development,Advanced,25,4.5,Prof. J. Mehta,"Learn FastAPI through a advanced patterns focused course, covering key concepts in Web Development.",29610,999,French,"industry-recognized, certificate",[1901]
603,"Team Collaboration - Best Practices (Live Cohort, Pluralsight)",Career Skills,team collaboration best practices career skills,Beginner,4,5.0,Dr. L. Fernandes,"Learn Team Collaboration through a best practices focused course, covering key concepts in Career Skills.",32915,0,Spanish,"in-demand, industry-recognized",[]
604,"Infrastructure as Code - Fundamentals (Self-Paced, Pluralsight)",Cloud & DevOps,infrastructure as code fundamentals cloud & devops,Beginner,6,4.3,Dr. L. Fernandes,"Learn Infrastructure as Code through a fundamentals focused course, covering key concepts in Cloud & DevOps.",3385,4999,Hindi,"beginner-friendly, certificate",[]
605,"Rust - Testing and Debugging (Crash Course, DataCamp)",Programming,rust testing and debugging programming,Beginner,4,3.5,Mr. S. Gupta,"Learn Rust through a testing and debugging focused course, covering key concepts in Programming.",11666,0,English,"trending, mentor-support",[]
606,"GraphQL - Best Practices (Live Cohort, Coursera)",Web Development,graphql best practices web development,Intermediate,15,4.1,Dr. A. Sharma,"Learn GraphQL through a best practices focused course, covering key concepts in Web Development.",2103,4999,French,"trending, job-ready, mentor-support, hands-on",[746]
607,"NumPy - Real World Case Studies (Project-Based, Coursera)",Data Science,numpy real world case studies data science,Beginner,25,3.6,Dr. N. Rao,"Learn NumPy through a real world case studies focused course, covering key concepts in Data Science.",12559,2499,Spanish,"project-based, hands-on",[]
608,"Kotlin - Object Oriented Programming (Crash Course, LinkedIn Learning)",Programming,kotlin object oriented programming programming,Advanced,8,4.8,Dr. N. Rao,"Learn Kotlin through a object oriented programming focused course, covering key concepts in Programming.",21077,1499,English,"trending, hands-on, job-ready, beginner-friendly",[523]
609,"A/B Testing - Hands-on Project (Self-Paced, Udemy)",Data Science,a/b testing hands on project data science,Intermediate,25,4.5,Mr. S. Gupta,"Learn A/B Testing through a hands-on project focused course, covering key concepts in Data Science.",20784,1999,Spanish,"quiz-included, certificate, hands-on, job-ready",[992]
610,"Data Mining - Real World Case Studies (Live Cohort, Udemy)",Data Science,data mining real world case studies data science,Beginner,2,4.2,Ms. P. Nair,"Learn Data Mining through a real world case studies focused course, covering key concepts in Data Science.",12102,0,English + Hindi Subtitles,"quiz-included, mentor-support, job-ready",[]
611,"D3.js - Basics (Self-Paced, Coursera)",Data Visualization,d3.js basics data visualization,Beginner,4,4.0,Dr. A. Sharma,"Learn D3.js through a basics focused course, covering key concepts in Data Visualization.",28717,2999,Spanish,"project-based, certificate, trending",[]
612,"Unsupervised Learning - Advanced Techniques (Project-Based, edX)",Machine Learning,unsupervised learning advanced techniques machine learning,Advanced,15,4.9,Dr. N. Rao,"Learn Unsupervised Learning through a advanced techniques focused course, covering key concepts in Machine Learning.",5821,499,Hindi,"hands-on, job-ready, quiz-included",[1280]
613,"Time Series Analysis - Advanced Theory (Crash Course, DataCamp)",Statistics & Math,time series analysis advanced theory statistics & math,Advanced,15,4.4,Prof. J. Mehta,"Learn Time Series Analysis through a advanced theory focused course, covering key concepts in Statistics & Math.",17770,3999,English,"in-demand, hands-on, quiz-included, mentor-support",[1562]
614,"Kotlin - Data Structures (Live Cohort, DataCamp)",Programming,kotlin data structures programming,Advanced,8,4.1,Dr. L. Fernandes,"Learn Kotlin through a data structures focused course, covering key concepts in Programming.",13408,1999,French,"mentor-support, trending","[55, 1246]"
615,"AutoML - Hands-on Project (Self-Paced, Pluralsight)",Machine Learning,automl hands on project machine learning,Advanced,30,4.3,Ms. P. Nair,"Learn AutoML through a hands-on project focused course, covering key concepts in Machine Learning.",10590,2999,French,"hands-on, trending, industry-recognized",[1488]
616,"Database Optimization - Basics (Project-Based, LinkedIn Learning)",Databases,database optimization basics databases,Beginner,25,4.2,Dr. L. Fernandes,"Learn Database Optimization through a basics focused course, covering key concepts in Databases.",34231,499,Spanish,"job-ready, certificate, quiz-included, hands-on",[]
617,"Autoencoders - Fundamentals (Project-Based, LinkedIn Learning)",Deep Learning,autoencoders fundamentals deep learning,Beginner,12,4.7,Ms. P. Nair,"Learn Autoencoders through a fundamentals focused course, covering key concepts in Deep Learning.",11986,2499,Spanish,"in-demand, job-ready",[]
618,"Exploratory Data Analysis - Industry Applications (Project-Based, Coursera)",Data Science,exploratory data analysis industry applications data science,Intermediate,2,4.5,Mr. S. Gupta,"Learn Exploratory Data Analysis through a industry applications focused course, covering key concepts in Data Science.",8440,0,English,"mentor-support, quiz-included","[712, 1260]"
619,"Ruby - Testing and Debugging (Project-Based, Udemy)",Programming,ruby testing and debugging programming,Intermediate,25,4.4,Ms. K. Verma,"Learn Ruby through a testing and debugging focused course, covering key concepts in Programming.",25062,0,English + Hindi Subtitles,"trending, hands-on",[1639]
620,"Linear Algebra - Fundamentals (Live Cohort, Udemy)",Statistics & Math,linear algebra fundamentals statistics & math,Beginner,30,4.1,Ms. K. Verma,"Learn Linear Algebra through a fundamentals focused course, covering key concepts in Statistics & Math.",4923,3999,English + Hindi Subtitles,"trending, quiz-included, certificate",[]
621,"Speech Recognition - Fundamentals (Crash Course, DataCamp)",AI Specialized,speech recognition fundamentals ai specialized,Beginner,20,4.2,Dr. N. Rao,"Learn Speech Recognition through a fundamentals focused course, covering key concepts in AI Specialized.",46422,499,Hindi,"project-based, mentor-support, beginner-friendly",[]
622,"Unsupervised Learning - Optimization Strategies (Crash Course, Udemy)",Machine Learning,unsupervised learning optimization strategies machine learning,Advanced,4,4.3,Dr. L. Fernandes,"Learn Unsupervised Learning through a optimization strategies focused course, covering key concepts in Machine Learning.",9630,1999,English,"in-demand, mentor-support, beginner-friendly, industry-recognized","[1321, 1440]"
623,"TypeScript - Functional Programming (Project-Based, Udemy)",Programming,typescript functional programming programming,Intermediate,6,3.7,Prof. J. Mehta,"Learn TypeScript through a functional programming focused course, covering key concepts in Programming.",31445,2499,French,"certificate, job-ready, hands-on, mentor-support",[1716]
624,"GraphQL - Advanced Patterns (Crash Course, Coursera)",Web Development,graphql advanced patterns web development,Advanced,10,4.6,Prof. M. Khan,"Learn GraphQL through a advanced patterns focused course, covering key concepts in Web Development.",17608,999,English,"quiz-included, project-based, in-demand, industry-recognized","[288, 501]"
625,"Unsupervised Learning - Introduction (Self-Paced, edX)",Machine Learning,unsupervised learning introduction machine learning,Beginner,2,4.0,Dr. L. Fernandes,"Learn Unsupervised Learning through a introduction focused course, covering key concepts in Machine Learning.",8434,0,French,"beginner-friendly, quiz-included",[]
626,"Flask - Best Practices (Live Cohort, edX)",Web Development,flask best practices web development,Intermediate,2,4.6,Dr. A. Sharma,"Learn Flask through a best practices focused course, covering key concepts in Web Development.",48274,0,English,"mentor-support, industry-recognized, quiz-included, trending","[1240, 1840]"
627,"Autoencoders - Fundamentals (Crash Course, Coursera)",Deep Learning,autoencoders fundamentals deep learning,Beginner,10,4.9,Mr. T. Singh,"Learn Autoencoders through a fundamentals focused course, covering key concepts in Deep Learning.",11401,1499,Hindi,"job-ready, beginner-friendly, trending",[]
628,"Neural Networks - Foundations (Crash Course, edX)",Deep Learning,neural networks foundations deep learning,Advanced,30,4.0,Dr. N. Rao,"Learn Neural Networks through a foundations focused course, covering key concepts in Deep Learning.",481,0,English,"trending, in-demand, beginner-friendly",[438]
629,"Project Management - Best Practices (Live Cohort, DataCamp)",Career Skills,project management best practices career skills,Beginner,10,4.6,Mr. S. Gupta,"Learn Project Management through a best practices focused course, covering key concepts in Career Skills.",6054,999,Spanish,"mentor-support, trending",[]
630,"Kotlin - Concurrency (Crash Course, LinkedIn Learning)",Programming,kotlin concurrency programming,Intermediate,2,4.2,Dr. A. Sharma,"Learn Kotlin through a concurrency focused course, covering key concepts in Programming.",23181,4999,English,"certificate, quiz-included","[1871, 1935]"
631,"Seaborn - Intermediate Techniques (Self-Paced, LinkedIn Learning)",Data Visualization,seaborn intermediate techniques data visualization,Beginner,30,3.8,Mr. T. Singh,"Learn Seaborn through a intermediate techniques focused course, covering key concepts in Data Visualization.",7307,499,English + Hindi Subtitles,"mentor-support, certificate",[]
632,"Unsupervised Learning - Advanced Techniques (Self-Paced, LinkedIn Learning)",Machine Learning,unsupervised learning advanced techniques machine learning,Advanced,2,4.6,Mr. S. Gupta,"Learn Unsupervised Learning through a advanced techniques focused course, covering key concepts in Machine Learning.",29024,0,French,"industry-recognized, hands-on",[2097]
633,"Exploratory Data Analysis - Industry Applications (Project-Based, Pluralsight)",Data Science,exploratory data analysis industry applications data science,Beginner,20,3.6,Ms. P. Nair,"Learn Exploratory Data Analysis through a industry applications focused course, covering key concepts in Data Science.",39055,2499,English,"job-ready, project-based",[]
634,"JavaScript - Functional Programming (Live Cohort, Pluralsight)",Programming,javascript functional programming programming,Advanced,4,4.8,Prof. J. Mehta,"Learn JavaScript through a functional programming focused course, covering key concepts in Programming.",20614,4999,English + Hindi Subtitles,"project-based, industry-recognized, beginner-friendly, mentor-support",[1319]
635,"JavaScript - Advanced Concepts (Project-Based, LinkedIn Learning)",Programming,javascript advanced concepts programming,Advanced,25,4.2,Prof. J. Mehta,"Learn JavaScript through a advanced concepts focused course, covering key concepts in Programming.",36544,1499,Spanish,"beginner-friendly, project-based, trending",[1462]
636,"JavaScript - Functional Programming (Live Cohort, DataCamp)",Programming,javascript functional programming programming,Intermediate,4,4.1,Prof. R. Iyer,"Learn JavaScript through a functional programming focused course, covering key concepts in Programming.",41071,4999,Hindi,"industry-recognized, project-based, certificate",[192]
637,"D3.js - Intermediate Techniques (Project-Based, Pluralsight)",Data Visualization,d3.js intermediate techniques data visualization,Beginner,4,3.6,Prof. M. Khan,"Learn D3.js through a intermediate techniques focused course, covering key concepts in Data Visualization.",3125,999,English + Hindi Subtitles,"in-demand, mentor-support, industry-recognized, quiz-included",[]
638,"Regression Analysis - Practical Examples (Project-Based, Coursera)",Statistics & Math,regression analysis practical examples statistics & math,Beginner,4,4.2,Dr. N. Rao,"Learn Regression Analysis through a practical examples focused course, covering key concepts in Statistics & Math.",14131,2499,Spanish,"trending, industry-recognized, quiz-included",[]
639,"Transfer Learning - Practical Applications (Self-Paced, Pluralsight)",Deep Learning,transfer learning practical applications deep learning,Beginner,15,4.3,Ms. P. Nair,"Learn Transfer Learning through a practical applications focused course, covering key concepts in Deep Learning.",18041,4999,Spanish,"mentor-support, job-ready",[]
640,"Pandas - Best Practices (Crash Course, LinkedIn Learning)",Data Science,pandas best practices data science,Beginner,30,4.3,Dr. N. Rao,"Learn Pandas through a best practices focused course, covering key concepts in Data Science.",19782,4999,French,"trending, project-based",[]
641,"Infrastructure as Code - Hands-on Practice (Project-Based, DataCamp)",Cloud & DevOps,infrastructure as code hands on practice cloud & devops,Beginner,12,4.7,Ms. P. Nair,"Learn Infrastructure as Code through a hands-on practice focused course, covering key concepts in Cloud & DevOps.",41478,1999,Spanish,"trending, hands-on",[]
642,"Classification - Fundamentals (Self-Paced, Pluralsight)",Machine Learning,classification fundamentals machine learning,Beginner,12,4.0,Mr. T. Singh,"Learn Classification through a fundamentals focused course, covering key concepts in Machine Learning.",29269,1999,English,"quiz-included, job-ready, in-demand",[]
643,"Classification - Fundamentals (Crash Course, edX)",Machine Learning,classification fundamentals machine learning,Beginner,12,3.6,Ms. P. Nair,"Learn Classification through a fundamentals focused course, covering key concepts in Machine Learning.",10600,1499,French,"hands-on, in-demand",[]
644,"Ruby - Advanced Concepts (Project-Based, Udemy)",Programming,ruby advanced concepts programming,Advanced,12,4.9,Prof. M. Khan,"Learn Ruby through a advanced concepts focused course, covering key concepts in Programming.",7171,0,Spanish,"project-based, hands-on, certificate, job-ready",[1818]
645,"AWS - Fundamentals (Live Cohort, DataCamp)",Cloud & DevOps,aws fundamentals cloud & devops,Beginner,4,4.9,Prof. R. Iyer,"Learn AWS through a fundamentals focused course, covering key concepts in Cloud & DevOps.",30473,4999,Spanish,"in-demand, hands-on",[]
646,"Infrastructure as Code - Best Practices (Live Cohort, Pluralsight)",Cloud & DevOps,infrastructure as code best practices cloud & devops,Beginner,12,4.7,Mr. T. Singh,"Learn Infrastructure as Code through a best practices focused course, covering key concepts in Cloud & DevOps.",44844,2999,English,"beginner-friendly, in-demand, hands-on, industry-recognized",[]
647,"Neural Networks - Practical Applications (Self-Paced, Coursera)",Deep Learning,neural networks practical applications deep learning,Advanced,30,4.1,Mr. S. Gupta,"Learn Neural Networks through a practical applications focused course, covering key concepts in Deep Learning.",20802,1999,English,"beginner-friendly, hands-on, certificate, quiz-included","[751, 1719]"
648,"Python - Design Patterns (Project-Based, LinkedIn Learning)",Programming,python design patterns programming,Beginner,6,4.2,Prof. M. Khan,"Learn Python through a design patterns focused course, covering key concepts in Programming.",37236,2499,English,"beginner-friendly, mentor-support",[]
649,"Seaborn - Best Practices (Self-Paced, LinkedIn Learning)",Data Visualization,seaborn best practices data visualization,Advanced,2,3.6,Prof. R. Iyer,"Learn Seaborn through a best practices focused course, covering key concepts in Data Visualization.",22252,1499,Hindi,"in-demand, project-based, job-ready",[367]
650,"Computer Vision - Case Studies (Self-Paced, DataCamp)",AI Specialized,computer vision case studies ai specialized,Advanced,30,4.0,Mr. T. Singh,"Learn Computer Vision through a case studies focused course, covering key concepts in AI Specialized.",18665,0,Spanish,"job-ready, industry-recognized","[118, 2017]"
651,"Java - Basics (Project-Based, Coursera)",Programming,java basics programming,Beginner,6,4.2,Dr. L. Fernandes,"Learn Java through a basics focused course, covering key concepts in Programming.",3395,2499,French,"quiz-included, hands-on, industry-recognized, in-demand",[]
652,"Seaborn - Real World Projects (Live Cohort, LinkedIn Learning)",Data Visualization,seaborn real world projects data visualization,Beginner,2,3.5,Ms. P. Nair,"Learn Seaborn through a real world projects focused course, covering key concepts in Data Visualization.",19014,1499,English + Hindi Subtitles,"hands-on, industry-recognized, certificate, in-demand",[]
653,"Statistics - Intermediate Concepts (Project-Based, edX)",Statistics & Math,statistics intermediate concepts statistics & math,Intermediate,12,3.7,Dr. A. Sharma,"Learn Statistics through a intermediate concepts focused course, covering key concepts in Statistics & Math.",14208,2999,English,"in-demand, project-based, certificate, hands-on",[1242]
654,"Recommendation Systems - Fundamentals (Self-Paced, Udemy)",AI Specialized,recommendation systems fundamentals ai specialized,Beginner,25,3.9,Prof. J. Mehta,"Learn Recommendation Systems through a fundamentals focused course, covering key concepts in AI Specialized.",6296,1499,English + Hindi Subtitles,"in-demand, beginner-friendly, quiz-included, trending",[]
655,"LSTM - Hands-on Project (Project-Based, LinkedIn Learning)",Deep Learning,lstm hands on project deep learning,Beginner,12,4.5,Prof. M. Khan,"Learn LSTM through a hands-on project focused course, covering key concepts in Deep Learning.",9751,0,English + Hindi Subtitles,"certificate, hands-on, trending",[]
656,"A/B Testing - Real World Case Studies (Self-Paced, edX)",Data Science,a/b testing real world case studies data science,Intermediate,20,4.4,Prof. J. Mehta,"Learn A/B Testing through a real world case studies focused course, covering key concepts in Data Science.",1005,0,Spanish,"mentor-support, trending, hands-on, job-ready","[141, 640]"
657,"Natural Language Processing - Case Studies (Live Cohort, Udemy)",AI Specialized,natural language processing case studies ai specialized,Advanced,15,4.6,Mr. T. Singh,"Learn Natural Language Processing through a case studies focused course, covering key concepts in AI Specialized.",17370,0,Hindi,"trending, project-based, beginner-friendly",[549]
658,"Neural Networks - Hands-on Project (Crash Course, Coursera)",Deep Learning,neural networks hands on project deep learning,Advanced,8,4.5,Prof. J. Mehta,"Learn Neural Networks through a hands-on project focused course, covering key concepts in Deep Learning.",19088,1999,French,"quiz-included, industry-recognized, hands-on, job-ready",[639]
659,"Interactive Charts - Real World Projects (Self-Paced, LinkedIn Learning)",Data Visualization,interactive charts real world projects data visualization,Intermediate,20,4.2,Ms. K. Verma,"Learn Interactive Charts through a real world projects focused course, covering key concepts in Data Visualization.",22050,2499,English,"beginner-friendly, quiz-included",[1376]
660,"Prompt Engineering - Fundamentals (Live Cohort, Coursera)",AI Specialized,prompt engineering fundamentals ai specialized,Beginner,2,3.6,Mr. S. Gupta,"Learn Prompt Engineering through a fundamentals focused course, covering key concepts in AI Specialized.",25019,2499,English + Hindi Subtitles,"mentor-support, beginner-friendly",[]
661,"CNN - Research Perspectives (Self-Paced, DataCamp)",Deep Learning,cnn research perspectives deep learning,Advanced,4,4.2,Dr. N. Rao,"Learn CNN through a research perspectives focused course, covering key concepts in Deep Learning.",12193,0,Hindi,"in-demand, beginner-friendly, industry-recognized, mentor-support",[1252]
662,"Excel Visualization - Best Practices (Self-Paced, Udemy)",Data Visualization,excel visualization best practices data visualization,Beginner,10,4.0,Prof. R. Iyer,"Learn Excel Visualization through a best practices focused course, covering key concepts in Data Visualization.",4720,0,English,"hands-on, mentor-support, in-demand, beginner-friendly",[]
663,"CNN - Research Perspectives (Project-Based, LinkedIn Learning)",Deep Learning,cnn research perspectives deep learning,Advanced,2,4.5,Dr. L. Fernandes,"Learn CNN through a research perspectives focused course, covering key concepts in Deep Learning.",36573,2999,French,"industry-recognized, hands-on, beginner-friendly",[1580]
664,"NumPy - Intermediate Techniques (Live Cohort, edX)",Data Science,numpy intermediate techniques data science,Beginner,4,4.1,Mr. T. Singh,"Learn NumPy through a intermediate techniques focused course, covering key concepts in Data Science.",14564,999,French,"project-based, quiz-included",[]
665,"Node.js - Building Projects (Live Cohort, LinkedIn Learning)",Web Development,node.js building projects web development,Intermediate,12,4.6,Prof. J. Mehta,"Learn Node.js through a building projects focused course, covering key concepts in Web Development.",36619,4999,Spanish,"in-demand, beginner-friendly, certificate",[1501]
666,"Model Evaluation - Optimization Strategies (Live Cohort, edX)",Machine Learning,model evaluation optimization strategies machine learning,Advanced,30,4.6,Ms. P. Nair,"Learn Model Evaluation through a optimization strategies focused course, covering key concepts in Machine Learning.",20576,999,Spanish,"industry-recognized, in-demand",[962]
667,"Clustering - Optimization Strategies (Live Cohort, Pluralsight)",Machine Learning,clustering optimization strategies machine learning,Advanced,6,4.7,Ms. K. Verma,"Learn Clustering through a optimization strategies focused course, covering key concepts in Machine Learning.",30137,2499,English + Hindi Subtitles,"beginner-friendly, certificate, project-based, industry-recognized","[874, 1352]"
668,"Reinforcement Learning - Foundations (Project-Based, Udemy)",Deep Learning,reinforcement learning foundations deep learning,Intermediate,2,4.5,Ms. K. Verma,"Learn Reinforcement Learning through a foundations focused course, covering key concepts in Deep Learning.",221,3999,English,"quiz-included, beginner-friendly",[955]
669,"Terraform - Advanced Configuration (Live Cohort, LinkedIn Learning)",Cloud & DevOps,terraform advanced configuration cloud & devops,Advanced,25,3.5,Mr. S. Gupta,"Learn Terraform through a advanced configuration focused course, covering key concepts in Cloud & DevOps.",28425,999,English,"in-demand, beginner-friendly, certificate, trending",[322]
670,"Power BI - Best Practices (Project-Based, Coursera)",Data Visualization,power bi best practices data visualization,Advanced,4,4.3,Mr. T. Singh,"Learn Power BI through a best practices focused course, covering key concepts in Data Visualization.",47518,0,English + Hindi Subtitles,"certificate, mentor-support, in-demand, trending","[367, 1769]"
671,"Agile Methodology - Real World Scenarios (Self-Paced, DataCamp)",Career Skills,agile methodology real world scenarios career skills,Beginner,25,4.2,Dr. L. Fernandes,"Learn Agile Methodology through a real world scenarios focused course, covering key concepts in Career Skills.",24491,2499,French,"certificate, quiz-included, job-ready, trending",[]
672,"C++ - Algorithms (Self-Paced, DataCamp)",Programming,c++ algorithms programming,Intermediate,6,4.6,Prof. R. Iyer,"Learn C++ through a algorithms focused course, covering key concepts in Programming.",25166,4999,French,"hands-on, quiz-included",[1581]
673,"REST API - Full Stack Development (Crash Course, Coursera)",Web Development,rest api full stack development web development,Beginner,20,4.3,Prof. J. Mehta,"Learn REST API through a full stack development focused course, covering key concepts in Web Development.",14302,499,French,"in-demand, beginner-friendly, job-ready",[]
674,"MySQL - Performance Tuning (Project-Based, Udemy)",Databases,mysql performance tuning databases,Beginner,25,3.9,Dr. N. Rao,"Learn MySQL through a performance tuning focused course, covering key concepts in Databases.",3650,499,French,"beginner-friendly, job-ready",[]
675,"Optimization - Intermediate Concepts (Self-Paced, Coursera)",Statistics & Math,optimization intermediate concepts statistics & math,Beginner,2,3.6,Dr. L. Fernandes,"Learn Optimization through a intermediate concepts focused course, covering key concepts in Statistics & Math.",14158,1999,French,"industry-recognized, beginner-friendly",[]
676,"Resume Building - Fundamentals (Self-Paced, Coursera)",Career Skills,resume building fundamentals career skills,Beginner,6,3.6,Prof. R. Iyer,"Learn Resume Building through a fundamentals focused course, covering key concepts in Career Skills.",18331,1999,Spanish,"industry-recognized, beginner-friendly, certificate",[]
677,"Rust - Object Oriented Programming (Live Cohort, edX)",Programming,rust object oriented programming programming,Beginner,15,5.0,Prof. M. Khan,"Learn Rust through a object oriented programming focused course, covering key concepts in Programming.",37982,1499,English,"beginner-friendly, hands-on, in-demand, trending",[]
678,"Excel Visualization - Real World Projects (Live Cohort, Pluralsight)",Data Visualization,excel visualization real world projects data visualization,Advanced,8,5.0,Dr. N. Rao,"Learn Excel Visualization through a real world projects focused course, covering key concepts in Data Visualization.",46968,999,Hindi,"beginner-friendly, job-ready",[806]
679,"Data Cleaning - Intermediate Techniques (Live Cohort, Udemy)",Data Science,data cleaning intermediate techniques data science,Intermediate,12,4.8,Ms. K. Verma,"Learn Data Cleaning through a intermediate techniques focused course, covering key concepts in Data Science.",45727,499,Hindi,"industry-recognized, hands-on, beginner-friendly",[2051]
680,"Chatbot Development - Hands-on Project (Live Cohort, DataCamp)",AI Specialized,chatbot development hands on project ai specialized,Advanced,4,4.1,Dr. A. Sharma,"Learn Chatbot Development through a hands-on project focused course, covering key concepts in AI Specialized.",26833,1999,Spanish,"hands-on, in-demand",[861]
681,"Prompt Engineering - Fundamentals (Crash Course, Udemy)",AI Specialized,prompt engineering fundamentals ai specialized,Beginner,12,4.6,Prof. J. Mehta,"Learn Prompt Engineering through a fundamentals focused course, covering key concepts in AI Specialized.",15276,3999,Spanish,"quiz-included, mentor-support, certificate",[]
682,"Redis - Performance Tuning (Project-Based, Udemy)",Databases,redis performance tuning databases,Advanced,25,3.8,Prof. R. Iyer,"Learn Redis through a performance tuning focused course, covering key concepts in Databases.",44962,0,Hindi,"certificate, mentor-support, in-demand, industry-recognized","[511, 1743]"
683,"Java - Best Practices (Live Cohort, DataCamp)",Programming,java best practices programming,Intermediate,15,4.8,Dr. A. Sharma,"Learn Java through a best practices focused course, covering key concepts in Programming.",10578,4999,Hindi,"hands-on, project-based","[951, 1935]"
684,"PHP - Algorithms (Project-Based, Pluralsight)",Programming,php algorithms programming,Beginner,25,4.7,Prof. R. Iyer,"Learn PHP through a algorithms focused course, covering key concepts in Programming.",40788,2999,Spanish,"beginner-friendly, certificate",[]
685,"Discrete Mathematics - Intermediate Concepts (Project-Based, Udemy)",Statistics & Math,discrete mathematics intermediate concepts statistics & math,Beginner,4,4.1,Dr. A. Sharma,"Learn Discrete Mathematics through a intermediate concepts focused course, covering key concepts in Statistics & Math.",32989,0,English + Hindi Subtitles,"trending, quiz-included, mentor-support",[]
686,"C++ - Design Patterns (Crash Course, DataCamp)",Programming,c++ design patterns programming,Intermediate,20,4.9,Dr. A. Sharma,"Learn C++ through a design patterns focused course, covering key concepts in Programming.",25261,1499,Spanish,"certificate, trending","[39, 1050]"
687,"Regression - Hands-on Project (Self-Paced, Coursera)",Machine Learning,regression hands on project machine learning,Intermediate,12,4.0,Dr. N. Rao,"Learn Regression through a hands-on project focused course, covering key concepts in Machine Learning.",38240,1999,English + Hindi Subtitles,"hands-on, job-ready, mentor-support",[52]
688,"Unsupervised Learning - Introduction (Self-Paced, LinkedIn Learning)",Machine Learning,unsupervised learning introduction machine learning,Beginner,15,5.0,Dr. N. Rao,"Learn Unsupervised Learning through a introduction focused course, covering key concepts in Machine Learning.",39776,1499,Hindi,"mentor-support, quiz-included, hands-on, beginner-friendly",[]
689,"Matplotlib - Advanced Dashboards (Live Cohort, Pluralsight)",Data Visualization,matplotlib advanced dashboards data visualization,Advanced,30,4.1,Mr. T. Singh,"Learn Matplotlib through a advanced dashboards focused course, covering key concepts in Data Visualization.",12586,999,Hindi,"beginner-friendly, mentor-support, certificate",[757]
690,"NumPy - Real World Case Studies (Project-Based, edX)",Data Science,numpy real world case studies data science,Beginner,10,5.0,Dr. N. Rao,"Learn NumPy through a real world case studies focused course, covering key concepts in Data Science.",14334,2999,Hindi,"quiz-included, trending, in-demand, beginner-friendly",[]
691,"Reinforcement Learning - Research Perspectives (Crash Course, LinkedIn Learning)",Deep Learning,reinforcement learning research perspectives deep learning,Advanced,6,3.7,Dr. L. Fernandes,"Learn Reinforcement Learning through a research perspectives focused course, covering key concepts in Deep Learning.",33785,0,French,"job-ready, certificate, mentor-support, trending","[999, 1370]"
692,"Feature Engineering - Real World Case Studies (Self-Paced, DataCamp)",Machine Learning,feature engineering real world case studies machine learning,Advanced,8,4.6,Prof. R. Iyer,"Learn Feature Engineering through a real world case studies focused course, covering key concepts in Machine Learning.",43273,2999,English + Hindi Subtitles,"industry-recognized, trending",[870]
693,"Big Data Processing - Fundamentals (Live Cohort, Pluralsight)",Data Science,big data processing fundamentals data science,Beginner,12,4.7,Ms. K. Verma,"Learn Big Data Processing through a fundamentals focused course, covering key concepts in Data Science.",47346,1999,Spanish,"quiz-included, hands-on",[]
694,"Statistical Analysis - Best Practices (Self-Paced, DataCamp)",Data Science,statistical analysis best practices data science,Intermediate,25,3.9,Mr. S. Gupta,"Learn Statistical Analysis through a best practices focused course, covering key concepts in Data Science.",17237,1499,English,"industry-recognized, certificate, trending, quiz-included","[1260, 1471]"
695,"Kotlin - Algorithms (Project-Based, Coursera)",Programming,kotlin algorithms programming,Intermediate,25,4.2,Dr. A. Sharma,"Learn Kotlin through a algorithms focused course, covering key concepts in Programming.",24651,1999,English + Hindi Subtitles,"mentor-support, project-based, job-ready",[1730]
696,"Database Design - Performance Tuning (Live Cohort, Coursera)",Databases,database design performance tuning databases,Intermediate,20,4.1,Dr. N. Rao,"Learn Database Design through a performance tuning focused course, covering key concepts in Databases.",47450,2499,Hindi,"industry-recognized, mentor-support, quiz-included","[1330, 1599]"
697,"Data Cleaning - Best Practices (Live Cohort, LinkedIn Learning)",Data Science,data cleaning best practices data science,Advanced,20,5.0,Dr. N. Rao,"Learn Data Cleaning through a best practices focused course, covering key concepts in Data Science.",25907,2999,French,"mentor-support, certificate, in-demand, trending","[84, 1842]"
698,"LSTM - Foundations (Live Cohort, Pluralsight)",Deep Learning,lstm foundations deep learning,Intermediate,6,3.6,Prof. M. Khan,"Learn LSTM through a foundations focused course, covering key concepts in Deep Learning.",18863,2499,English,"hands-on, quiz-included, project-based, job-ready","[541, 2059]"
699,"Graph Databases - Intermediate Queries (Crash Course, edX)",Databases,graph databases intermediate queries databases,Beginner,12,3.8,Ms. P. Nair,"Learn Graph Databases through a intermediate queries focused course, covering key concepts in Databases.",39205,999,English + Hindi Subtitles,"in-demand, mentor-support, trending",[]
700,"REST API - Best Practices (Live Cohort, Pluralsight)",Web Development,rest api best practices web development,Intermediate,20,3.8,Mr. S. Gupta,"Learn REST API through a best practices focused course, covering key concepts in Web Development.",1037,3999,English + Hindi Subtitles,"industry-recognized, quiz-included",[1901]
701,"PostgreSQL - Advanced Techniques (Project-Based, Udemy)",Databases,postgresql advanced techniques databases,Advanced,30,5.0,Dr. N. Rao,"Learn PostgreSQL through a advanced techniques focused course, covering key concepts in Databases.",12050,2999,English,"hands-on, project-based, industry-recognized",[59]
702,"Data Analysis - Real World Case Studies (Self-Paced, DataCamp)",Data Science,data analysis real world case studies data science,Beginner,6,4.9,Prof. R. Iyer,"Learn Data Analysis through a real world case studies focused course, covering key concepts in Data Science.",19876,2499,English + Hindi Subtitles,"hands-on, job-ready",[]
703,"Feature Engineering - Hands-on Project (Crash Course, LinkedIn Learning)",Machine Learning,feature engineering hands on project machine learning,Advanced,15,3.8,Mr. T. Singh,"Learn Feature Engineering through a hands-on project focused course, covering key concepts in Machine Learning.",14961,499,English,"trending, certificate","[266, 287]"
704,"Natural Language Processing - Advanced Applications (Project-Based, Udemy)",AI Specialized,natural language processing advanced applications ai specialized,Advanced,25,4.7,Ms. K. Verma,"Learn Natural Language Processing through a advanced applications focused course, covering key concepts in AI Specialized.",9461,499,English,"trending, job-ready, certificate",[1859]
705,"Database Optimization - Intermediate Queries (Project-Based, Pluralsight)",Databases,database optimization intermediate queries databases,Advanced,10,4.0,Mr. S. Gupta,"Learn Database Optimization through a intermediate queries focused course, covering key concepts in Databases.",23923,1999,Hindi,"trending, job-ready, project-based","[481, 1950]"
706,"NumPy - Practical Applications (Crash Course, edX)",Data Science,numpy practical applications data science,Intermediate,20,3.6,Mr. T. Singh,"Learn NumPy through a practical applications focused course, covering key concepts in Data Science.",12863,999,English,"trending, mentor-support, quiz-included, job-ready","[577, 640]"
707,"Supervised Learning - Fundamentals (Project-Based, LinkedIn Learning)",Machine Learning,supervised learning fundamentals machine learning,Beginner,6,3.8,Mr. T. Singh,"Learn Supervised Learning through a fundamentals focused course, covering key concepts in Machine Learning.",30480,3999,Hindi,"mentor-support, in-demand, quiz-included, industry-recognized",[]
708,"Go - Algorithms (Self-Paced, edX)",Programming,go algorithms programming,Beginner,8,4.2,Prof. R. Iyer,"Learn Go through a algorithms focused course, covering key concepts in Programming.",18412,0,English,"quiz-included, beginner-friendly, job-ready, project-based",[]
709,"Flask - Advanced Patterns (Live Cohort, DataCamp)",Web Development,flask advanced patterns web development,Advanced,2,4.9,Prof. M. Khan,"Learn Flask through a advanced patterns focused course, covering key concepts in Web Development.",21480,4999,English,"hands-on, beginner-friendly",[1732]
710,"Data Mining - Best Practices (Self-Paced, edX)",Data Science,data mining best practices data science,Intermediate,6,4.6,Prof. R. Iyer,"Learn Data Mining through a best practices focused course, covering key concepts in Data Science.",20412,999,English + Hindi Subtitles,"industry-recognized, certificate, mentor-support",[1278]
711,"Exploratory Data Analysis - Real World Case Studies (Crash Course, Coursera)",Data Science,exploratory data analysis real world case studies data science,Beginner,30,4.0,Prof. J. Mehta,"Learn Exploratory Data Analysis through a real world case studies focused course, covering key concepts in Data Science.",45520,499,Hindi,"trending, certificate, job-ready",[]
712,"Data Wrangling - Intermediate Techniques (Crash Course, Pluralsight)",Data Science,data wrangling intermediate techniques data science,Beginner,2,3.8,Mr. S. Gupta,"Learn Data Wrangling through a intermediate techniques focused course, covering key concepts in Data Science.",24928,2499,English + Hindi Subtitles,"beginner-friendly, trending, mentor-support, certificate",[]
713,"Feature Engineering - Optimization Strategies (Self-Paced, Coursera)",Machine Learning,feature engineering optimization strategies machine learning,Advanced,2,4.4,Ms. K. Verma,"Learn Feature Engineering through a optimization strategies focused course, covering key concepts in Machine Learning.",37873,3999,Hindi,"beginner-friendly, quiz-included, trending",[1388]
714,"RNN - Advanced Architectures (Crash Course, Coursera)",Deep Learning,rnn advanced architectures deep learning,Advanced,8,4.9,Ms. K. Verma,"Learn RNN through a advanced architectures focused course, covering key concepts in Deep Learning.",11224,999,Spanish,"in-demand, industry-recognized",[284]
715,"Clustering - Introduction (Crash Course, Udemy)",Machine Learning,clustering introduction machine learning,Beginner,25,4.4,Ms. K. Verma,"Learn Clustering through a introduction focused course, covering key concepts in Machine Learning.",243,1999,English + Hindi Subtitles,"industry-recognized, quiz-included, in-demand",[]
716,"Pandas - Advanced Methods (Live Cohort, Pluralsight)",Data Science,pandas advanced methods data science,Advanced,8,4.1,Prof. R. Iyer,"Learn Pandas through a advanced methods focused course, covering key concepts in Data Science.",33394,2499,English,"mentor-support, certificate, hands-on",[577]
717,"Reinforcement Learning - Research Perspectives (Live Cohort, Udemy)",Deep Learning,reinforcement learning research perspectives deep learning,Advanced,20,3.6,Ms. K. Verma,"Learn Reinforcement Learning through a research perspectives focused course, covering key concepts in Deep Learning.",25649,3999,English,"beginner-friendly, industry-recognized, mentor-support, hands-on",[826]
718,"Transformers - Advanced Architectures (Self-Paced, Pluralsight)",Deep Learning,transformers advanced architectures deep learning,Advanced,2,4.2,Ms. K. Verma,"Learn Transformers through a advanced architectures focused course, covering key concepts in Deep Learning.",26130,499,English + Hindi Subtitles,"trending, industry-recognized, beginner-friendly, quiz-included",[890]
719,"Data Ethics and Privacy - Fundamentals (Project-Based, LinkedIn Learning)",Career Skills,data ethics and privacy fundamentals career skills,Beginner,4,4.9,Mr. T. Singh,"Learn Data Ethics and Privacy through a fundamentals focused course, covering key concepts in Career Skills.",43811,2999,English + Hindi Subtitles,"project-based, mentor-support, job-ready, certificate",[]
720,"Rust - Design Patterns (Project-Based, Udemy)",Programming,rust design patterns programming,Intermediate,20,4.6,Ms. K. Verma,"Learn Rust through a design patterns focused course, covering key concepts in Programming.",9662,1499,Hindi,"beginner-friendly, in-demand, trending, quiz-included",[2048]
721,"MongoDB - Advanced Techniques (Live Cohort, DataCamp)",Databases,mongodb advanced techniques databases,Advanced,2,4.5,Prof. J. Mehta,"Learn MongoDB through a advanced techniques focused course, covering key concepts in Databases.",19288,1999,Hindi,"trending, beginner-friendly, in-demand","[854, 1109]"
722,"SQL - Advanced Techniques (Live Cohort, Coursera)",Databases,sql advanced techniques databases,Advanced,12,4.1,Ms. P. Nair,"Learn SQL through a advanced techniques focused course, covering key concepts in Databases.",12145,2499,Hindi,"hands-on, mentor-support, industry-recognized","[51, 1681]"
723,"AWS - Production Deployment (Project-Based, DataCamp)",Cloud & DevOps,aws production deployment cloud & devops,Advanced,20,4.8,Mr. S. Gupta,"Learn AWS through a production deployment focused course, covering key concepts in Cloud & DevOps.",4519,499,French,"project-based, mentor-support",[1110]
724,"Supervised Learning - Advanced Techniques (Self-Paced, DataCamp)",Machine Learning,supervised learning advanced techniques machine learning,Advanced,20,3.9,Mr. S. Gupta,"Learn Supervised Learning through a advanced techniques focused course, covering key concepts in Machine Learning.",563,3999,English + Hindi Subtitles,"trending, project-based",[588]
725,"Power BI - Intermediate Techniques (Crash Course, Udemy)",Data Visualization,power bi intermediate techniques data visualization,Beginner,25,4.0,Dr. A. Sharma,"Learn Power BI through a intermediate techniques focused course, covering key concepts in Data Visualization.",43403,499,Hindi,"beginner-friendly, mentor-support, hands-on",[]
726,"Database Design - Advanced Techniques (Live Cohort, Udemy)",Databases,database design advanced techniques databases,Advanced,10,4.5,Mr. S. Gupta,"Learn Database Design through a advanced techniques focused course, covering key concepts in Databases.",37565,3999,English + Hindi Subtitles,"certificate, quiz-included, project-based","[293, 1009]"
727,"HTML CSS - Best Practices (Project-Based, Udemy)",Web Development,html css best practices web development,Intermediate,2,4.0,Dr. N. Rao,"Learn HTML CSS through a best practices focused course, covering key concepts in Web Development.",37418,499,Hindi,"certificate, quiz-included, in-demand, industry-recognized","[927, 1588]"
728,"GraphQL - Deployment Strategies (Self-Paced, Pluralsight)",Web Development,graphql deployment strategies web development,Advanced,10,3.6,Prof. J. Mehta,"Learn GraphQL through a deployment strategies focused course, covering key concepts in Web Development.",44270,2499,English + Hindi Subtitles,"project-based, hands-on, certificate","[1219, 1828]"
729,"Ruby - Testing and Debugging (Self-Paced, Pluralsight)",Programming,ruby testing and debugging programming,Advanced,15,4.4,Mr. S. Gupta,"Learn Ruby through a testing and debugging focused course, covering key concepts in Programming.",38877,2499,Spanish,"job-ready, quiz-included, beginner-friendly, hands-on",[1103]
730,"Data Storytelling - Best Practices (Self-Paced, DataCamp)",Data Visualization,data storytelling best practices data visualization,Intermediate,2,4.7,Dr. A. Sharma,"Learn Data Storytelling through a best practices focused course, covering key concepts in Data Visualization.",16771,999,Spanish,"hands-on, certificate","[909, 1873]"
731,"REST API - Best Practices (Live Cohort, Coursera)",Web Development,rest api best practices web development,Advanced,20,3.6,Prof. R. Iyer,"Learn REST API through a best practices focused course, covering key concepts in Web Development.",9958,1999,English,"in-demand, industry-recognized",[1784]
732,"Data Cleaning - Advanced Methods (Live Cohort, Coursera)",Data Science,data cleaning advanced methods data science,Advanced,15,4.9,Prof. J. Mehta,"Learn Data Cleaning through a advanced methods focused course, covering key concepts in Data Science.",26595,3999,French,"job-ready, mentor-support, hands-on, project-based",[582]
733,"SQL - Basics (Project-Based, Pluralsight)",Databases,sql basics databases,Beginner,25,4.2,Prof. R. Iyer,"Learn SQL through a basics focused course, covering key concepts in Databases.",10961,2999,Spanish,"industry-recognized, certificate, beginner-friendly",[]
734,"Ruby - Testing and Debugging (Live Cohort, Pluralsight)",Programming,ruby testing and debugging programming,Beginner,20,4.5,Dr. A. Sharma,"Learn Ruby through a testing and debugging focused course, covering key concepts in Programming.",30321,2499,French,"trending, job-ready, mentor-support, beginner-friendly",[]
735,"Discrete Mathematics - Intermediate Concepts (Crash Course, LinkedIn Learning)",Statistics & Math,discrete mathematics intermediate concepts statistics & math,Beginner,8,4.9,Prof. J. Mehta,"Learn Discrete Mathematics through a intermediate concepts focused course, covering key concepts in Statistics & Math.",45912,1999,Hindi,"in-demand, certificate",[]
736,"Interview Preparation - Fundamentals (Self-Paced, DataCamp)",Career Skills,interview preparation fundamentals career skills,Beginner,15,4.0,Mr. S. Gupta,"Learn Interview Preparation through a fundamentals focused course, covering key concepts in Career Skills.",2173,4999,French,"quiz-included, beginner-friendly, industry-recognized, hands-on",[]
737,"Supervised Learning - Practical Implementation (Project-Based, LinkedIn Learning)",Machine Learning,supervised learning practical implementation machine learning,Beginner,2,3.7,Prof. J. Mehta,"Learn Supervised Learning through a practical implementation focused course, covering key concepts in Machine Learning.",4688,2499,English,"job-ready, mentor-support, project-based",[]
738,"Google Cloud - Best Practices (Self-Paced, Pluralsight)",Cloud & DevOps,google cloud best practices cloud & devops,Intermediate,30,4.5,Dr. N. Rao,"Learn Google Cloud through a best practices focused course, covering key concepts in Cloud & DevOps.",31603,0,English,"beginner-friendly, mentor-support",[1366]
739,"Chatbot Development - Introduction (Crash Course, edX)",AI Specialized,chatbot development introduction ai specialized,Beginner,25,4.2,Dr. N. Rao,"Learn Chatbot Development through a introduction focused course, covering key concepts in AI Specialized.",20412,4999,Spanish,"mentor-support, project-based, job-ready",[]
740,"Recommendation Systems - Case Studies (Self-Paced, DataCamp)",AI Specialized,recommendation systems case studies ai specialized,Advanced,20,4.9,Prof. R. Iyer,"Learn Recommendation Systems through a case studies focused course, covering key concepts in AI Specialized.",27661,1499,Spanish,"mentor-support, hands-on, project-based",[1148]
741,"Serverless Computing - Advanced Configuration (Project-Based, edX)",Cloud & DevOps,serverless computing advanced configuration cloud & devops,Advanced,2,3.5,Mr. S. Gupta,"Learn Serverless Computing through a advanced configuration focused course, covering key concepts in Cloud & DevOps.",23284,2499,Hindi,"industry-recognized, hands-on, mentor-support",[42]
742,"C++ - Design Patterns (Crash Course, Pluralsight)",Programming,c++ design patterns programming,Intermediate,30,4.1,Ms. K. Verma,"Learn C++ through a design patterns focused course, covering key concepts in Programming.",30585,3999,English,"in-demand, quiz-included",[1524]
743,"A/B Testing - Fundamentals (Project-Based, Udemy)",Data Science,a/b testing fundamentals data science,Beginner,6,4.4,Ms. P. Nair,"Learn A/B Testing through a fundamentals focused course, covering key concepts in Data Science.",14747,2499,Hindi,"quiz-included, job-ready",[]
744,"MongoDB - Advanced Techniques (Crash Course, edX)",Databases,mongodb advanced techniques databases,Advanced,2,3.8,Prof. M. Khan,"Learn MongoDB through a advanced techniques focused course, covering key concepts in Databases.",7366,999,French,"job-ready, mentor-support",[1395]
745,"Recommendation Systems - Case Studies (Crash Course, edX)",AI Specialized,recommendation systems case studies ai specialized,Advanced,8,4.1,Mr. S. Gupta,"Learn Recommendation Systems through a case studies focused course, covering key concepts in AI Specialized.",5285,2499,French,"trending, in-demand, quiz-included","[321, 398]"
746,"Vue.js - Fundamentals (Live Cohort, Udemy)",Web Development,vue.js fundamentals web development,Beginner,30,4.1,Dr. N. Rao,"Learn Vue.js through a fundamentals focused course, covering key concepts in Web Development.",27278,2999,Hindi,"quiz-included, project-based, trending",[]
747,"Chatbot Development - Hands-on Project (Project-Based, edX)",AI Specialized,chatbot development hands on project ai specialized,Advanced,8,4.0,Dr. N. Rao,"Learn Chatbot Development through a hands-on project focused course, covering key concepts in AI Specialized.",4933,1999,French,"mentor-support, industry-recognized","[268, 376]"
748,"React - Best Practices (Project-Based, Coursera)",Web Development,react best practices web development,Advanced,8,4.8,Dr. N. Rao,"Learn React through a best practices focused course, covering key concepts in Web Development.",18224,3999,English + Hindi Subtitles,"in-demand, project-based",[501]
749,"Regression - Real World Case Studies (Project-Based, Udemy)",Machine Learning,regression real world case studies machine learning,Intermediate,10,3.5,Dr. L. Fernandes,"Learn Regression through a real world case studies focused course, covering key concepts in Machine Learning.",11378,999,Hindi,"in-demand, quiz-included",[1654]
750,"PHP - Testing and Debugging (Live Cohort, Pluralsight)",Programming,php testing and debugging programming,Advanced,15,3.7,Mr. T. Singh,"Learn PHP through a testing and debugging focused course, covering key concepts in Programming.",47568,1499,French,"trending, in-demand, project-based, hands-on",[1948]
751,"CNN - Practical Applications (Live Cohort, Udemy)",Deep Learning,cnn practical applications deep learning,Beginner,6,3.7,Dr. A. Sharma,"Learn CNN through a practical applications focused course, covering key concepts in Deep Learning.",49973,3999,Hindi,"beginner-friendly, certificate",[]
752,"Kotlin - Object Oriented Programming (Self-Paced, LinkedIn Learning)",Programming,kotlin object oriented programming programming,Intermediate,2,4.2,Dr. N. Rao,"Learn Kotlin through a object oriented programming focused course, covering key concepts in Programming.",34135,2499,Hindi,"mentor-support, quiz-included, trending","[892, 2006]"
753,"Data Wrangling - Advanced Methods (Self-Paced, Pluralsight)",Data Science,data wrangling advanced methods data science,Advanced,30,3.7,Ms. K. Verma,"Learn Data Wrangling through a advanced methods focused course, covering key concepts in Data Science.",2593,1499,English,"project-based, in-demand","[440, 1220]"
754,"Clustering - Practical Implementation (Project-Based, LinkedIn Learning)",Machine Learning,clustering practical implementation machine learning,Advanced,15,4.8,Ms. P. Nair,"Learn Clustering through a practical implementation focused course, covering key concepts in Machine Learning.",4350,999,French,"in-demand, hands-on","[737, 1285]"
755,"Regression - Hands-on Project (Crash Course, Pluralsight)",Machine Learning,regression hands on project machine learning,Beginner,6,4.8,Prof. M. Khan,"Learn Regression through a hands-on project focused course, covering key concepts in Machine Learning.",7138,999,English,"job-ready, quiz-included",[]
756,"Robotics - Introduction (Crash Course, Pluralsight)",AI Specialized,robotics introduction ai specialized,Beginner,15,4.8,Dr. L. Fernandes,"Learn Robotics through a introduction focused course, covering key concepts in AI Specialized.",46482,2999,Hindi,"in-demand, quiz-included, job-ready",[]
757,"Plotly - Best Practices (Crash Course, Udemy)",Data Visualization,plotly best practices data visualization,Beginner,25,4.9,Prof. R. Iyer,"Learn Plotly through a best practices focused course, covering key concepts in Data Visualization.",37745,1499,English,"quiz-included, trending, project-based",[]
758,"Go - Design Patterns (Live Cohort, LinkedIn Learning)",Programming,go design patterns programming,Beginner,10,4.5,Ms. P. Nair,"Learn Go through a design patterns focused course, covering key concepts in Programming.",25570,1499,English,"industry-recognized, trending",[]
759,"Bayesian Inference - Intermediate Concepts (Live Cohort, DataCamp)",Statistics & Math,bayesian inference intermediate concepts statistics & math,Advanced,12,3.6,Mr. S. Gupta,"Learn Bayesian Inference through a intermediate concepts focused course, covering key concepts in Statistics & Math.",19589,999,Hindi,"beginner-friendly, in-demand, hands-on",[1702]
760,"Power BI - Real World Projects (Project-Based, DataCamp)",Data Visualization,power bi real world projects data visualization,Beginner,8,4.0,Dr. N. Rao,"Learn Power BI through a real world projects focused course, covering key concepts in Data Visualization.",12150,1999,Spanish,"certificate, hands-on",[]
761,"AWS - Advanced Configuration (Self-Paced, edX)",Cloud & DevOps,aws advanced configuration cloud & devops,Advanced,8,4.5,Prof. J. Mehta,"Learn AWS through a advanced configuration focused course, covering key concepts in Cloud & DevOps.",27392,4999,Spanish,"hands-on, in-demand, quiz-included, job-ready",[841]
762,"Discrete Mathematics - Applied Techniques (Self-Paced, DataCamp)",Statistics & Math,discrete mathematics applied techniques statistics & math,Advanced,6,4.4,Dr. N. Rao,"Learn Discrete Mathematics through a applied techniques focused course, covering key concepts in Statistics & Math.",25147,0,Hindi,"certificate, job-ready, trending, beginner-friendly","[956, 983]"
763,"Speech Recognition - Advanced Applications (Live Cohort, Pluralsight)",AI Specialized,speech recognition advanced applications ai specialized,Advanced,20,3.9,Dr. A. Sharma,"Learn Speech Recognition through a advanced applications focused course, covering key concepts in AI Specialized.",19948,1499,English + Hindi Subtitles,"beginner-friendly, industry-recognized",[952]
764,"Infrastructure as Code - Best Practices (Project-Based, edX)",Cloud & DevOps,infrastructure as code best practices cloud & devops,Advanced,12,4.9,Ms. K. Verma,"Learn Infrastructure as Code through a best practices focused course, covering key concepts in Cloud & DevOps.",10765,4999,French,"mentor-support, in-demand, quiz-included","[1290, 2052]"
765,"Data Cleaning - Intermediate Techniques (Crash Course, DataCamp)",Data Science,data cleaning intermediate techniques data science,Beginner,20,4.6,Ms. K. Verma,"Learn Data Cleaning through a intermediate techniques focused course, covering key concepts in Data Science.",13189,1499,Hindi,"beginner-friendly, industry-recognized, hands-on, certificate",[]
766,"Go - Functional Programming (Live Cohort, Coursera)",Programming,go functional programming programming,Beginner,6,4.0,Prof. J. Mehta,"Learn Go through a functional programming focused course, covering key concepts in Programming.",7215,1499,Hindi,"industry-recognized, hands-on",[]
767,"Azure - Introduction (Live Cohort, edX)",Cloud & DevOps,azure introduction cloud & devops,Beginner,8,3.8,Ms. P. Nair,"Learn Azure through a introduction focused course, covering key concepts in Cloud & DevOps.",30850,3999,English,"certificate, mentor-support, job-ready, beginner-friendly",[]
768,"Graph Databases - Real World Projects (Self-Paced, edX)",Databases,graph databases real world projects databases,Beginner,20,4.8,Ms. K. Verma,"Learn Graph Databases through a real world projects focused course, covering key concepts in Databases.",31501,2499,English + Hindi Subtitles,"hands-on, beginner-friendly",[]
769,"Rust - Best Practices (Project-Based, DataCamp)",Programming,rust best practices programming,Intermediate,12,3.8,Prof. R. Iyer,"Learn Rust through a best practices focused course, covering key concepts in Programming.",11490,1499,French,"project-based, job-ready, beginner-friendly, certificate",[1349]
770,"LSTM - Practical Applications (Self-Paced, edX)",Deep Learning,lstm practical applications deep learning,Beginner,8,3.9,Ms. K. Verma,"Learn LSTM through a practical applications focused course, covering key concepts in Deep Learning.",3208,999,French,"job-ready, certificate, hands-on",[]
771,"Linear Algebra - Applied Techniques (Crash Course, Pluralsight)",Statistics & Math,linear algebra applied techniques statistics & math,Beginner,20,4.6,Ms. K. Verma,"Learn Linear Algebra through a applied techniques focused course, covering key concepts in Statistics & Math.",43529,999,English + Hindi Subtitles,"quiz-included, hands-on",[]
772,"Data Cleaning - Advanced Methods (Project-Based, Pluralsight)",Data Science,data cleaning advanced methods data science,Advanced,15,4.9,Dr. N. Rao,"Learn Data Cleaning through a advanced methods focused course, covering key concepts in Data Science.",43440,4999,Spanish,"certificate, job-ready, trending, beginner-friendly",[1605]
773,"Data Ethics and Privacy - Practical Guide (Crash Course, Udemy)",Career Skills,data ethics and privacy practical guide career skills,Intermediate,15,3.7,Prof. J. Mehta,"Learn Data Ethics and Privacy through a practical guide focused course, covering key concepts in Career Skills.",12135,1999,English,"quiz-included, trending, industry-recognized",[2042]
774,"Seaborn - Intermediate Techniques (Project-Based, Pluralsight)",Data Visualization,seaborn intermediate techniques data visualization,Advanced,20,3.7,Mr. T. Singh,"Learn Seaborn through a intermediate techniques focused course, covering key concepts in Data Visualization.",41367,999,English + Hindi Subtitles,"certificate, beginner-friendly, trending, job-ready",[1503]
775,"SQL - Advanced Techniques (Self-Paced, Pluralsight)",Databases,sql advanced techniques databases,Advanced,2,4.7,Prof. J. Mehta,"Learn SQL through a advanced techniques focused course, covering key concepts in Databases.",45244,2499,Spanish,"trending, project-based, in-demand","[45, 1528]"
776,"Seaborn - Advanced Dashboards (Crash Course, DataCamp)",Data Visualization,seaborn advanced dashboards data visualization,Advanced,6,4.9,Mr. T. Singh,"Learn Seaborn through a advanced dashboards focused course, covering key concepts in Data Visualization.",16475,1499,Spanish,"certificate, beginner-friendly, in-demand, job-ready",[2061]
777,"Data Ethics and Privacy - Fundamentals (Crash Course, Udemy)",Career Skills,data ethics and privacy fundamentals career skills,Beginner,4,3.6,Dr. A. Sharma,"Learn Data Ethics and Privacy through a fundamentals focused course, covering key concepts in Career Skills.",7963,4999,Spanish,"hands-on, industry-recognized, quiz-included, job-ready",[]
778,"Database Design - Performance Tuning (Project-Based, edX)",Databases,database design performance tuning databases,Advanced,15,4.7,Prof. J. Mehta,"Learn Database Design through a performance tuning focused course, covering key concepts in Databases.",3426,499,Spanish,"job-ready, project-based",[674]
779,"Data Ethics and Privacy - Practical Guide (Self-Paced, Udemy)",Career Skills,data ethics and privacy practical guide career skills,Advanced,2,4.7,Mr. S. Gupta,"Learn Data Ethics and Privacy through a practical guide focused course, covering key concepts in Career Skills.",39357,999,English + Hindi Subtitles,"in-demand, project-based",[354]
780,"LSTM - Practical Applications (Crash Course, LinkedIn Learning)",Deep Learning,lstm practical applications deep learning,Advanced,12,3.8,Prof. M. Khan,"Learn LSTM through a practical applications focused course, covering key concepts in Deep Learning.",48333,499,Spanish,"beginner-friendly, in-demand",[1122]
781,"Classification - Optimization Strategies (Self-Paced, Udemy)",Machine Learning,classification optimization strategies machine learning,Advanced,20,4.9,Dr. N. Rao,"Learn Classification through a optimization strategies focused course, covering key concepts in Machine Learning.",16519,1499,French,"beginner-friendly, in-demand, hands-on","[588, 737]"
782,"GraphQL - Building Projects (Self-Paced, edX)",Web Development,graphql building projects web development,Intermediate,10,3.7,Prof. R. Iyer,"Learn GraphQL through a building projects focused course, covering key concepts in Web Development.",24770,999,Spanish,"quiz-included, project-based, mentor-support, job-ready",[1990]
783,"Transformers - Research Perspectives (Self-Paced, Udemy)",Deep Learning,transformers research perspectives deep learning,Advanced,8,4.6,Dr. A. Sharma,"Learn Transformers through a research perspectives focused course, covering key concepts in Deep Learning.",45524,4999,Hindi,"project-based, in-demand","[541, 1252]"
784,"Clustering - Practical Implementation (Self-Paced, Udemy)",Machine Learning,clustering practical implementation machine learning,Intermediate,20,4.8,Dr. A. Sharma,"Learn Clustering through a practical implementation focused course, covering key concepts in Machine Learning.",20120,4999,French,"trending, quiz-included, hands-on",[1468]
785,"AI Ethics - Advanced Applications (Self-Paced, DataCamp)",AI Specialized,ai ethics advanced applications ai specialized,Advanced,20,3.5,Ms. K. Verma,"Learn AI Ethics through a advanced applications focused course, covering key concepts in AI Specialized.",826,2499,French,"mentor-support, trending, quiz-included, hands-on","[1000, 1385]"
786,"Hyperparameter Tuning - Advanced Techniques (Live Cohort, DataCamp)",Machine Learning,hyperparameter tuning advanced techniques machine learning,Advanced,12,3.8,Mr. T. Singh,"Learn Hyperparameter Tuning through a advanced techniques focused course, covering key concepts in Machine Learning.",32710,1999,French,"beginner-friendly, mentor-support, trending, quiz-included",[255]
787,"Transfer Learning - Fundamentals (Crash Course, edX)",Deep Learning,transfer learning fundamentals deep learning,Beginner,8,3.7,Prof. J. Mehta,"Learn Transfer Learning through a fundamentals focused course, covering key concepts in Deep Learning.",48717,2499,Spanish,"project-based, beginner-friendly",[]
788,"AutoML - Hands-on Project (Crash Course, DataCamp)",Machine Learning,automl hands on project machine learning,Intermediate,20,4.2,Ms. K. Verma,"Learn AutoML through a hands-on project focused course, covering key concepts in Machine Learning.",10636,2499,French,"hands-on, mentor-support",[737]
789,"Regression Analysis - Advanced Theory (Crash Course, edX)",Statistics & Math,regression analysis advanced theory statistics & math,Advanced,15,4.0,Prof. R. Iyer,"Learn Regression Analysis through a advanced theory focused course, covering key concepts in Statistics & Math.",9440,999,English,"quiz-included, beginner-friendly, trending, project-based",[567]
790,"React - Fundamentals (Self-Paced, Coursera)",Web Development,react fundamentals web development,Beginner,10,3.7,Prof. M. Khan,"Learn React through a fundamentals focused course, covering key concepts in Web Development.",27053,1499,English,"in-demand, quiz-included",[]
791,"Interactive Charts - Advanced Dashboards (Live Cohort, Udemy)",Data Visualization,interactive charts advanced dashboards data visualization,Advanced,30,4.1,Ms. P. Nair,"Learn Interactive Charts through a advanced dashboards focused course, covering key concepts in Data Visualization.",16164,3999,Hindi,"mentor-support, beginner-friendly, project-based, quiz-included",[1376]
792,"Kotlin - Best Practices (Crash Course, edX)",Programming,kotlin best practices programming,Beginner,2,4.1,Prof. R. Iyer,"Learn Kotlin through a best practices focused course, covering key concepts in Programming.",22119,1999,French,"hands-on, trending, quiz-included, in-demand",[]
793,"PHP - Testing and Debugging (Self-Paced, Coursera)",Programming,php testing and debugging programming,Beginner,8,4.6,Mr. S. Gupta,"Learn PHP through a testing and debugging focused course, covering key concepts in Programming.",43056,4999,English,"project-based, trending",[]
794,"Google Cloud - Production Deployment (Project-Based, Pluralsight)",Cloud & DevOps,google cloud production deployment cloud & devops,Beginner,6,3.6,Prof. R. Iyer,"Learn Google Cloud through a production deployment focused course, covering key concepts in Cloud & DevOps.",11735,999,English,"certificate, quiz-included",[]
795,"Node.js - Fundamentals (Self-Paced, LinkedIn Learning)",Web Development,node.js fundamentals web development,Beginner,10,4.3,Prof. R. Iyer,"Learn Node.js through a fundamentals focused course, covering key concepts in Web Development.",46761,2499,French,"mentor-support, trending",[]
796,"Reinforcement Learning - Case Studies (Crash Course, DataCamp)",Deep Learning,reinforcement learning case studies deep learning,Intermediate,25,4.2,Ms. P. Nair,"Learn Reinforcement Learning through a case studies focused course, covering key concepts in Deep Learning.",19676,0,English,"certificate, trending, quiz-included, beginner-friendly","[1072, 1991]"
797,"NumPy - Fundamentals (Crash Course, edX)",Data Science,numpy fundamentals data science,Beginner,25,4.3,Ms. P. Nair,"Learn NumPy through a fundamentals focused course, covering key concepts in Data Science.",20420,1999,Hindi,"hands-on, in-demand, mentor-support, certificate",[]
798,"Ruby - Best Practices (Live Cohort, Udemy)",Programming,ruby best practices programming,Advanced,25,4.9,Mr. T. Singh,"Learn Ruby through a best practices focused course, covering key concepts in Programming.",29132,4999,Spanish,"quiz-included, trending","[143, 1581]"
799,"Interactive Charts - Basics (Self-Paced, Udemy)",Data Visualization,interactive charts basics data visualization,Beginner,12,4.7,Ms. P. Nair,"Learn Interactive Charts through a basics focused course, covering key concepts in Data Visualization.",41949,2999,English + Hindi Subtitles,"project-based, certificate, mentor-support",[]
800,"React - Full Stack Development (Live Cohort, DataCamp)",Web Development,react full stack development web development,Advanced,6,3.8,Ms. K. Verma,"Learn React through a full stack development focused course, covering key concepts in Web Development.",7476,999,Spanish,"beginner-friendly, certificate",[112]
801,"Kubernetes - Advanced Configuration (Self-Paced, Coursera)",Cloud & DevOps,kubernetes advanced configuration cloud & devops,Advanced,6,3.5,Prof. R. Iyer,"Learn Kubernetes through a advanced configuration focused course, covering key concepts in Cloud & DevOps.",3130,1999,Hindi,"project-based, trending, industry-recognized, mentor-support",[1938]
802,"Project Management - Real World Scenarios (Live Cohort, Pluralsight)",Career Skills,project management real world scenarios career skills,Beginner,10,4.6,Dr. L. Fernandes,"Learn Project Management through a real world scenarios focused course, covering key concepts in Career Skills.",37397,499,English,"in-demand, job-ready, beginner-friendly",[]
803,"Model Evaluation - Optimization Strategies (Live Cohort, Udemy)",Machine Learning,model evaluation optimization strategies machine learning,Advanced,30,4.4,Prof. J. Mehta,"Learn Model Evaluation through a optimization strategies focused course, covering key concepts in Machine Learning.",18348,4999,English,"beginner-friendly, trending, industry-recognized, hands-on","[642, 1042]"
804,"Neural Networks - Foundations (Self-Paced, Coursera)",Deep Learning,neural networks foundations deep learning,Advanced,25,3.5,Mr. S. Gupta,"Learn Neural Networks through a foundations focused course, covering key concepts in Deep Learning.",28460,2999,Spanish,"beginner-friendly, hands-on",[590]
805,"Git and Version Control - Practical Guide (Self-Paced, DataCamp)",Career Skills,git and version control practical guide career skills,Beginner,2,4.0,Mr. S. Gupta,"Learn Git and Version Control through a practical guide focused course, covering key concepts in Career Skills.",49170,999,French,"industry-recognized, trending, mentor-support",[]
806,"Interactive Charts - Basics (Self-Paced, Coursera)",Data Visualization,interactive charts basics data visualization,Beginner,8,4.8,Dr. A. Sharma,"Learn Interactive Charts through a basics focused course, covering key concepts in Data Visualization.",21237,0,English + Hindi Subtitles,"project-based, industry-recognized",[]
807,"Terraform - Hands-on Practice (Live Cohort, LinkedIn Learning)",Cloud & DevOps,terraform hands on practice cloud & devops,Advanced,8,4.3,Dr. A. Sharma,"Learn Terraform through a hands-on practice focused course, covering key concepts in Cloud & DevOps.",23433,4999,Hindi,"in-demand, beginner-friendly, hands-on",[1470]
808,"Data Wrangling - Practical Applications (Crash Course, Coursera)",Data Science,data wrangling practical applications data science,Beginner,20,4.1,Ms. P. Nair,"Learn Data Wrangling through a practical applications focused course, covering key concepts in Data Science.",10898,3999,Spanish,"industry-recognized, beginner-friendly",[]
809,"Supervised Learning - Introduction (Live Cohort, Coursera)",Machine Learning,supervised learning introduction machine learning,Beginner,25,5.0,Mr. S. Gupta,"Learn Supervised Learning through a introduction focused course, covering key concepts in Machine Learning.",33022,2999,Hindi,"job-ready, mentor-support",[]
810,"Ensemble Methods - Fundamentals (Project-Based, LinkedIn Learning)",Machine Learning,ensemble methods fundamentals machine learning,Beginner,4,4.3,Prof. R. Iyer,"Learn Ensemble Methods through a fundamentals focused course, covering key concepts in Machine Learning.",41510,4999,Spanish,"mentor-support, job-ready",[]
811,"Data Mining - Best Practices (Project-Based, Coursera)",Data Science,data mining best practices data science,Beginner,8,4.2,Dr. N. Rao,"Learn Data Mining through a best practices focused course, covering key concepts in Data Science.",7271,0,English,"beginner-friendly, trending",[]
812,"A/B Testing - Practical Applications (Live Cohort, LinkedIn Learning)",Data Science,a/b testing practical applications data science,Beginner,8,4.9,Prof. J. Mehta,"Learn A/B Testing through a practical applications focused course, covering key concepts in Data Science.",10134,499,French,"industry-recognized, quiz-included, beginner-friendly, in-demand",[]
813,"MongoDB - Advanced Techniques (Live Cohort, Coursera)",Databases,mongodb advanced techniques databases,Advanced,30,4.6,Prof. R. Iyer,"Learn MongoDB through a advanced techniques focused course, covering key concepts in Databases.",34776,3999,English + Hindi Subtitles,"hands-on, mentor-support, job-ready, industry-recognized","[1230, 1259]"
814,"Regression - Hands-on Project (Live Cohort, Coursera)",Machine Learning,regression hands on project machine learning,Intermediate,4,4.5,Ms. P. Nair,"Learn Regression through a hands-on project focused course, covering key concepts in Machine Learning.",49663,2499,French,"hands-on, trending",[1494]
815,"Data Wrangling - Intermediate Techniques (Project-Based, Pluralsight)",Data Science,data wrangling intermediate techniques data science,Advanced,4,4.8,Dr. N. Rao,"Learn Data Wrangling through a intermediate techniques focused course, covering key concepts in Data Science.",16361,499,French,"job-ready, in-demand","[940, 1781]"
816,"Data Analysis - Practical Applications (Crash Course, Udemy)",Data Science,data analysis practical applications data science,Intermediate,4,4.2,Dr. L. Fernandes,"Learn Data Analysis through a practical applications focused course, covering key concepts in Data Science.",45683,499,English + Hindi Subtitles,"mentor-support, trending, industry-recognized, project-based","[440, 664]"
817,"Java - Design Patterns (Self-Paced, LinkedIn Learning)",Programming,java design patterns programming,Advanced,10,4.0,Mr. T. Singh,"Learn Java through a design patterns focused course, covering key concepts in Programming.",11828,0,Hindi,"mentor-support, in-demand, quiz-included, job-ready",[1478]
818,"JavaScript - Functional Programming (Crash Course, Pluralsight)",Programming,javascript functional programming programming,Intermediate,25,4.1,Ms. K. Verma,"Learn JavaScript through a functional programming focused course, covering key concepts in Programming.",40234,2499,French,"beginner-friendly, quiz-included",[1135]
819,"CNN - Foundations (Project-Based, LinkedIn Learning)",Deep Learning,cnn foundations deep learning,Intermediate,8,4.0,Dr. L. Fernandes,"Learn CNN through a foundations focused course, covering key concepts in Deep Learning.",39024,999,English + Hindi Subtitles,"industry-recognized, project-based, mentor-support","[617, 939]"
820,"Java - Testing and Debugging (Live Cohort, Pluralsight)",Programming,java testing and debugging programming,Advanced,2,4.6,Dr. N. Rao,"Learn Java through a testing and debugging focused course, covering key concepts in Programming.",9095,0,Spanish,"job-ready, beginner-friendly, mentor-support",[1775]
821,"Interactive Charts - Best Practices (Self-Paced, Coursera)",Data Visualization,interactive charts best practices data visualization,Intermediate,30,5.0,Dr. N. Rao,"Learn Interactive Charts through a best practices focused course, covering key concepts in Data Visualization.",4274,3999,French,"mentor-support, job-ready, hands-on, project-based",[662]
822,"Feature Engineering - Introduction (Crash Course, DataCamp)",Machine Learning,feature engineering introduction machine learning,Beginner,2,4.3,Prof. J. Mehta,"Learn Feature Engineering through a introduction focused course, covering key concepts in Machine Learning.",30118,1999,Spanish,"trending, quiz-included, project-based",[]
823,"CI CD - Introduction (Self-Paced, edX)",Cloud & DevOps,ci cd introduction cloud & devops,Beginner,15,3.9,Dr. L. Fernandes,"Learn CI CD through a introduction focused course, covering key concepts in Cloud & DevOps.",12833,4999,English + Hindi Subtitles,"mentor-support, job-ready",[]
824,"D3.js - Best Practices (Crash Course, Udemy)",Data Visualization,d3.js best practices data visualization,Beginner,10,4.8,Dr. L. Fernandes,"Learn D3.js through a best practices focused course, covering key concepts in Data Visualization.",41432,2499,Hindi,"in-demand, trending, certificate",[]
825,"Transfer Learning - Hands-on Project (Project-Based, Udemy)",Deep Learning,transfer learning hands on project deep learning,Intermediate,10,4.7,Dr. L. Fernandes,"Learn Transfer Learning through a hands-on project focused course, covering key concepts in Deep Learning.",1982,1999,English + Hindi Subtitles,"hands-on, beginner-friendly, mentor-support","[1522, 1719]"
826,"Transfer Learning - Fundamentals (Crash Course, Pluralsight)",Deep Learning,transfer learning fundamentals deep learning,Beginner,2,4.0,Ms. K. Verma,"Learn Transfer Learning through a fundamentals focused course, covering key concepts in Deep Learning.",7900,0,Hindi,"beginner-friendly, job-ready, hands-on",[]
827,"Hyperparameter Tuning - Hands-on Project (Live Cohort, Udemy)",Machine Learning,hyperparameter tuning hands on project machine learning,Intermediate,15,3.9,Prof. J. Mehta,"Learn Hyperparameter Tuning through a hands-on project focused course, covering key concepts in Machine Learning.",4161,0,French,"project-based, trending","[383, 1426]"
828,"Hypothesis Testing - Advanced Theory (Live Cohort, edX)",Statistics & Math,hypothesis testing advanced theory statistics & math,Advanced,12,4.3,Mr. S. Gupta,"Learn Hypothesis Testing through a advanced theory focused course, covering key concepts in Statistics & Math.",185,4999,French,"trending, industry-recognized, hands-on, beginner-friendly",[1657]
829,"Classification - Real World Case Studies (Live Cohort, DataCamp)",Machine Learning,classification real world case studies machine learning,Intermediate,10,4.5,Dr. L. Fernandes,"Learn Classification through a real world case studies focused course, covering key concepts in Machine Learning.",36264,1499,French,"job-ready, project-based, certificate, trending",[1270]
830,"AutoML - Optimization Strategies (Self-Paced, LinkedIn Learning)",Machine Learning,automl optimization strategies machine learning,Advanced,15,5.0,Mr. S. Gupta,"Learn AutoML through a optimization strategies focused course, covering key concepts in Machine Learning.",1104,999,Spanish,"hands-on, in-demand, trending","[1353, 1426]"
831,"Interactive Charts - Advanced Dashboards (Project-Based, Pluralsight)",Data Visualization,interactive charts advanced dashboards data visualization,Advanced,2,4.5,Ms. P. Nair,"Learn Interactive Charts through a advanced dashboards focused course, covering key concepts in Data Visualization.",49942,2999,English,"in-demand, quiz-included, industry-recognized, hands-on",[1335]
832,"Statistics - Intermediate Concepts (Live Cohort, edX)",Statistics & Math,statistics intermediate concepts statistics & math,Intermediate,15,3.9,Dr. L. Fernandes,"Learn Statistics through a intermediate concepts focused course, covering key concepts in Statistics & Math.",17258,1499,Spanish,"project-based, mentor-support, job-ready, in-demand","[983, 1481]"
833,"Attention Mechanisms - Foundations (Live Cohort, Coursera)",Deep Learning,attention mechanisms foundations deep learning,Beginner,25,4.6,Dr. A. Sharma,"Learn Attention Mechanisms through a foundations focused course, covering key concepts in Deep Learning.",42986,499,French,"beginner-friendly, mentor-support, hands-on",[]
834,"Rust - Advanced Concepts (Crash Course, edX)",Programming,rust advanced concepts programming,Advanced,4,4.4,Mr. S. Gupta,"Learn Rust through a advanced concepts focused course, covering key concepts in Programming.",28181,2499,English,"industry-recognized, project-based","[138, 934]"
835,"Linear Algebra - Fundamentals (Crash Course, Coursera)",Statistics & Math,linear algebra fundamentals statistics & math,Beginner,10,4.0,Dr. N. Rao,"Learn Linear Algebra through a fundamentals focused course, covering key concepts in Statistics & Math.",8769,0,Spanish,"project-based, quiz-included, mentor-support",[]
836,"Big Data Processing - Real World Case Studies (Crash Course, Pluralsight)",Data Science,big data processing real world case studies data science,Advanced,15,4.7,Prof. M. Khan,"Learn Big Data Processing through a real world case studies focused course, covering key concepts in Data Science.",10952,1999,English,"beginner-friendly, in-demand, certificate",[1886]
837,"Python - Design Patterns (Crash Course, edX)",Programming,python design patterns programming,Intermediate,12,4.4,Ms. P. Nair,"Learn Python through a design patterns focused course, covering key concepts in Programming.",31455,999,English + Hindi Subtitles,"beginner-friendly, in-demand, trending",[143]
838,"Power BI - Basics (Live Cohort, LinkedIn Learning)",Data Visualization,power bi basics data visualization,Beginner,4,4.4,Prof. M. Khan,"Learn Power BI through a basics focused course, covering key concepts in Data Visualization.",15610,1499,English + Hindi Subtitles,"hands-on, project-based, job-ready",[]
839,"Ruby - Basics (Live Cohort, edX)",Programming,ruby basics programming,Beginner,10,4.2,Ms. P. Nair,"Learn Ruby through a basics focused course, covering key concepts in Programming.",20045,4999,English + Hindi Subtitles,"quiz-included, in-demand, industry-recognized, project-based",[]
840,"Django - Building Projects (Crash Course, Udemy)",Web Development,django building projects web development,Intermediate,12,3.8,Mr. S. Gupta,"Learn Django through a building projects focused course, covering key concepts in Web Development.",35170,1499,English + Hindi Subtitles,"job-ready, certificate",[979]
841,"Google Cloud - Fundamentals (Project-Based, Coursera)",Cloud & DevOps,google cloud fundamentals cloud & devops,Beginner,6,3.9,Prof. M. Khan,"Learn Google Cloud through a fundamentals focused course, covering key concepts in Cloud & DevOps.",14447,499,Hindi,"in-demand, hands-on, trending, quiz-included",[]
842,"Explainable AI - Advanced Applications (Project-Based, DataCamp)",AI Specialized,explainable ai advanced applications ai specialized,Advanced,15,3.7,Ms. K. Verma,"Learn Explainable AI through a advanced applications focused course, covering key concepts in AI Specialized.",6140,499,Spanish,"beginner-friendly, job-ready","[179, 1877]"
843,"JavaScript - Concurrency (Self-Paced, edX)",Programming,javascript concurrency programming,Intermediate,6,4.1,Dr. N. Rao,"Learn JavaScript through a concurrency focused course, covering key concepts in Programming.",35281,4999,Hindi,"quiz-included, trending, in-demand, job-ready",[412]
844,"Data Analysis - Industry Applications (Live Cohort, Coursera)",Data Science,data analysis industry applications data science,Advanced,12,4.3,Ms. K. Verma,"Learn Data Analysis through a industry applications focused course, covering key concepts in Data Science.",12008,1999,Hindi,"quiz-included, beginner-friendly, in-demand, hands-on","[61, 1329]"
845,"Python - Testing and Debugging (Live Cohort, Coursera)",Programming,python testing and debugging programming,Intermediate,4,5.0,Prof. M. Khan,"Learn Python through a testing and debugging focused course, covering key concepts in Programming.",32213,2499,French,"job-ready, certificate","[1255, 1855]"
846,"Angular - Fundamentals (Project-Based, Pluralsight)",Web Development,angular fundamentals web development,Beginner,2,4.0,Dr. A. Sharma,"Learn Angular through a fundamentals focused course, covering key concepts in Web Development.",34824,0,English + Hindi Subtitles,"in-demand, certificate, project-based",[]
847,"Regression Analysis - Practical Examples (Crash Course, Coursera)",Statistics & Math,regression analysis practical examples statistics & math,Intermediate,20,4.0,Mr. T. Singh,"Learn Regression Analysis through a practical examples focused course, covering key concepts in Statistics & Math.",15244,2499,Hindi,"beginner-friendly, project-based, job-ready",[835]
848,"Clustering - Optimization Strategies (Project-Based, LinkedIn Learning)",Machine Learning,clustering optimization strategies machine learning,Advanced,10,3.7,Mr. T. Singh,"Learn Clustering through a optimization strategies focused course, covering key concepts in Machine Learning.",7954,2499,French,"in-demand, job-ready, industry-recognized",[1388]
849,"Team Collaboration - Fundamentals (Self-Paced, Coursera)",Career Skills,team collaboration fundamentals career skills,Beginner,10,3.9,Prof. J. Mehta,"Learn Team Collaboration through a fundamentals focused course, covering key concepts in Career Skills.",13465,0,English + Hindi Subtitles,"job-ready, trending",[]
850,"Neural Networks - Research Perspectives (Project-Based, Coursera)",Deep Learning,neural networks research perspectives deep learning,Advanced,2,3.8,Prof. R. Iyer,"Learn Neural Networks through a research perspectives focused course, covering key concepts in Deep Learning.",34874,1499,Spanish,"certificate, industry-recognized",[904]
851,"Interview Preparation - Best Practices (Crash Course, Udemy)",Career Skills,interview preparation best practices career skills,Beginner,25,4.9,Ms. K. Verma,"Learn Interview Preparation through a best practices focused course, covering key concepts in Career Skills.",28141,0,French,"trending, in-demand, beginner-friendly",[]
852,"Model Evaluation - Practical Implementation (Self-Paced, Udemy)",Machine Learning,model evaluation practical implementation machine learning,Advanced,4,4.0,Ms. K. Verma,"Learn Model Evaluation through a practical implementation focused course, covering key concepts in Machine Learning.",31601,4999,Spanish,"hands-on, project-based",[1689]
853,"Transformers - Hands-on Project (Project-Based, Pluralsight)",Deep Learning,transformers hands on project deep learning,Advanced,15,3.8,Prof. R. Iyer,"Learn Transformers through a hands-on project focused course, covering key concepts in Deep Learning.",20692,999,English,"project-based, mentor-support, quiz-included","[116, 2025]"
854,"MySQL - Basics (Live Cohort, DataCamp)",Databases,mysql basics databases,Beginner,8,4.9,Mr. S. Gupta,"Learn MySQL through a basics focused course, covering key concepts in Databases.",31779,4999,English,"trending, certificate",[]
855,"Data Analysis - Advanced Methods (Self-Paced, Pluralsight)",Data Science,data analysis advanced methods data science,Advanced,15,4.5,Mr. S. Gupta,"Learn Data Analysis through a advanced methods focused course, covering key concepts in Data Science.",19321,1999,Spanish,"certificate, job-ready, trending",[237]
856,"Prompt Engineering - Case Studies (Live Cohort, Coursera)",AI Specialized,prompt engineering case studies ai specialized,Advanced,15,4.9,Prof. J. Mehta,"Learn Prompt Engineering through a case studies focused course, covering key concepts in AI Specialized.",26199,499,English + Hindi Subtitles,"industry-recognized, mentor-support",[67]
857,"Data Analysis - Real World Case Studies (Project-Based, edX)",Data Science,data analysis real world case studies data science,Beginner,30,4.4,Dr. N. Rao,"Learn Data Analysis through a real world case studies focused course, covering key concepts in Data Science.",24796,2999,English + Hindi Subtitles,"hands-on, in-demand, trending",[]
858,"SQL - Basics (Project-Based, LinkedIn Learning)",Databases,sql basics databases,Beginner,4,3.6,Prof. J. Mehta,"Learn SQL through a basics focused course, covering key concepts in Databases.",36463,2499,Spanish,"in-demand, hands-on",[]
859,"Calculus - Practical Examples (Self-Paced, Pluralsight)",Statistics & Math,calculus practical examples statistics & math,Advanced,8,4.7,Prof. M. Khan,"Learn Calculus through a practical examples focused course, covering key concepts in Statistics & Math.",10879,499,English,"in-demand, mentor-support, project-based, beginner-friendly",[395]
860,"Optimization - Intermediate Concepts (Self-Paced, DataCamp)",Statistics & Math,optimization intermediate concepts statistics & math,Beginner,10,4.1,Dr. L. Fernandes,"Learn Optimization through a intermediate concepts focused course, covering key concepts in Statistics & Math.",34012,1999,French,"in-demand, job-ready, quiz-included, industry-recognized",[]
861,"Speech Recognition - Hands-on Project (Live Cohort, Udemy)",AI Specialized,speech recognition hands on project ai specialized,Beginner,25,4.9,Prof. M. Khan,"Learn Speech Recognition through a hands-on project focused course, covering key concepts in AI Specialized.",32280,2499,French,"trending, beginner-friendly, certificate",[]
862,"Hypothesis Testing - Advanced Theory (Self-Paced, DataCamp)",Statistics & Math,hypothesis testing advanced theory statistics & math,Advanced,2,3.8,Prof. R. Iyer,"Learn Hypothesis Testing through a advanced theory focused course, covering key concepts in Statistics & Math.",29058,3999,French,"certificate, beginner-friendly, project-based, job-ready",[379]
863,"Explainable AI - Hands-on Project (Crash Course, Pluralsight)",AI Specialized,explainable ai hands on project ai specialized,Advanced,8,4.5,Mr. T. Singh,"Learn Explainable AI through a hands-on project focused course, covering key concepts in AI Specialized.",5520,3999,English,"in-demand, trending, project-based",[1894]
864,"Transformers - Foundations (Live Cohort, DataCamp)",Deep Learning,transformers foundations deep learning,Intermediate,12,4.7,Dr. N. Rao,"Learn Transformers through a foundations focused course, covering key concepts in Deep Learning.",13657,2999,Spanish,"trending, mentor-support",[1473]
865,"Neural Networks - Case Studies (Project-Based, edX)",Deep Learning,neural networks case studies deep learning,Advanced,4,3.6,Mr. S. Gupta,"Learn Neural Networks through a case studies focused course, covering key concepts in Deep Learning.",41974,0,Hindi,"trending, quiz-included, mentor-support, job-ready",[101]
866,"CNN - Fundamentals (Project-Based, edX)",Deep Learning,cnn fundamentals deep learning,Beginner,25,3.7,Prof. R. Iyer,"Learn CNN through a fundamentals focused course, covering key concepts in Deep Learning.",38037,1499,French,"trending, certificate, project-based",[]
867,"JavaScript - Object Oriented Programming (Project-Based, Pluralsight)",Programming,javascript object oriented programming programming,Intermediate,30,3.5,Dr. A. Sharma,"Learn JavaScript through a object oriented programming focused course, covering key concepts in Programming.",48508,999,English,"job-ready, hands-on, quiz-included",[564]
868,"Pandas - Advanced Methods (Live Cohort, Coursera)",Data Science,pandas advanced methods data science,Advanced,6,4.3,Ms. P. Nair,"Learn Pandas through a advanced methods focused course, covering key concepts in Data Science.",27869,1499,Hindi,"certificate, quiz-included, hands-on",[1856]
869,"Calculus - Practical Examples (Crash Course, edX)",Statistics & Math,calculus practical examples statistics & math,Advanced,20,4.9,Dr. A. Sharma,"Learn Calculus through a practical examples focused course, covering key concepts in Statistics & Math.",43989,2499,Hindi,"mentor-support, hands-on",[1662]
870,"Model Evaluation - Introduction (Live Cohort, Udemy)",Machine Learning,model evaluation introduction machine learning,Beginner,4,3.7,Mr. S. Gupta,"Learn Model Evaluation through a introduction focused course, covering key concepts in Machine Learning.",38455,499,English,"trending, beginner-friendly",[]
871,"Excel Visualization - Advanced Dashboards (Self-Paced, LinkedIn Learning)",Data Visualization,excel visualization advanced dashboards data visualization,Advanced,20,4.0,Prof. M. Khan,"Learn Excel Visualization through a advanced dashboards focused course, covering key concepts in Data Visualization.",23058,499,Hindi,"mentor-support, hands-on, trending, quiz-included",[1873]
872,"Go - Best Practices (Project-Based, Udemy)",Programming,go best practices programming,Advanced,12,4.7,Prof. R. Iyer,"Learn Go through a best practices focused course, covering key concepts in Programming.",33067,499,English,"quiz-included, hands-on, beginner-friendly","[279, 1775]"
873,"Reinforcement Learning - Hands-on Project (Crash Course, edX)",Deep Learning,reinforcement learning hands on project deep learning,Intermediate,8,4.6,Mr. S. Gupta,"Learn Reinforcement Learning through a hands-on project focused course, covering key concepts in Deep Learning.",26394,499,English + Hindi Subtitles,"trending, job-ready, industry-recognized, in-demand",[1149]
874,"Supervised Learning - Introduction (Self-Paced, Udemy)",Machine Learning,supervised learning introduction machine learning,Beginner,15,3.7,Mr. T. Singh,"Learn Supervised Learning through a introduction focused course, covering key concepts in Machine Learning.",5318,1499,English + Hindi Subtitles,"in-demand, mentor-support, industry-recognized, certificate",[]
875,"Terraform - Advanced Configuration (Crash Course, Udemy)",Cloud & DevOps,terraform advanced configuration cloud & devops,Advanced,8,4.7,Dr. A. Sharma,"Learn Terraform through a advanced configuration focused course, covering key concepts in Cloud & DevOps.",46307,0,English + Hindi Subtitles,"quiz-included, mentor-support, certificate, beginner-friendly","[42, 441]"
876,"Technical Communication - Best Practices (Project-Based, Coursera)",Career Skills,technical communication best practices career skills,Advanced,10,4.2,Mr. S. Gupta,"Learn Technical Communication through a best practices focused course, covering key concepts in Career Skills.",5782,2499,Spanish,"industry-recognized, job-ready, beginner-friendly",[1993]
877,"Angular - Advanced Patterns (Crash Course, LinkedIn Learning)",Web Development,angular advanced patterns web development,Advanced,12,4.7,Prof. R. Iyer,"Learn Angular through a advanced patterns focused course, covering key concepts in Web Development.",6786,2999,English + Hindi Subtitles,"mentor-support, hands-on","[407, 1588]"
878,"PHP - Best Practices (Crash Course, DataCamp)",Programming,php best practices programming,Advanced,6,4.8,Mr. S. Gupta,"Learn PHP through a best practices focused course, covering key concepts in Programming.",31052,3999,Hindi,"hands-on, beginner-friendly, mentor-support",[1818]
879,"Seaborn - Real World Projects (Crash Course, Coursera)",Data Visualization,seaborn real world projects data visualization,Advanced,15,4.1,Prof. M. Khan,"Learn Seaborn through a real world projects focused course, covering key concepts in Data Visualization.",16492,1999,Hindi,"certificate, mentor-support, project-based, beginner-friendly",[1676]
880,"TypeScript - Advanced Concepts (Live Cohort, LinkedIn Learning)",Programming,typescript advanced concepts programming,Advanced,15,3.6,Prof. R. Iyer,"Learn TypeScript through a advanced concepts focused course, covering key concepts in Programming.",41008,3999,English + Hindi Subtitles,"industry-recognized, quiz-included, project-based, in-demand","[17, 1462]"
881,"Chatbot Development - Fundamentals (Live Cohort, edX)",AI Specialized,chatbot development fundamentals ai specialized,Beginner,10,3.6,Prof. M. Khan,"Learn Chatbot Development through a fundamentals focused course, covering key concepts in AI Specialized.",8305,0,Hindi,"trending, in-demand, hands-on, certificate",[]
882,"Computer Vision - Fundamentals (Crash Course, Udemy)",AI Specialized,computer vision fundamentals ai specialized,Beginner,20,5.0,Dr. A. Sharma,"Learn Computer Vision through a fundamentals focused course, covering key concepts in AI Specialized.",17455,999,Spanish,"industry-recognized, mentor-support, beginner-friendly",[]
883,"Regression Analysis - Intermediate Concepts (Crash Course, LinkedIn Learning)",Statistics & Math,regression analysis intermediate concepts statistics & math,Advanced,4,3.9,Dr. N. Rao,"Learn Regression Analysis through a intermediate concepts focused course, covering key concepts in Statistics & Math.",44480,1999,Spanish,"trending, industry-recognized",[389]
884,"Feature Engineering - Hands-on Project (Crash Course, Pluralsight)",Machine Learning,feature engineering hands on project machine learning,Advanced,12,4.7,Dr. A. Sharma,"Learn Feature Engineering through a hands-on project focused course, covering key concepts in Machine Learning.",37855,2999,French,"mentor-support, job-ready",[1364]
885,"Database Optimization - Intermediate Queries (Project-Based, Udemy)",Databases,database optimization intermediate queries databases,Intermediate,10,4.5,Prof. J. Mehta,"Learn Database Optimization through a intermediate queries focused course, covering key concepts in Databases.",41221,0,French,"beginner-friendly, trending",[34]
886,"Docker - Best Practices (Project-Based, LinkedIn Learning)",Cloud & DevOps,docker best practices cloud & devops,Advanced,10,4.9,Dr. L. Fernandes,"Learn Docker through a best practices focused course, covering key concepts in Cloud & DevOps.",29925,1999,English + Hindi Subtitles,"certificate, industry-recognized, quiz-included",[1614]
887,"Project Management - Best Practices (Project-Based, Pluralsight)",Career Skills,project management best practices career skills,Advanced,20,3.7,Mr. T. Singh,"Learn Project Management through a best practices focused course, covering key concepts in Career Skills.",8229,3999,English + Hindi Subtitles,"hands-on, mentor-support","[1231, 2069]"
888,"Data Cleaning - Hands-on Project (Live Cohort, DataCamp)",Data Science,data cleaning hands on project data science,Advanced,25,5.0,Prof. R. Iyer,"Learn Data Cleaning through a hands-on project focused course, covering key concepts in Data Science.",49797,2999,English + Hindi Subtitles,"hands-on, industry-recognized, project-based, certificate",[1171]
889,"Data Analysis - Practical Applications (Self-Paced, edX)",Data Science,data analysis practical applications data science,Advanced,25,4.6,Prof. R. Iyer,"Learn Data Analysis through a practical applications focused course, covering key concepts in Data Science.",33393,3999,Hindi,"job-ready, in-demand, quiz-included, project-based","[607, 973]"
890,"GANs - Case Studies (Self-Paced, Pluralsight)",Deep Learning,gans case studies deep learning,Beginner,8,3.8,Dr. N. Rao,"Learn GANs through a case studies focused course, covering key concepts in Deep Learning.",31272,3999,English,"certificate, industry-recognized, hands-on",[]
891,"Neural Networks - Research Perspectives (Live Cohort, DataCamp)",Deep Learning,neural networks research perspectives deep learning,Advanced,2,4.4,Prof. R. Iyer,"Learn Neural Networks through a research perspectives focused course, covering key concepts in Deep Learning.",23029,1499,French,"mentor-support, hands-on, beginner-friendly, project-based",[890]
892,"JavaScript - Functional Programming (Self-Paced, edX)",Programming,javascript functional programming programming,Beginner,15,3.7,Dr. N. Rao,"Learn JavaScript through a functional programming focused course, covering key concepts in Programming.",11085,0,English + Hindi Subtitles,"beginner-friendly, industry-recognized",[]
893,"PostgreSQL - Real World Projects (Project-Based, DataCamp)",Databases,postgresql real world projects databases,Beginner,30,3.6,Prof. M. Khan,"Learn PostgreSQL through a real world projects focused course, covering key concepts in Databases.",29654,3999,Hindi,"project-based, in-demand",[]
894,"Data Warehousing - Performance Tuning (Live Cohort, Pluralsight)",Databases,data warehousing performance tuning databases,Beginner,2,3.6,Mr. T. Singh,"Learn Data Warehousing through a performance tuning focused course, covering key concepts in Databases.",45334,1999,English,"industry-recognized, beginner-friendly, project-based, trending",[]
895,"Hyperparameter Tuning - Optimization Strategies (Project-Based, LinkedIn Learning)",Machine Learning,hyperparameter tuning optimization strategies machine learning,Advanced,25,4.5,Dr. A. Sharma,"Learn Hyperparameter Tuning through a optimization strategies focused course, covering key concepts in Machine Learning.",40873,3999,French,"certificate, beginner-friendly, trending",[1654]
896,"Docker - Advanced Configuration (Live Cohort, edX)",Cloud & DevOps,docker advanced configuration cloud & devops,Advanced,25,4.9,Dr. A. Sharma,"Learn Docker through a advanced configuration focused course, covering key concepts in Cloud & DevOps.",38644,4999,Spanish,"mentor-support, project-based","[500, 1414]"
897,"GANs - Advanced Architectures (Project-Based, Pluralsight)",Deep Learning,gans advanced architectures deep learning,Advanced,15,3.8,Ms. K. Verma,"Learn GANs through a advanced architectures focused course, covering key concepts in Deep Learning.",24607,499,Spanish,"beginner-friendly, in-demand, project-based",[890]
898,"Hyperparameter Tuning - Advanced Techniques (Live Cohort, edX)",Machine Learning,hyperparameter tuning advanced techniques machine learning,Advanced,10,4.7,Mr. S. Gupta,"Learn Hyperparameter Tuning through a advanced techniques focused course, covering key concepts in Machine Learning.",11447,2999,English,"trending, hands-on",[1325]
899,"SQL - Advanced Techniques (Project-Based, Pluralsight)",Databases,sql advanced techniques databases,Advanced,8,4.0,Dr. L. Fernandes,"Learn SQL through a advanced techniques focused course, covering key concepts in Databases.",28436,499,Spanish,"hands-on, job-ready",[1658]
900,"FastAPI - Full Stack Development (Project-Based, Pluralsight)",Web Development,fastapi full stack development web development,Beginner,6,4.3,Mr. T. Singh,"Learn FastAPI through a full stack development focused course, covering key concepts in Web Development.",45662,999,English,"hands-on, in-demand",[]
901,"Pandas - Best Practices (Live Cohort, edX)",Data Science,pandas best practices data science,Advanced,12,4.7,Mr. S. Gupta,"Learn Pandas through a best practices focused course, covering key concepts in Data Science.",25769,2999,Hindi,"in-demand, quiz-included",[582]
902,"CI CD - Best Practices (Project-Based, Udemy)",Cloud & DevOps,ci cd best practices cloud & devops,Beginner,15,4.9,Prof. J. Mehta,"Learn CI CD through a best practices focused course, covering key concepts in Cloud & DevOps.",2193,0,English + Hindi Subtitles,"job-ready, quiz-included, hands-on",[]
903,"Hyperparameter Tuning - Hands-on Project (Live Cohort, DataCamp)",Machine Learning,hyperparameter tuning hands on project machine learning,Beginner,4,4.2,Ms. K. Verma,"Learn Hyperparameter Tuning through a hands-on project focused course, covering key concepts in Machine Learning.",22008,0,English,"industry-recognized, job-ready, certificate",[]
904,"Reinforcement Learning - Hands-on Project (Live Cohort, LinkedIn Learning)",Deep Learning,reinforcement learning hands on project deep learning,Beginner,2,4.5,Ms. K. Verma,"Learn Reinforcement Learning through a hands-on project focused course, covering key concepts in Deep Learning.",10651,499,English,"trending, mentor-support",[]
905,"Java - Algorithms (Project-Based, DataCamp)",Programming,java algorithms programming,Advanced,2,4.6,Mr. T. Singh,"Learn Java through a algorithms focused course, covering key concepts in Programming.",5102,2999,Spanish,"beginner-friendly, certificate","[107, 323]"
906,"Flask - Best Practices (Crash Course, Udemy)",Web Development,flask best practices web development,Beginner,10,4.0,Dr. N. Rao,"Learn Flask through a best practices focused course, covering key concepts in Web Development.",48874,2999,English,"certificate, beginner-friendly, in-demand",[]
907,"AutoML - Hands-on Project (Project-Based, Coursera)",Machine Learning,automl hands on project machine learning,Intermediate,2,4.2,Dr. N. Rao,"Learn AutoML through a hands-on project focused course, covering key concepts in Machine Learning.",16198,2999,English,"industry-recognized, project-based",[1466]
908,"Dashboard Design - Intermediate Techniques (Self-Paced, Coursera)",Data Visualization,dashboard design intermediate techniques data visualization,Intermediate,6,3.8,Ms. K. Verma,"Learn Dashboard Design through a intermediate techniques focused course, covering key concepts in Data Visualization.",6234,2999,English,"quiz-included, beginner-friendly",[1631]
909,"D3.js - Basics (Live Cohort, edX)",Data Visualization,d3.js basics data visualization,Beginner,8,4.9,Dr. N. Rao,"Learn D3.js through a basics focused course, covering key concepts in Data Visualization.",49651,499,Hindi,"hands-on, project-based, trending, quiz-included",[]
910,"Classification - Fundamentals (Self-Paced, Udemy)",Machine Learning,classification fundamentals machine learning,Beginner,20,4.7,Mr. T. Singh,"Learn Classification through a fundamentals focused course, covering key concepts in Machine Learning.",11965,2999,French,"industry-recognized, beginner-friendly",[]
911,"Team Collaboration - Best Practices (Self-Paced, Udemy)",Career Skills,team collaboration best practices career skills,Intermediate,12,4.0,Mr. S. Gupta,"Learn Team Collaboration through a best practices focused course, covering key concepts in Career Skills.",8705,3999,Spanish,"job-ready, project-based",[2042]
912,"MongoDB - Intermediate Queries (Live Cohort, Udemy)",Databases,mongodb intermediate queries databases,Advanced,25,3.5,Ms. K. Verma,"Learn MongoDB through a intermediate queries focused course, covering key concepts in Databases.",17867,2499,English + Hindi Subtitles,"trending, quiz-included, certificate, industry-recognized",[1342]
913,"Data Wrangling - Intermediate Techniques (Project-Based, Coursera)",Data Science,data wrangling intermediate techniques data science,Beginner,6,3.7,Prof. J. Mehta,"Learn Data Wrangling through a intermediate techniques focused course, covering key concepts in Data Science.",43889,499,English + Hindi Subtitles,"in-demand, certificate, beginner-friendly, mentor-support",[]
914,"Redis - Advanced Techniques (Self-Paced, Udemy)",Databases,redis advanced techniques databases,Advanced,25,4.8,Dr. N. Rao,"Learn Redis through a advanced techniques focused course, covering key concepts in Databases.",48155,4999,Spanish,"job-ready, trending, mentor-support","[239, 1907]"
915,"Data Warehousing - Advanced Techniques (Self-Paced, Pluralsight)",Databases,data warehousing advanced techniques databases,Advanced,15,3.7,Mr. T. Singh,"Learn Data Warehousing through a advanced techniques focused course, covering key concepts in Databases.",25012,0,English,"trending, project-based, in-demand, industry-recognized","[1342, 1681]"
916,"REST API - Fundamentals (Crash Course, DataCamp)",Web Development,rest api fundamentals web development,Beginner,10,3.5,Mr. S. Gupta,"Learn REST API through a fundamentals focused course, covering key concepts in Web Development.",28875,4999,English,"certificate, hands-on, job-ready, beginner-friendly",[]
917,"Project Management - Practical Guide (Live Cohort, edX)",Career Skills,project management practical guide career skills,Advanced,30,3.7,Ms. P. Nair,"Learn Project Management through a practical guide focused course, covering key concepts in Career Skills.",19861,0,English,"in-demand, trending, industry-recognized","[296, 384]"
918,"Public Speaking - Practical Guide (Crash Course, Pluralsight)",Career Skills,public speaking practical guide career skills,Intermediate,30,4.9,Ms. K. Verma,"Learn Public Speaking through a practical guide focused course, covering key concepts in Career Skills.",13085,2499,Hindi,"trending, project-based, mentor-support",[1015]
919,"Time Series Analysis - Intermediate Concepts (Project-Based, edX)",Statistics & Math,time series analysis intermediate concepts statistics & math,Intermediate,20,4.9,Dr. A. Sharma,"Learn Time Series Analysis through a intermediate concepts focused course, covering key concepts in Statistics & Math.",33191,999,English,"in-demand, trending",[567]
920,"Transformers - Practical Applications (Crash Course, Pluralsight)",Deep Learning,transformers practical applications deep learning,Intermediate,12,3.9,Ms. K. Verma,"Learn Transformers through a practical applications focused course, covering key concepts in Deep Learning.",9851,0,Hindi,"beginner-friendly, industry-recognized",[1473]
921,"Git and Version Control - Real World Scenarios (Crash Course, edX)",Career Skills,git and version control real world scenarios career skills,Advanced,20,4.5,Ms. K. Verma,"Learn Git and Version Control through a real world scenarios focused course, covering key concepts in Career Skills.",1103,2499,English + Hindi Subtitles,"industry-recognized, in-demand",[1499]
922,"REST API - Advanced Patterns (Project-Based, LinkedIn Learning)",Web Development,rest api advanced patterns web development,Advanced,2,3.5,Dr. L. Fernandes,"Learn REST API through a advanced patterns focused course, covering key concepts in Web Development.",34162,2999,Hindi,"mentor-support, job-ready, industry-recognized","[407, 1828]"
923,"AWS - Introduction (Crash Course, Udemy)",Cloud & DevOps,aws introduction cloud & devops,Beginner,30,3.7,Dr. A. Sharma,"Learn AWS through a introduction focused course, covering key concepts in Cloud & DevOps.",370,4999,French,"in-demand, certificate, trending, beginner-friendly",[]
924,"NoSQL - Real World Projects (Crash Course, Pluralsight)",Databases,nosql real world projects databases,Beginner,15,4.7,Dr. A. Sharma,"Learn NoSQL through a real world projects focused course, covering key concepts in Databases.",38137,499,Spanish,"beginner-friendly, industry-recognized, in-demand, quiz-included",[]
925,"Supervised Learning - Optimization Strategies (Live Cohort, edX)",Machine Learning,supervised learning optimization strategies machine learning,Advanced,8,4.9,Prof. J. Mehta,"Learn Supervised Learning through a optimization strategies focused course, covering key concepts in Machine Learning.",44272,4999,French,"job-ready, hands-on, mentor-support, trending","[588, 1426]"
926,"Regression Analysis - Practical Examples (Live Cohort, LinkedIn Learning)",Statistics & Math,regression analysis practical examples statistics & math,Advanced,12,4.0,Prof. R. Iyer,"Learn Regression Analysis through a practical examples focused course, covering key concepts in Statistics & Math.",36038,2999,Spanish,"mentor-support, industry-recognized, hands-on","[860, 1662]"
927,"React - Deployment Strategies (Project-Based, LinkedIn Learning)",Web Development,react deployment strategies web development,Beginner,2,4.9,Prof. J. Mehta,"Learn React through a deployment strategies focused course, covering key concepts in Web Development.",33904,1999,Hindi,"mentor-support, certificate",[]
928,"Regression Analysis - Fundamentals (Self-Paced, Coursera)",Statistics & Math,regression analysis fundamentals statistics & math,Beginner,4,4.6,Mr. S. Gupta,"Learn Regression Analysis through a fundamentals focused course, covering key concepts in Statistics & Math.",29357,499,English,"certificate, quiz-included, in-demand, trending",[]
929,"LSTM - Case Studies (Project-Based, Coursera)",Deep Learning,lstm case studies deep learning,Advanced,25,4.5,Dr. N. Rao,"Learn LSTM through a case studies focused course, covering key concepts in Deep Learning.",21758,4999,Hindi,"project-based, beginner-friendly, hands-on, certificate",[1804]
930,"Optimization - Practical Examples (Crash Course, LinkedIn Learning)",Statistics & Math,optimization practical examples statistics & math,Advanced,10,4.7,Dr. A. Sharma,"Learn Optimization through a practical examples focused course, covering key concepts in Statistics & Math.",4633,2499,Hindi,"industry-recognized, project-based, mentor-support","[1420, 1662]"
931,"Docker - Best Practices (Live Cohort, Coursera)",Cloud & DevOps,docker best practices cloud & devops,Intermediate,2,4.2,Ms. P. Nair,"Learn Docker through a best practices focused course, covering key concepts in Cloud & DevOps.",37817,1999,English + Hindi Subtitles,"project-based, mentor-support, trending, industry-recognized","[1923, 1937]"
932,"Seaborn - Intermediate Techniques (Live Cohort, Coursera)",Data Visualization,seaborn intermediate techniques data visualization,Beginner,2,3.6,Dr. L. Fernandes,"Learn Seaborn through a intermediate techniques focused course, covering key concepts in Data Visualization.",9190,1999,English,"trending, certificate",[]
933,"Java - Data Structures (Project-Based, Udemy)",Programming,java data structures programming,Advanced,25,3.7,Ms. K. Verma,"Learn Java through a data structures focused course, covering key concepts in Programming.",42919,1499,French,"in-demand, project-based, hands-on","[1307, 1581]"
934,"PHP - Data Structures (Project-Based, Udemy)",Programming,php data structures programming,Beginner,15,3.7,Dr. L. Fernandes,"Learn PHP through a data structures focused course, covering key concepts in Programming.",22868,4999,English,"project-based, quiz-included, beginner-friendly",[]
935,"Public Speaking - Real World Scenarios (Self-Paced, Pluralsight)",Career Skills,public speaking real world scenarios career skills,Intermediate,8,4.7,Prof. M. Khan,"Learn Public Speaking through a real world scenarios focused course, covering key concepts in Career Skills.",41907,1499,Spanish,"beginner-friendly, industry-recognized, quiz-included",[1648]
936,"JavaScript - Design Patterns (Live Cohort, LinkedIn Learning)",Programming,javascript design patterns programming,Intermediate,2,3.5,Prof. R. Iyer,"Learn JavaScript through a design patterns focused course, covering key concepts in Programming.",10601,499,French,"trending, quiz-included",[54]
937,"Hyperparameter Tuning - Optimization Strategies (Self-Paced, Udemy)",Machine Learning,hyperparameter tuning optimization strategies machine learning,Advanced,25,3.7,Ms. P. Nair,"Learn Hyperparameter Tuning through a optimization strategies focused course, covering key concepts in Machine Learning.",4701,999,English + Hindi Subtitles,"in-demand, hands-on, project-based","[949, 1999]"
938,"Flask - Deployment Strategies (Project-Based, Udemy)",Web Development,flask deployment strategies web development,Advanced,15,3.7,Dr. A. Sharma,"Learn Flask through a deployment strategies focused course, covering key concepts in Web Development.",4136,3999,French,"industry-recognized, hands-on","[906, 1840]"
939,"LSTM - Fundamentals (Crash Course, Coursera)",Deep Learning,lstm fundamentals deep learning,Beginner,10,4.1,Dr. A. Sharma,"Learn LSTM through a fundamentals focused course, covering key concepts in Deep Learning.",3674,499,Hindi,"industry-recognized, trending, beginner-friendly, in-demand",[]
940,"Exploratory Data Analysis - Fundamentals (Crash Course, LinkedIn Learning)",Data Science,exploratory data analysis fundamentals data science,Beginner,4,3.5,Ms. K. Verma,"Learn Exploratory Data Analysis through a fundamentals focused course, covering key concepts in Data Science.",13290,999,French,"mentor-support, certificate, quiz-included, hands-on",[]
941,"Dashboard Design - Basics (Self-Paced, Coursera)",Data Visualization,dashboard design basics data visualization,Beginner,6,3.5,Dr. N. Rao,"Learn Dashboard Design through a basics focused course, covering key concepts in Data Visualization.",35038,2499,English,"mentor-support, in-demand, quiz-included",[]
942,"Seaborn - Best Practices (Self-Paced, DataCamp)",Data Visualization,seaborn best practices data visualization,Beginner,10,4.0,Dr. A. Sharma,"Learn Seaborn through a best practices focused course, covering key concepts in Data Visualization.",20168,999,Hindi,"mentor-support, industry-recognized, project-based",[]
943,"Interview Preparation - Fundamentals (Crash Course, edX)",Career Skills,interview preparation fundamentals career skills,Beginner,15,4.7,Dr. A. Sharma,"Learn Interview Preparation through a fundamentals focused course, covering key concepts in Career Skills.",7167,499,English + Hindi Subtitles,"hands-on, quiz-included",[]
944,"Statistical Analysis - Advanced Methods (Project-Based, DataCamp)",Data Science,statistical analysis advanced methods data science,Advanced,8,4.9,Dr. N. Rao,"Learn Statistical Analysis through a advanced methods focused course, covering key concepts in Data Science.",32381,999,English + Hindi Subtitles,"quiz-included, trending",[1271]
945,"Data Analysis - Industry Applications (Self-Paced, Pluralsight)",Data Science,data analysis industry applications data science,Intermediate,4,4.2,Ms. P. Nair,"Learn Data Analysis through a industry applications focused course, covering key concepts in Data Science.",35195,999,Hindi,"certificate, beginner-friendly, job-ready",[1220]
946,"Neural Networks - Foundations (Self-Paced, DataCamp)",Deep Learning,neural networks foundations deep learning,Advanced,6,4.1,Dr. A. Sharma,"Learn Neural Networks through a foundations focused course, covering key concepts in Deep Learning.",33533,2999,Spanish,"mentor-support, quiz-included, in-demand, certificate","[966, 1338]"
947,"Unsupervised Learning - Real World Case Studies (Project-Based, DataCamp)",Machine Learning,unsupervised learning real world case studies machine learning,Beginner,10,5.0,Prof. J. Mehta,"Learn Unsupervised Learning through a real world case studies focused course, covering key concepts in Machine Learning.",29112,2999,French,"trending, project-based, in-demand",[]
948,"Infrastructure as Code - Fundamentals (Self-Paced, DataCamp)",Cloud & DevOps,infrastructure as code fundamentals cloud & devops,Beginner,20,4.2,Prof. R. Iyer,"Learn Infrastructure as Code through a fundamentals focused course, covering key concepts in Cloud & DevOps.",43560,999,French,"industry-recognized, quiz-included",[]
949,"Hyperparameter Tuning - Introduction (Project-Based, Coursera)",Machine Learning,hyperparameter tuning introduction machine learning,Beginner,2,3.6,Prof. R. Iyer,"Learn Hyperparameter Tuning through a introduction focused course, covering key concepts in Machine Learning.",33590,1999,French,"job-ready, project-based, beginner-friendly, certificate",[]
950,"REST API - Best Practices (Crash Course, Pluralsight)",Web Development,rest api best practices web development,Beginner,12,4.8,Mr. S. Gupta,"Learn REST API through a best practices focused course, covering key concepts in Web Development.",20308,0,English + Hindi Subtitles,"mentor-support, in-demand, beginner-friendly, hands-on",[]
951,"Rust - Algorithms (Project-Based, Udemy)",Programming,rust algorithms programming,Beginner,4,4.0,Ms. P. Nair,"Learn Rust through a algorithms focused course, covering key concepts in Programming.",16716,2499,Hindi,"project-based, beginner-friendly, hands-on",[]
952,"Robotics - Introduction (Live Cohort, Pluralsight)",AI Specialized,robotics introduction ai specialized,Beginner,15,4.5,Dr. N. Rao,"Learn Robotics through a introduction focused course, covering key concepts in AI Specialized.",18700,499,English,"in-demand, job-ready",[]
953,"Supervised Learning - Hands-on Project (Project-Based, DataCamp)",Machine Learning,supervised learning hands on project machine learning,Beginner,25,4.3,Dr. L. Fernandes,"Learn Supervised Learning through a hands-on project focused course, covering key concepts in Machine Learning.",9767,3999,Hindi,"mentor-support, industry-recognized",[]
954,"A/B Testing - Real World Case Studies (Crash Course, edX)",Data Science,a/b testing real world case studies data science,Intermediate,8,4.0,Prof. J. Mehta,"Learn A/B Testing through a real world case studies focused course, covering key concepts in Data Science.",18991,4999,French,"certificate, trending","[509, 1037]"
955,"GANs - Fundamentals (Self-Paced, Coursera)",Deep Learning,gans fundamentals deep learning,Beginner,25,3.9,Ms. P. Nair,"Learn GANs through a fundamentals focused course, covering key concepts in Deep Learning.",35332,0,Spanish,"project-based, hands-on, quiz-included",[]
956,"Bayesian Inference - Fundamentals (Crash Course, Udemy)",Statistics & Math,bayesian inference fundamentals statistics & math,Beginner,4,4.7,Dr. A. Sharma,"Learn Bayesian Inference through a fundamentals focused course, covering key concepts in Statistics & Math.",12060,499,Hindi,"project-based, industry-recognized, in-demand",[]
957,"Go - Basics (Live Cohort, Coursera)",Programming,go basics programming,Beginner,4,4.7,Ms. K. Verma,"Learn Go through a basics focused course, covering key concepts in Programming.",16346,0,English,"mentor-support, hands-on, project-based, job-ready",[]
958,"Bayesian Inference - Practical Examples (Project-Based, LinkedIn Learning)",Statistics & Math,bayesian inference practical examples statistics & math,Advanced,25,4.1,Mr. S. Gupta,"Learn Bayesian Inference through a practical examples focused course, covering key concepts in Statistics & Math.",32699,999,English,"trending, mentor-support, hands-on, job-ready",[1111]
959,"Django - Building Projects (Live Cohort, Udemy)",Web Development,django building projects web development,Beginner,6,3.6,Mr. S. Gupta,"Learn Django through a building projects focused course, covering key concepts in Web Development.",7033,3999,French,"in-demand, hands-on, certificate, trending",[]
960,"Transformers - Foundations (Live Cohort, LinkedIn Learning)",Deep Learning,transformers foundations deep learning,Intermediate,2,4.9,Mr. S. Gupta,"Learn Transformers through a foundations focused course, covering key concepts in Deep Learning.",19667,3999,English,"certificate, job-ready",[348]
961,"Angular - Full Stack Development (Self-Paced, Pluralsight)",Web Development,angular full stack development web development,Advanced,4,4.4,Mr. T. Singh,"Learn Angular through a full stack development focused course, covering key concepts in Web Development.",42894,4999,Spanish,"certificate, mentor-support",[1501]
962,"Feature Engineering - Practical Implementation (Crash Course, Coursera)",Machine Learning,feature engineering practical implementation machine learning,Beginner,12,4.5,Prof. J. Mehta,"Learn Feature Engineering through a practical implementation focused course, covering key concepts in Machine Learning.",49384,0,French,"certificate, project-based, job-ready",[]
963,"Statistical Analysis - Real World Case Studies (Live Cohort, Coursera)",Data Science,statistical analysis real world case studies data science,Advanced,12,4.8,Dr. A. Sharma,"Learn Statistical Analysis through a real world case studies focused course, covering key concepts in Data Science.",41351,499,English,"job-ready, quiz-included",[375]
964,"Probability - Advanced Theory (Crash Course, Udemy)",Statistics & Math,probability advanced theory statistics & math,Advanced,12,4.3,Prof. R. Iyer,"Learn Probability through a advanced theory focused course, covering key concepts in Statistics & Math.",1633,3999,Hindi,"trending, job-ready, hands-on, industry-recognized",[1630]
965,"Big Data Processing - Practical Applications (Self-Paced, Coursera)",Data Science,big data processing practical applications data science,Beginner,20,4.4,Dr. A. Sharma,"Learn Big Data Processing through a practical applications focused course, covering key concepts in Data Science.",47012,1499,Spanish,"mentor-support, certificate",[]
966,"CNN - Fundamentals (Crash Course, DataCamp)",Deep Learning,cnn fundamentals deep learning,Beginner,15,3.5,Dr. L. Fernandes,"Learn CNN through a fundamentals focused course, covering key concepts in Deep Learning.",7428,3999,Hindi,"industry-recognized, mentor-support",[]
967,"AWS - Fundamentals (Live Cohort, Udemy)",Cloud & DevOps,aws fundamentals cloud & devops,Beginner,10,4.2,Prof. R. Iyer,"Learn AWS through a fundamentals focused course, covering key concepts in Cloud & DevOps.",35242,1499,Spanish,"industry-recognized, hands-on, job-ready",[]
968,"Reinforcement Learning - Advanced Architectures (Project-Based, edX)",Deep Learning,reinforcement learning advanced architectures deep learning,Advanced,25,4.8,Dr. A. Sharma,"Learn Reinforcement Learning through a advanced architectures focused course, covering key concepts in Deep Learning.",12081,1999,French,"trending, quiz-included",[1804]
969,"Statistics - Advanced Theory (Crash Course, Coursera)",Statistics & Math,statistics advanced theory statistics & math,Advanced,20,4.8,Dr. L. Fernandes,"Learn Statistics through a advanced theory focused course, covering key concepts in Statistics & Math.",2212,0,Hindi,"project-based, in-demand, industry-recognized, mentor-support",[1630]
970,"Neural Networks - Advanced Architectures (Project-Based, Udemy)",Deep Learning,neural networks advanced architectures deep learning,Advanced,8,4.8,Ms. K. Verma,"Learn Neural Networks through a advanced architectures focused course, covering key concepts in Deep Learning.",10784,499,Spanish,"hands-on, mentor-support, trending, project-based",[1473]
971,"Seaborn - Advanced Dashboards (Crash Course, Pluralsight)",Data Visualization,seaborn advanced dashboards data visualization,Advanced,20,3.9,Mr. T. Singh,"Learn Seaborn through a advanced dashboards focused course, covering key concepts in Data Visualization.",1455,2999,Spanish,"quiz-included, certificate, mentor-support, project-based","[1376, 1631]"
972,"Neural Networks - Case Studies (Live Cohort, edX)",Deep Learning,neural networks case studies deep learning,Advanced,4,3.9,Prof. M. Khan,"Learn Neural Networks through a case studies focused course, covering key concepts in Deep Learning.",45827,999,English,"hands-on, certificate, mentor-support",[1149]
973,"A/B Testing - Fundamentals (Project-Based, edX)",Data Science,a/b testing fundamentals data science,Beginner,10,4.7,Ms. P. Nair,"Learn A/B Testing through a fundamentals focused course, covering key concepts in Data Science.",4914,0,Spanish,"industry-recognized, in-demand",[]
974,"Plotly - Basics (Live Cohort, Udemy)",Data Visualization,plotly basics data visualization,Beginner,12,3.6,Dr. L. Fernandes,"Learn Plotly through a basics focused course, covering key concepts in Data Visualization.",17060,999,English + Hindi Subtitles,"certificate, trending",[]
975,"Node.js - Best Practices (Self-Paced, edX)",Web Development,node.js best practices web development,Beginner,30,3.7,Dr. L. Fernandes,"Learn Node.js through a best practices focused course, covering key concepts in Web Development.",19341,4999,English,"hands-on, in-demand",[]
976,"CI CD - Production Deployment (Project-Based, Coursera)",Cloud & DevOps,ci cd production deployment cloud & devops,Intermediate,4,4.6,Prof. J. Mehta,"Learn CI CD through a production deployment focused course, covering key concepts in Cloud & DevOps.",5038,0,English + Hindi Subtitles,"hands-on, beginner-friendly","[1052, 1552]"
977,"Freelancing - Practical Guide (Crash Course, Udemy)",Career Skills,freelancing practical guide career skills,Beginner,12,4.9,Ms. P. Nair,"Learn Freelancing through a practical guide focused course, covering key concepts in Career Skills.",31362,2499,French,"project-based, mentor-support, industry-recognized",[]
978,"REST API - Building Projects (Live Cohort, LinkedIn Learning)",Web Development,rest api building projects web development,Beginner,30,4.8,Mr. S. Gupta,"Learn REST API through a building projects focused course, covering key concepts in Web Development.",20456,4999,English,"hands-on, quiz-included",[]
979,"Angular - Deployment Strategies (Crash Course, Udemy)",Web Development,angular deployment strategies web development,Beginner,4,4.8,Dr. N. Rao,"Learn Angular through a deployment strategies focused course, covering key concepts in Web Development.",32830,2999,English + Hindi Subtitles,"job-ready, trending",[]
980,"Rust - Algorithms (Crash Course, edX)",Programming,rust algorithms programming,Advanced,15,4.8,Prof. R. Iyer,"Learn Rust through a algorithms focused course, covering key concepts in Programming.",21125,3999,Hindi,"quiz-included, in-demand, certificate, job-ready","[142, 677]"
981,"Graph Databases - Performance Tuning (Live Cohort, Udemy)",Databases,graph databases performance tuning databases,Advanced,4,4.9,Mr. T. Singh,"Learn Graph Databases through a performance tuning focused course, covering key concepts in Databases.",21745,499,Hindi,"in-demand, quiz-included",[699]
982,"Seaborn - Real World Projects (Live Cohort, Coursera)",Data Visualization,seaborn real world projects data visualization,Advanced,20,4.3,Prof. M. Khan,"Learn Seaborn through a real world projects focused course, covering key concepts in Data Visualization.",23892,1999,Hindi,"hands-on, job-ready, beginner-friendly",[1631]
983,"Probability - Applied Techniques (Self-Paced, DataCamp)",Statistics & Math,probability applied techniques statistics & math,Beginner,15,3.5,Dr. N. Rao,"Learn Probability through a applied techniques focused course, covering key concepts in Statistics & Math.",19333,2999,English + Hindi Subtitles,"mentor-support, job-ready, trending",[]
984,"Database Optimization - Intermediate Queries (Self-Paced, Pluralsight)",Databases,database optimization intermediate queries databases,Beginner,2,4.0,Mr. T. Singh,"Learn Database Optimization through a intermediate queries focused course, covering key concepts in Databases.",6818,0,Spanish,"hands-on, trending",[]
985,"Docker - Fundamentals (Crash Course, edX)",Cloud & DevOps,docker fundamentals cloud & devops,Beginner,20,3.7,Ms. P. Nair,"Learn Docker through a fundamentals focused course, covering key concepts in Cloud & DevOps.",17423,3999,French,"industry-recognized, job-ready, hands-on, certificate",[]
986,"Robotics - Advanced Applications (Project-Based, Udemy)",AI Specialized,robotics advanced applications ai specialized,Advanced,20,4.0,Mr. S. Gupta,"Learn Robotics through a advanced applications focused course, covering key concepts in AI Specialized.",34889,0,Hindi,"project-based, certificate, in-demand",[1023]
987,"Power BI - Best Practices (Self-Paced, Coursera)",Data Visualization,power bi best practices data visualization,Advanced,12,4.6,Ms. K. Verma,"Learn Power BI through a best practices focused course, covering key concepts in Data Visualization.",25271,0,Hindi,"beginner-friendly, quiz-included, project-based, mentor-support","[73, 466]"
988,"Angular - Building Projects (Project-Based, Udemy)",Web Development,angular building projects web development,Intermediate,25,4.1,Ms. K. Verma,"Learn Angular through a building projects focused course, covering key concepts in Web Development.",29698,999,French,"project-based, hands-on, job-ready, industry-recognized",[114]
989,"Probability - Intermediate Concepts (Project-Based, DataCamp)",Statistics & Math,probability intermediate concepts statistics & math,Intermediate,10,3.7,Mr. T. Singh,"Learn Probability through a intermediate concepts focused course, covering key concepts in Statistics & Math.",42925,2999,Hindi,"job-ready, certificate",[1024]
990,"MySQL - Advanced Techniques (Project-Based, DataCamp)",Databases,mysql advanced techniques databases,Advanced,8,4.9,Mr. S. Gupta,"Learn MySQL through a advanced techniques focused course, covering key concepts in Databases.",47770,4999,Spanish,"mentor-support, beginner-friendly, quiz-included",[1950]
991,"JavaScript - Best Practices (Crash Course, Coursera)",Programming,javascript best practices programming,Advanced,6,3.8,Dr. L. Fernandes,"Learn JavaScript through a best practices focused course, covering key concepts in Programming.",28411,4999,Spanish,"hands-on, mentor-support, in-demand, trending",[1451]
992,"Data Cleaning - Fundamentals (Self-Paced, Pluralsight)",Data Science,data cleaning fundamentals data science,Beginner,10,4.3,Dr. L. Fernandes,"Learn Data Cleaning through a fundamentals focused course, covering key concepts in Data Science.",25930,1499,Hindi,"quiz-included, in-demand",[]
993,"Plotly - Intermediate Techniques (Crash Course, DataCamp)",Data Visualization,plotly intermediate techniques data visualization,Beginner,10,3.5,Dr. A. Sharma,"Learn Plotly through a intermediate techniques focused course, covering key concepts in Data Visualization.",45193,4999,French,"job-ready, industry-recognized",[]
994,"FastAPI - Deployment Strategies (Self-Paced, Pluralsight)",Web Development,fastapi deployment strategies web development,Advanced,15,4.6,Prof. M. Khan,"Learn FastAPI through a deployment strategies focused course, covering key concepts in Web Development.",39221,3999,Spanish,"hands-on, quiz-included, industry-recognized","[102, 1120]"
995,"Discrete Mathematics - Fundamentals (Project-Based, edX)",Statistics & Math,discrete mathematics fundamentals statistics & math,Beginner,12,4.1,Dr. A. Sharma,"Learn Discrete Mathematics through a fundamentals focused course, covering key concepts in Statistics & Math.",48433,3999,French,"job-ready, in-demand, quiz-included, beginner-friendly",[]
996,"Team Collaboration - Practical Guide (Crash Course, Pluralsight)",Career Skills,team collaboration practical guide career skills,Intermediate,6,4.2,Prof. R. Iyer,"Learn Team Collaboration through a practical guide focused course, covering key concepts in Career Skills.",38599,0,Hindi,"project-based, beginner-friendly, trending, industry-recognized","[1645, 1879]"
997,"Dashboard Design - Real World Projects (Live Cohort, Udemy)",Data Visualization,dashboard design real world projects data visualization,Beginner,15,4.6,Ms. K. Verma,"Learn Dashboard Design through a real world projects focused course, covering key concepts in Data Visualization.",29997,1499,Hindi,"beginner-friendly, in-demand",[]
998,"Data Wrangling - Best Practices (Project-Based, LinkedIn Learning)",Data Science,data wrangling best practices data science,Advanced,6,4.2,Prof. R. Iyer,"Learn Data Wrangling through a best practices focused course, covering key concepts in Data Science.",5065,3999,English + Hindi Subtitles,"job-ready, mentor-support, certificate, industry-recognized","[992, 1531]"
999,"GANs - Foundations (Crash Course, edX)",Deep Learning,gans foundations deep learning,Beginner,15,3.7,Dr. N. Rao,"Learn GANs through a foundations focused course, covering key concepts in Deep Learning.",10479,4999,English + Hindi Subtitles,"project-based, in-demand",[]
1000,"Generative AI - Introduction (Live Cohort, Udemy)",AI Specialized,generative ai introduction ai specialized,Beginner,25,4.1,Dr. L. Fernandes,"Learn Generative AI through a introduction focused course, covering key concepts in AI Specialized.",15399,0,English + Hindi Subtitles,"certificate, mentor-support",[]
1001,"Transformers - Foundations (Self-Paced, LinkedIn Learning)",Deep Learning,transformers foundations deep learning,Advanced,2,3.8,Ms. K. Verma,"Learn Transformers through a foundations focused course, covering key concepts in Deep Learning.",12417,0,Hindi,"mentor-support, trending, hands-on, job-ready",[1018]
1002,"Interactive Charts - Advanced Dashboards (Crash Course, DataCamp)",Data Visualization,interactive charts advanced dashboards data visualization,Advanced,6,4.5,Dr. N. Rao,"Learn Interactive Charts through a advanced dashboards focused course, covering key concepts in Data Visualization.",32620,499,English,"trending, hands-on, certificate","[932, 1161]"
1003,"Neural Networks - Practical Applications (Live Cohort, DataCamp)",Deep Learning,neural networks practical applications deep learning,Intermediate,20,4.8,Dr. A. Sharma,"Learn Neural Networks through a practical applications focused course, covering key concepts in Deep Learning.",14308,499,Spanish,"job-ready, hands-on",[1072]
1004,"Statistics - Advanced Theory (Live Cohort, Pluralsight)",Statistics & Math,statistics advanced theory statistics & math,Advanced,2,4.9,Dr. N. Rao,"Learn Statistics through a advanced theory focused course, covering key concepts in Statistics & Math.",38377,1499,Hindi,"mentor-support, job-ready",[1444]
1005,"Data Storytelling - Advanced Dashboards (Self-Paced, Pluralsight)",Data Visualization,data storytelling advanced dashboards data visualization,Advanced,10,4.9,Ms. P. Nair,"Learn Data Storytelling through a advanced dashboards focused course, covering key concepts in Data Visualization.",38001,1499,English,"beginner-friendly, project-based, job-ready",[2062]
1006,"MLOps - Advanced Configuration (Crash Course, LinkedIn Learning)",Cloud & DevOps,mlops advanced configuration cloud & devops,Advanced,8,4.9,Dr. A. Sharma,"Learn MLOps through a advanced configuration focused course, covering key concepts in Cloud & DevOps.",35534,1499,French,"mentor-support, quiz-included",[1736]
1007,"Transfer Learning - Hands-on Project (Self-Paced, edX)",Deep Learning,transfer learning hands on project deep learning,Intermediate,2,3.7,Prof. M. Khan,"Learn Transfer Learning through a hands-on project focused course, covering key concepts in Deep Learning.",40505,4999,English + Hindi Subtitles,"in-demand, industry-recognized","[101, 1667]"
1008,"AWS - Hands-on Practice (Project-Based, Coursera)",Cloud & DevOps,aws hands on practice cloud & devops,Advanced,30,3.8,Mr. T. Singh,"Learn AWS through a hands-on practice focused course, covering key concepts in Cloud & DevOps.",46072,999,Spanish,"trending, certificate",[1923]
1009,"Data Warehousing - Performance Tuning (Self-Paced, Coursera)",Databases,data warehousing performance tuning databases,Beginner,30,3.7,Ms. P. Nair,"Learn Data Warehousing through a performance tuning focused course, covering key concepts in Databases.",14712,2499,English,"in-demand, mentor-support, hands-on",[]
1010,"Ensemble Methods - Hands-on Project (Live Cohort, Pluralsight)",Machine Learning,ensemble methods hands on project machine learning,Beginner,15,4.6,Mr. T. Singh,"Learn Ensemble Methods through a hands-on project focused course, covering key concepts in Machine Learning.",26045,2499,Hindi,"beginner-friendly, trending, project-based",[]
1011,"Python - Data Structures (Live Cohort, DataCamp)",Programming,python data structures programming,Intermediate,8,4.4,Dr. N. Rao,"Learn Python through a data structures focused course, covering key concepts in Programming.",41007,2499,English,"hands-on, trending, mentor-support",[405]
1012,"Bayesian Inference - Fundamentals (Live Cohort, Coursera)",Statistics & Math,bayesian inference fundamentals statistics & math,Beginner,10,4.7,Ms. P. Nair,"Learn Bayesian Inference through a fundamentals focused course, covering key concepts in Statistics & Math.",49182,3999,English + Hindi Subtitles,"hands-on, beginner-friendly, in-demand",[]
1013,"MLOps - Production Deployment (Live Cohort, Udemy)",Cloud & DevOps,mlops production deployment cloud & devops,Advanced,2,4.5,Prof. R. Iyer,"Learn MLOps through a production deployment focused course, covering key concepts in Cloud & DevOps.",37180,999,French,"beginner-friendly, in-demand","[1297, 1923]"
1014,"Data Mining - Practical Applications (Project-Based, Pluralsight)",Data Science,data mining practical applications data science,Beginner,12,4.7,Dr. N. Rao,"Learn Data Mining through a practical applications focused course, covering key concepts in Data Science.",15760,0,English + Hindi Subtitles,"trending, hands-on, industry-recognized",[]
1015,"Freelancing - Best Practices (Crash Course, edX)",Career Skills,freelancing best practices career skills,Beginner,6,4.0,Mr. S. Gupta,"Learn Freelancing through a best practices focused course, covering key concepts in Career Skills.",16354,1499,Hindi,"beginner-friendly, industry-recognized",[]
1016,"Unsupervised Learning - Real World Case Studies (Self-Paced, LinkedIn Learning)",Machine Learning,unsupervised learning real world case studies machine learning,Intermediate,4,3.6,Prof. M. Khan,"Learn Unsupervised Learning through a real world case studies focused course, covering key concepts in Machine Learning.",42877,2499,English + Hindi Subtitles,"certificate, industry-recognized",[1654]
1017,"Transfer Learning - Research Perspectives (Project-Based, DataCamp)",Deep Learning,transfer learning research perspectives deep learning,Advanced,10,4.0,Dr. A. Sharma,"Learn Transfer Learning through a research perspectives focused course, covering key concepts in Deep Learning.",14963,2999,French,"trending, in-demand, project-based, quiz-included",[890]
1018,"Reinforcement Learning - Practical Applications (Live Cohort, edX)",Deep Learning,reinforcement learning practical applications deep learning,Beginner,30,3.8,Mr. S. Gupta,"Learn Reinforcement Learning through a practical applications focused course, covering key concepts in Deep Learning.",12781,999,English + Hindi Subtitles,"mentor-support, beginner-friendly",[]
1019,"Time Series Analysis - Fundamentals (Project-Based, DataCamp)",Statistics & Math,time series analysis fundamentals statistics & math,Beginner,30,4.1,Dr. A. Sharma,"Learn Time Series Analysis through a fundamentals focused course, covering key concepts in Statistics & Math.",35369,0,English + Hindi Subtitles,"trending, industry-recognized, certificate, job-ready",[]
1020,"AutoML - Introduction (Self-Paced, Pluralsight)",Machine Learning,automl introduction machine learning,Beginner,10,4.6,Prof. R. Iyer,"Learn AutoML through a introduction focused course, covering key concepts in Machine Learning.",10746,0,Spanish,"in-demand, mentor-support, quiz-included",[]
1021,"Calculus - Intermediate Concepts (Live Cohort, edX)",Statistics & Math,calculus intermediate concepts statistics & math,Advanced,30,4.4,Dr. A. Sharma,"Learn Calculus through a intermediate concepts focused course, covering key concepts in Statistics & Math.",7876,999,Hindi,"mentor-support, industry-recognized, certificate","[567, 1028]"
1022,"Pandas - Real World Case Studies (Live Cohort, edX)",Data Science,pandas real world case studies data science,Intermediate,20,4.0,Prof. M. Khan,"Learn Pandas through a real world case studies focused course, covering key concepts in Data Science.",18359,999,English,"mentor-support, beginner-friendly",[1471]
1023,"Computer Vision - Introduction (Self-Paced, edX)",AI Specialized,computer vision introduction ai specialized,Beginner,30,4.7,Dr. N. Rao,"Learn Computer Vision through a introduction focused course, covering key concepts in AI Specialized.",42153,499,French,"job-ready, quiz-included",[]
1024,"Bayesian Inference - Fundamentals (Project-Based, LinkedIn Learning)",Statistics & Math,bayesian inference fundamentals statistics & math,Beginner,30,5.0,Prof. R. Iyer,"Learn Bayesian Inference through a fundamentals focused course, covering key concepts in Statistics & Math.",38551,999,Hindi,"job-ready, certificate, industry-recognized",[]
1025,"Go - Object Oriented Programming (Project-Based, LinkedIn Learning)",Programming,go object oriented programming programming,Beginner,20,4.1,Ms. P. Nair,"Learn Go through a object oriented programming focused course, covering key concepts in Programming.",8545,2999,English + Hindi Subtitles,"quiz-included, beginner-friendly, mentor-support",[]
1026,"Transfer Learning - Foundations (Live Cohort, edX)",Deep Learning,transfer learning foundations deep learning,Intermediate,15,3.7,Ms. K. Verma,"Learn Transfer Learning through a foundations focused course, covering key concepts in Deep Learning.",46105,0,French,"certificate, job-ready, industry-recognized",[1370]
1027,"Data Storytelling - Intermediate Techniques (Live Cohort, LinkedIn Learning)",Data Visualization,data storytelling intermediate techniques data visualization,Beginner,2,4.4,Ms. K. Verma,"Learn Data Storytelling through a intermediate techniques focused course, covering key concepts in Data Visualization.",43393,4999,English + Hindi Subtitles,"beginner-friendly, project-based, hands-on",[]
1028,"Time Series Analysis - Intermediate Concepts (Self-Paced, LinkedIn Learning)",Statistics & Math,time series analysis intermediate concepts statistics & math,Beginner,6,4.6,Prof. R. Iyer,"Learn Time Series Analysis through a intermediate concepts focused course, covering key concepts in Statistics & Math.",23338,1499,English + Hindi Subtitles,"hands-on, quiz-included, certificate",[]
1029,"Regression Analysis - Practical Examples (Crash Course, Udemy)",Statistics & Math,regression analysis practical examples statistics & math,Intermediate,8,4.6,Ms. K. Verma,"Learn Regression Analysis through a practical examples focused course, covering key concepts in Statistics & Math.",6727,499,English + Hindi Subtitles,"hands-on, trending","[189, 2022]"
1030,"Agile Methodology - Real World Scenarios (Live Cohort, Coursera)",Career Skills,agile methodology real world scenarios career skills,Intermediate,20,4.9,Mr. T. Singh,"Learn Agile Methodology through a real world scenarios focused course, covering key concepts in Career Skills.",41943,999,English + Hindi Subtitles,"in-demand, beginner-friendly, quiz-included","[629, 2049]"
1031,"Bayesian Inference - Practical Examples (Project-Based, Udemy)",Statistics & Math,bayesian inference practical examples statistics & math,Advanced,10,4.8,Ms. K. Verma,"Learn Bayesian Inference through a practical examples focused course, covering key concepts in Statistics & Math.",6272,4999,French,"project-based, quiz-included",[1843]
1032,"SQL - Intermediate Queries (Crash Course, Udemy)",Databases,sql intermediate queries databases,Advanced,25,4.7,Prof. J. Mehta,"Learn SQL through a intermediate queries focused course, covering key concepts in Databases.",11968,0,English + Hindi Subtitles,"job-ready, in-demand, hands-on, industry-recognized",[1792]
1033,"Java - Object Oriented Programming (Crash Course, edX)",Programming,java object oriented programming programming,Intermediate,15,4.7,Mr. S. Gupta,"Learn Java through a object oriented programming focused course, covering key concepts in Programming.",13845,1499,Hindi,"in-demand, trending, mentor-support, beginner-friendly",[107]
1034,"Generative AI - Fundamentals (Live Cohort, Pluralsight)",AI Specialized,generative ai fundamentals ai specialized,Beginner,4,4.0,Prof. J. Mehta,"Learn Generative AI through a fundamentals focused course, covering key concepts in AI Specialized.",3896,999,English + Hindi Subtitles,"trending, project-based, mentor-support",[]
1035,"Regression Analysis - Intermediate Concepts (Live Cohort, Pluralsight)",Statistics & Math,regression analysis intermediate concepts statistics & math,Intermediate,2,4.8,Prof. M. Khan,"Learn Regression Analysis through a intermediate concepts focused course, covering key concepts in Statistics & Math.",41866,4999,English + Hindi Subtitles,"trending, in-demand, industry-recognized, mentor-support",[389]
1036,"Azure - Production Deployment (Live Cohort, edX)",Cloud & DevOps,azure production deployment cloud & devops,Advanced,25,3.8,Prof. M. Khan,"Learn Azure through a production deployment focused course, covering key concepts in Cloud & DevOps.",45990,2999,Spanish,"mentor-support, beginner-friendly",[18]
1037,"Statistical Analysis - Real World Case Studies (Project-Based, LinkedIn Learning)",Data Science,statistical analysis real world case studies data science,Beginner,25,3.9,Mr. T. Singh,"Learn Statistical Analysis through a real world case studies focused course, covering key concepts in Data Science.",8363,999,English + Hindi Subtitles,"industry-recognized, quiz-included, trending",[]
1038,"Infrastructure as Code - Advanced Configuration (Crash Course, edX)",Cloud & DevOps,infrastructure as code advanced configuration cloud & devops,Advanced,30,4.1,Dr. L. Fernandes,"Learn Infrastructure as Code through a advanced configuration focused course, covering key concepts in Cloud & DevOps.",10571,999,Hindi,"hands-on, certificate, beginner-friendly","[841, 1366]"
1039,"Feature Engineering - Hands-on Project (Crash Course, Coursera)",Machine Learning,feature engineering hands on project machine learning,Intermediate,15,3.8,Dr. N. Rao,"Learn Feature Engineering through a hands-on project focused course, covering key concepts in Machine Learning.",29459,999,French,"industry-recognized, project-based, beginner-friendly",[2096]
1040,"React - Advanced Patterns (Project-Based, Udemy)",Web Development,react advanced patterns web development,Advanced,2,3.6,Ms. K. Verma,"Learn React through a advanced patterns focused course, covering key concepts in Web Development.",10801,1499,English + Hindi Subtitles,"project-based, beginner-friendly",[114]
1041,"Kotlin - Functional Programming (Self-Paced, LinkedIn Learning)",Programming,kotlin functional programming programming,Advanced,2,4.7,Prof. J. Mehta,"Learn Kotlin through a functional programming focused course, covering key concepts in Programming.",46167,2999,Spanish,"job-ready, hands-on",[192]
1042,"Feature Engineering - Practical Implementation (Project-Based, edX)",Machine Learning,feature engineering practical implementation machine learning,Beginner,15,4.1,Dr. N. Rao,"Learn Feature Engineering through a practical implementation focused course, covering key concepts in Machine Learning.",22608,0,French,"mentor-support, industry-recognized, beginner-friendly",[]
1043,"Java - Object Oriented Programming (Self-Paced, Udemy)",Programming,java object oriented programming programming,Beginner,20,4.8,Dr. A. Sharma,"Learn Java through a object oriented programming focused course, covering key concepts in Programming.",1379,1499,French,"hands-on, certificate",[]
1044,"Serverless Computing - Best Practices (Self-Paced, LinkedIn Learning)",Cloud & DevOps,serverless computing best practices cloud & devops,Advanced,8,3.9,Mr. S. Gupta,"Learn Serverless Computing through a best practices focused course, covering key concepts in Cloud & DevOps.",35457,999,Hindi,"project-based, job-ready",[542]
1045,"Matplotlib - Advanced Dashboards (Live Cohort, Udemy)",Data Visualization,matplotlib advanced dashboards data visualization,Advanced,4,4.9,Mr. S. Gupta,"Learn Matplotlib through a advanced dashboards focused course, covering key concepts in Data Visualization.",25205,0,English,"hands-on, trending, beginner-friendly",[1335]
1046,"Data Warehousing - Advanced Techniques (Crash Course, DataCamp)",Databases,data warehousing advanced techniques databases,Advanced,20,4.5,Prof. M. Khan,"Learn Data Warehousing through a advanced techniques focused course, covering key concepts in Databases.",26362,1999,Spanish,"mentor-support, hands-on","[674, 1743]"
1047,"LSTM - Foundations (Self-Paced, LinkedIn Learning)",Deep Learning,lstm foundations deep learning,Intermediate,15,4.8,Ms. P. Nair,"Learn LSTM through a foundations focused course, covering key concepts in Deep Learning.",18590,1499,French,"quiz-included, hands-on, trending, project-based","[955, 1913]"
1048,"CI CD - Best Practices (Crash Course, Coursera)",Cloud & DevOps,ci cd best practices cloud & devops,Intermediate,8,4.2,Mr. S. Gupta,"Learn CI CD through a best practices focused course, covering key concepts in Cloud & DevOps.",17934,2999,English,"mentor-support, beginner-friendly, industry-recognized",[1110]
1049,"Graph Databases - Intermediate Queries (Self-Paced, edX)",Databases,graph databases intermediate queries databases,Advanced,4,3.8,Mr. S. Gupta,"Learn Graph Databases through a intermediate queries focused course, covering key concepts in Databases.",27043,499,English,"in-demand, project-based, trending, quiz-included",[1795]
1050,"PHP - Basics (Self-Paced, Udemy)",Programming,php basics programming,Beginner,4,4.9,Dr. N. Rao,"Learn PHP through a basics focused course, covering key concepts in Programming.",9142,1499,English,"quiz-included, project-based, trending",[]
1051,"Autoencoders - Research Perspectives (Self-Paced, edX)",Deep Learning,autoencoders research perspectives deep learning,Advanced,8,4.2,Mr. T. Singh,"Learn Autoencoders through a research perspectives focused course, covering key concepts in Deep Learning.",30943,2999,French,"job-ready, mentor-support, hands-on",[1804]
1052,"Infrastructure as Code - Introduction (Self-Paced, Pluralsight)",Cloud & DevOps,infrastructure as code introduction cloud & devops,Beginner,15,4.8,Mr. S. Gupta,"Learn Infrastructure as Code through a introduction focused course, covering key concepts in Cloud & DevOps.",16600,1999,Hindi,"hands-on, project-based, mentor-support, job-ready",[]
1053,"Django - Full Stack Development (Project-Based, DataCamp)",Web Development,django full stack development web development,Beginner,20,4.0,Prof. M. Khan,"Learn Django through a full stack development focused course, covering key concepts in Web Development.",6709,4999,French,"hands-on, certificate, job-ready",[]
1054,"Statistics - Advanced Theory (Project-Based, DataCamp)",Statistics & Math,statistics advanced theory statistics & math,Advanced,30,4.3,Ms. K. Verma,"Learn Statistics through a advanced theory focused course, covering key concepts in Statistics & Math.",19796,999,English,"project-based, trending",[1630]
1055,"Kubernetes - Introduction (Self-Paced, Coursera)",Cloud & DevOps,kubernetes introduction cloud & devops,Beginner,8,4.2,Dr. N. Rao,"Learn Kubernetes through a introduction focused course, covering key concepts in Cloud & DevOps.",17669,499,Spanish,"industry-recognized, project-based",[]
1056,"Exploratory Data Analysis - Fundamentals (Project-Based, DataCamp)",Data Science,exploratory data analysis fundamentals data science,Beginner,12,4.1,Prof. M. Khan,"Learn Exploratory Data Analysis through a fundamentals focused course, covering key concepts in Data Science.",13019,4999,Spanish,"project-based, job-ready, hands-on, certificate",[]
1057,"A/B Testing - Practical Applications (Project-Based, Coursera)",Data Science,a/b testing practical applications data science,Intermediate,10,4.7,Prof. M. Khan,"Learn A/B Testing through a practical applications focused course, covering key concepts in Data Science.",48997,1499,Spanish,"mentor-support, trending",[1856]
1058,"Prompt Engineering - Advanced Applications (Crash Course, Pluralsight)",AI Specialized,prompt engineering advanced applications ai specialized,Advanced,2,3.9,Mr. T. Singh,"Learn Prompt Engineering through a advanced applications focused course, covering key concepts in AI Specialized.",11484,1499,French,"project-based, certificate, hands-on",[660]
1059,"Data Cleaning - Intermediate Techniques (Live Cohort, edX)",Data Science,data cleaning intermediate techniques data science,Beginner,30,4.0,Dr. L. Fernandes,"Learn Data Cleaning through a intermediate techniques focused course, covering key concepts in Data Science.",22249,2499,Spanish,"project-based, beginner-friendly, certificate, industry-recognized",[]
1060,"Transformers - Hands-on Project (Live Cohort, Udemy)",Deep Learning,transformers hands on project deep learning,Advanced,10,3.9,Prof. J. Mehta,"Learn Transformers through a hands-on project focused course, covering key concepts in Deep Learning.",39694,0,English,"industry-recognized, job-ready, certificate, beginner-friendly",[751]
1061,"GANs - Hands-on Project (Self-Paced, LinkedIn Learning)",Deep Learning,gans hands on project deep learning,Advanced,15,3.6,Mr. T. Singh,"Learn GANs through a hands-on project focused course, covering key concepts in Deep Learning.",42587,2999,English,"industry-recognized, job-ready, project-based",[939]
1062,"JavaScript - Functional Programming (Project-Based, edX)",Programming,javascript functional programming programming,Intermediate,8,4.2,Ms. P. Nair,"Learn JavaScript through a functional programming focused course, covering key concepts in Programming.",47843,2999,English,"job-ready, quiz-included, mentor-support, beginner-friendly","[1103, 1478]"
1063,"MongoDB - Advanced Techniques (Crash Course, DataCamp)",Databases,mongodb advanced techniques databases,Advanced,20,3.7,Ms. P. Nair,"Learn MongoDB through a advanced techniques focused course, covering key concepts in Databases.",49630,1499,Spanish,"certificate, quiz-included, project-based, trending",[286]
1064,"Clustering - Advanced Techniques (Live Cohort, edX)",Machine Learning,clustering advanced techniques machine learning,Advanced,25,4.1,Dr. L. Fernandes,"Learn Clustering through a advanced techniques focused course, covering key concepts in Machine Learning.",49075,0,English,"job-ready, in-demand",[1668]
1065,"Seaborn - Real World Projects (Self-Paced, DataCamp)",Data Visualization,seaborn real world projects data visualization,Advanced,6,4.4,Prof. R. Iyer,"Learn Seaborn through a real world projects focused course, covering key concepts in Data Visualization.",876,4999,English + Hindi Subtitles,"hands-on, job-ready, mentor-support",[122]
1066,"PostgreSQL - Intermediate Queries (Project-Based, DataCamp)",Databases,postgresql intermediate queries databases,Beginner,10,5.0,Prof. M. Khan,"Learn PostgreSQL through a intermediate queries focused course, covering key concepts in Databases.",27144,2999,English,"hands-on, industry-recognized, trending",[]
1067,"Probability - Applied Techniques (Live Cohort, edX)",Statistics & Math,probability applied techniques statistics & math,Intermediate,10,4.9,Prof. J. Mehta,"Learn Probability through a applied techniques focused course, covering key concepts in Statistics & Math.",33520,1499,Hindi,"mentor-support, job-ready","[361, 1217]"
1068,"Dashboard Design - Intermediate Techniques (Live Cohort, Coursera)",Data Visualization,dashboard design intermediate techniques data visualization,Advanced,20,4.5,Dr. A. Sharma,"Learn Dashboard Design through a intermediate techniques focused course, covering key concepts in Data Visualization.",26662,3999,English,"beginner-friendly, in-demand, trending, industry-recognized",[336]
1069,"Regression - Advanced Techniques (Crash Course, Udemy)",Machine Learning,regression advanced techniques machine learning,Advanced,20,4.9,Dr. N. Rao,"Learn Regression through a advanced techniques focused course, covering key concepts in Machine Learning.",5476,0,French,"trending, in-demand, mentor-support",[383]
1070,"Data Warehousing - Performance Tuning (Project-Based, Pluralsight)",Databases,data warehousing performance tuning databases,Intermediate,8,4.3,Prof. M. Khan,"Learn Data Warehousing through a performance tuning focused course, covering key concepts in Databases.",44468,0,Spanish,"industry-recognized, mentor-support, in-demand","[1658, 1939]"
1071,"AWS - Advanced Configuration (Project-Based, Pluralsight)",Cloud & DevOps,aws advanced configuration cloud & devops,Advanced,6,4.5,Prof. J. Mehta,"Learn AWS through a advanced configuration focused course, covering key concepts in Cloud & DevOps.",33161,3999,Spanish,"quiz-included, in-demand",[1736]
1072,"Neural Networks - Case Studies (Crash Course, LinkedIn Learning)",Deep Learning,neural networks case studies deep learning,Beginner,10,4.4,Ms. K. Verma,"Learn Neural Networks through a case studies focused course, covering key concepts in Deep Learning.",7879,3999,English,"trending, mentor-support, certificate",[]
1073,"Ensemble Methods - Practical Implementation (Crash Course, edX)",Machine Learning,ensemble methods practical implementation machine learning,Advanced,15,4.5,Mr. T. Singh,"Learn Ensemble Methods through a practical implementation focused course, covering key concepts in Machine Learning.",2099,2999,Spanish,"beginner-friendly, hands-on","[266, 2016]"
1074,"MongoDB - Advanced Techniques (Self-Paced, Udemy)",Databases,mongodb advanced techniques databases,Advanced,15,4.6,Prof. J. Mehta,"Learn MongoDB through a advanced techniques focused course, covering key concepts in Databases.",44463,0,Spanish,"in-demand, beginner-friendly","[286, 1109]"
1075,"Rust - Object Oriented Programming (Crash Course, edX)",Programming,rust object oriented programming programming,Advanced,30,3.6,Prof. J. Mehta,"Learn Rust through a object oriented programming focused course, covering key concepts in Programming.",35310,999,Spanish,"trending, beginner-friendly",[576]
1076,"Feature Engineering - Advanced Techniques (Crash Course, edX)",Machine Learning,feature engineering advanced techniques machine learning,Advanced,12,4.9,Mr. S. Gupta,"Learn Feature Engineering through a advanced techniques focused course, covering key concepts in Machine Learning.",15444,3999,English,"hands-on, trending, mentor-support","[737, 1661]"
1077,"Optimization - Applied Techniques (Crash Course, Udemy)",Statistics & Math,optimization applied techniques statistics & math,Intermediate,30,3.9,Ms. P. Nair,"Learn Optimization through a applied techniques focused course, covering key concepts in Statistics & Math.",38640,1999,Hindi,"industry-recognized, trending",[1843]
1078,"Data Storytelling - Best Practices (Crash Course, Udemy)",Data Visualization,data storytelling best practices data visualization,Advanced,8,5.0,Prof. R. Iyer,"Learn Data Storytelling through a best practices focused course, covering key concepts in Data Visualization.",44358,1499,English + Hindi Subtitles,"in-demand, hands-on, certificate","[725, 1764]"
1079,"Team Collaboration - Fundamentals (Project-Based, Pluralsight)",Career Skills,team collaboration fundamentals career skills,Beginner,10,4.0,Prof. J. Mehta,"Learn Team Collaboration through a fundamentals focused course, covering key concepts in Career Skills.",40159,2999,Spanish,"mentor-support, beginner-friendly",[]
1080,"Chatbot Development - Case Studies (Live Cohort, edX)",AI Specialized,chatbot development case studies ai specialized,Beginner,30,4.0,Dr. L. Fernandes,"Learn Chatbot Development through a case studies focused course, covering key concepts in AI Specialized.",28932,1499,English,"project-based, trending, beginner-friendly",[]
1081,"TypeScript - Testing and Debugging (Crash Course, DataCamp)",Programming,typescript testing and debugging programming,Intermediate,8,4.3,Dr. L. Fernandes,"Learn TypeScript through a testing and debugging focused course, covering key concepts in Programming.",48810,1999,Hindi,"beginner-friendly, certificate","[405, 469]"
1082,"Team Collaboration - Fundamentals (Crash Course, LinkedIn Learning)",Career Skills,team collaboration fundamentals career skills,Beginner,20,4.6,Prof. R. Iyer,"Learn Team Collaboration through a fundamentals focused course, covering key concepts in Career Skills.",27300,3999,French,"mentor-support, in-demand",[]
1083,"Data Storytelling - Intermediate Techniques (Live Cohort, Pluralsight)",Data Visualization,data storytelling intermediate techniques data visualization,Advanced,10,4.5,Prof. R. Iyer,"Learn Data Storytelling through a intermediate techniques focused course, covering key concepts in Data Visualization.",22677,4999,French,"certificate, mentor-support",[1527]
1084,"Statistical Analysis - Intermediate Techniques (Self-Paced, Pluralsight)",Data Science,statistical analysis intermediate techniques data science,Advanced,10,4.8,Prof. J. Mehta,"Learn Statistical Analysis through a intermediate techniques focused course, covering key concepts in Data Science.",47513,999,French,"quiz-included, hands-on",[664]
1085,"Unsupervised Learning - Hands-on Project (Self-Paced, edX)",Machine Learning,unsupervised learning hands on project machine learning,Beginner,20,4.7,Prof. R. Iyer,"Learn Unsupervised Learning through a hands-on project focused course, covering key concepts in Machine Learning.",31342,0,French,"mentor-support, project-based",[]
1086,"AWS - Fundamentals (Crash Course, Coursera)",Cloud & DevOps,aws fundamentals cloud & devops,Beginner,2,4.2,Dr. A. Sharma,"Learn AWS through a fundamentals focused course, covering key concepts in Cloud & DevOps.",13492,0,French,"trending, hands-on, certificate, industry-recognized",[]
1087,"Exploratory Data Analysis - Intermediate Techniques (Project-Based, LinkedIn Learning)",Data Science,exploratory data analysis intermediate techniques data science,Beginner,15,3.7,Ms. K. Verma,"Learn Exploratory Data Analysis through a intermediate techniques focused course, covering key concepts in Data Science.",39513,2999,French,"project-based, in-demand",[]
1088,"Redis - Real World Projects (Self-Paced, Coursera)",Databases,redis real world projects databases,Advanced,12,4.6,Dr. A. Sharma,"Learn Redis through a real world projects focused course, covering key concepts in Databases.",43437,0,Spanish,"trending, in-demand",[597]
1089,"TypeScript - Data Structures (Crash Course, edX)",Programming,typescript data structures programming,Advanced,30,4.9,Prof. J. Mehta,"Learn TypeScript through a data structures focused course, covering key concepts in Programming.",12198,3999,English + Hindi Subtitles,"certificate, mentor-support",[1025]
1090,"Terraform - Best Practices (Crash Course, LinkedIn Learning)",Cloud & DevOps,terraform best practices cloud & devops,Advanced,2,4.1,Prof. J. Mehta,"Learn Terraform through a best practices focused course, covering key concepts in Cloud & DevOps.",45069,499,French,"certificate, beginner-friendly, job-ready","[1055, 1297]"
1091,"Probability - Practical Examples (Live Cohort, Coursera)",Statistics & Math,probability practical examples statistics & math,Intermediate,15,3.7,Dr. L. Fernandes,"Learn Probability through a practical examples focused course, covering key concepts in Statistics & Math.",2318,4999,Hindi,"industry-recognized, certificate","[1843, 2022]"
1092,"Java - Testing and Debugging (Project-Based, Udemy)",Programming,java testing and debugging programming,Intermediate,2,4.5,Ms. K. Verma,"Learn Java through a testing and debugging focused course, covering key concepts in Programming.",27758,1499,English + Hindi Subtitles,"project-based, industry-recognized, quiz-included","[409, 1948]"
1093,"AutoML - Fundamentals (Self-Paced, LinkedIn Learning)",Machine Learning,automl fundamentals machine learning,Beginner,30,4.1,Ms. K. Verma,"Learn AutoML through a fundamentals focused course, covering key concepts in Machine Learning.",42219,1999,English + Hindi Subtitles,"job-ready, hands-on, certificate, in-demand",[]
1094,"Linear Algebra - Intermediate Concepts (Self-Paced, Udemy)",Statistics & Math,linear algebra intermediate concepts statistics & math,Beginner,10,4.7,Ms. K. Verma,"Learn Linear Algebra through a intermediate concepts focused course, covering key concepts in Statistics & Math.",19696,999,English + Hindi Subtitles,"mentor-support, hands-on",[]
1095,"NumPy - Industry Applications (Self-Paced, edX)",Data Science,numpy industry applications data science,Advanced,4,4.9,Ms. K. Verma,"Learn NumPy through a industry applications focused course, covering key concepts in Data Science.",14753,3999,English + Hindi Subtitles,"hands-on, beginner-friendly",[43]
1096,"Feature Engineering - Fundamentals (Live Cohort, edX)",Machine Learning,feature engineering fundamentals machine learning,Beginner,25,4.9,Prof. J. Mehta,"Learn Feature Engineering through a fundamentals focused course, covering key concepts in Machine Learning.",29729,2999,English,"in-demand, mentor-support",[]
1097,"Tableau - Advanced Dashboards (Project-Based, Pluralsight)",Data Visualization,tableau advanced dashboards data visualization,Advanced,20,3.5,Dr. N. Rao,"Learn Tableau through a advanced dashboards focused course, covering key concepts in Data Visualization.",16028,2999,English + Hindi Subtitles,"project-based, hands-on",[652]
1098,"JavaScript - Design Patterns (Live Cohort, Pluralsight)",Programming,javascript design patterns programming,Intermediate,12,3.8,Ms. P. Nair,"Learn JavaScript through a design patterns focused course, covering key concepts in Programming.",16916,4999,English,"trending, job-ready, quiz-included, mentor-support",[54]
1099,"Natural Language Processing - Fundamentals (Project-Based, DataCamp)",AI Specialized,natural language processing fundamentals ai specialized,Beginner,10,4.5,Mr. S. Gupta,"Learn Natural Language Processing through a fundamentals focused course, covering key concepts in AI Specialized.",26371,1999,French,"beginner-friendly, certificate, quiz-included, mentor-support",[]
1100,"Pandas - Real World Case Studies (Self-Paced, Coursera)",Data Science,pandas real world case studies data science,Advanced,30,4.2,Mr. T. Singh,"Learn Pandas through a real world case studies focused course, covering key concepts in Data Science.",16453,4999,English + Hindi Subtitles,"mentor-support, in-demand, beginner-friendly",[1880]
1101,"NumPy - Industry Applications (Live Cohort, Pluralsight)",Data Science,numpy industry applications data science,Beginner,6,3.8,Dr. A. Sharma,"Learn NumPy through a industry applications focused course, covering key concepts in Data Science.",25129,2999,Spanish,"in-demand, trending, mentor-support, beginner-friendly",[]
1102,"Neural Networks - Advanced Architectures (Self-Paced, LinkedIn Learning)",Deep Learning,neural networks advanced architectures deep learning,Advanced,4,3.7,Prof. J. Mehta,"Learn Neural Networks through a advanced architectures focused course, covering key concepts in Deep Learning.",20493,3999,Hindi,"hands-on, project-based",[218]
1103,"C++ - Data Structures (Self-Paced, Coursera)",Programming,c++ data structures programming,Beginner,30,4.3,Ms. K. Verma,"Learn C++ through a data structures focused course, covering key concepts in Programming.",11014,2999,French,"beginner-friendly, hands-on, mentor-support, industry-recognized",[]
1104,"Resume Building - Real World Scenarios (Live Cohort, Pluralsight)",Career Skills,resume building real world scenarios career skills,Intermediate,4,4.9,Prof. J. Mehta,"Learn Resume Building through a real world scenarios focused course, covering key concepts in Career Skills.",38384,2999,Hindi,"quiz-included, mentor-support","[849, 1993]"
1105,"Docker - Introduction (Crash Course, Coursera)",Cloud & DevOps,docker introduction cloud & devops,Beginner,30,5.0,Prof. J. Mehta,"Learn Docker through a introduction focused course, covering key concepts in Cloud & DevOps.",43227,999,French,"in-demand, trending, industry-recognized, certificate",[]
1106,"Interactive Charts - Basics (Self-Paced, DataCamp)",Data Visualization,interactive charts basics data visualization,Beginner,12,4.6,Mr. T. Singh,"Learn Interactive Charts through a basics focused course, covering key concepts in Data Visualization.",26352,4999,French,"job-ready, in-demand, beginner-friendly",[]
1107,"Serverless Computing - Hands-on Practice (Self-Paced, LinkedIn Learning)",Cloud & DevOps,serverless computing hands on practice cloud & devops,Intermediate,15,3.5,Prof. R. Iyer,"Learn Serverless Computing through a hands-on practice focused course, covering key concepts in Cloud & DevOps.",16341,1999,French,"hands-on, trending","[1211, 1627]"
1108,"Time Series Analysis - Fundamentals (Project-Based, Udemy)",Statistics & Math,time series analysis fundamentals statistics & math,Beginner,10,4.8,Mr. S. Gupta,"Learn Time Series Analysis through a fundamentals focused course, covering key concepts in Statistics & Math.",6418,2499,Hindi,"trending, industry-recognized, certificate, job-ready",[]
1109,"Data Warehousing - Real World Projects (Project-Based, Pluralsight)",Databases,data warehousing real world projects databases,Beginner,15,3.5,Dr. A. Sharma,"Learn Data Warehousing through a real world projects focused course, covering key concepts in Databases.",4508,1999,English + Hindi Subtitles,"job-ready, mentor-support",[]
1110,"Infrastructure as Code - Hands-on Practice (Live Cohort, DataCamp)",Cloud & DevOps,infrastructure as code hands on practice cloud & devops,Beginner,30,4.6,Prof. R. Iyer,"Learn Infrastructure as Code through a hands-on practice focused course, covering key concepts in Cloud & DevOps.",20135,1499,English,"in-demand, certificate, industry-recognized",[]
1111,"Hypothesis Testing - Fundamentals (Self-Paced, Pluralsight)",Statistics & Math,hypothesis testing fundamentals statistics & math,Beginner,10,3.7,Mr. S. Gupta,"Learn Hypothesis Testing through a fundamentals focused course, covering key concepts in Statistics & Math.",34004,3999,English + Hindi Subtitles,"trending, job-ready",[]
1112,"MySQL - Advanced Techniques (Crash Course, Pluralsight)",Databases,mysql advanced techniques databases,Advanced,2,4.4,Dr. L. Fernandes,"Learn MySQL through a advanced techniques focused course, covering key concepts in Databases.",28643,2499,Spanish,"beginner-friendly, in-demand, project-based",[1907]
1113,"Autoencoders - Foundations (Crash Course, Coursera)",Deep Learning,autoencoders foundations deep learning,Beginner,12,4.4,Ms. K. Verma,"Learn Autoencoders through a foundations focused course, covering key concepts in Deep Learning.",3794,4999,Hindi,"quiz-included, industry-recognized",[]
1114,"Model Evaluation - Real World Case Studies (Project-Based, LinkedIn Learning)",Machine Learning,model evaluation real world case studies machine learning,Beginner,30,4.9,Ms. P. Nair,"Learn Model Evaluation through a real world case studies focused course, covering key concepts in Machine Learning.",28206,499,French,"trending, mentor-support, beginner-friendly",[]
1115,"Database Optimization - Performance Tuning (Self-Paced, Udemy)",Databases,database optimization performance tuning databases,Advanced,25,4.9,Dr. A. Sharma,"Learn Database Optimization through a performance tuning focused course, covering key concepts in Databases.",42685,2499,Spanish,"beginner-friendly, hands-on, certificate, industry-recognized",[1918]
1116,"Statistical Analysis - Hands-on Project (Crash Course, Coursera)",Data Science,statistical analysis hands on project data science,Advanced,12,3.9,Dr. A. Sharma,"Learn Statistical Analysis through a hands-on project focused course, covering key concepts in Data Science.",29547,2999,Spanish,"trending, mentor-support",[1578]
1117,"SQL - Performance Tuning (Live Cohort, edX)",Databases,sql performance tuning databases,Advanced,12,5.0,Ms. K. Verma,"Learn SQL through a performance tuning focused course, covering key concepts in Databases.",49806,1999,English,"industry-recognized, project-based, job-ready","[293, 506]"
1118,"Data Mining - Practical Applications (Project-Based, edX)",Data Science,data mining practical applications data science,Intermediate,4,4.6,Prof. M. Khan,"Learn Data Mining through a practical applications focused course, covering key concepts in Data Science.",14930,499,Hindi,"in-demand, quiz-included, mentor-support","[462, 610]"
1119,"Go - Object Oriented Programming (Crash Course, Udemy)",Programming,go object oriented programming programming,Beginner,2,3.6,Mr. T. Singh,"Learn Go through a object oriented programming focused course, covering key concepts in Programming.",32647,1499,Hindi,"job-ready, quiz-included",[]
1120,"Angular - Best Practices (Project-Based, LinkedIn Learning)",Web Development,angular best practices web development,Beginner,8,4.1,Prof. J. Mehta,"Learn Angular through a best practices focused course, covering key concepts in Web Development.",43616,999,English,"quiz-included, certificate",[]
1121,"Kotlin - Object Oriented Programming (Live Cohort, Coursera)",Programming,kotlin object oriented programming programming,Advanced,8,4.3,Mr. S. Gupta,"Learn Kotlin through a object oriented programming focused course, covering key concepts in Programming.",13910,3999,English,"project-based, beginner-friendly","[155, 793]"
1122,"RNN - Fundamentals (Project-Based, DataCamp)",Deep Learning,rnn fundamentals deep learning,Beginner,10,4.8,Dr. N. Rao,"Learn RNN through a fundamentals focused course, covering key concepts in Deep Learning.",18176,3999,English + Hindi Subtitles,"in-demand, hands-on, project-based, industry-recognized",[]
1123,"React - Building Projects (Live Cohort, Coursera)",Web Development,react building projects web development,Intermediate,2,4.2,Dr. L. Fernandes,"Learn React through a building projects focused course, covering key concepts in Web Development.",27411,999,Hindi,"certificate, hands-on, job-ready",[429]
1124,"Project Management - Best Practices (Live Cohort, Udemy)",Career Skills,project management best practices career skills,Intermediate,12,3.6,Prof. J. Mehta,"Learn Project Management through a best practices focused course, covering key concepts in Career Skills.",4822,3999,English,"trending, quiz-included, certificate, industry-recognized",[384]
1125,"Statistical Analysis - Intermediate Techniques (Crash Course, Udemy)",Data Science,statistical analysis intermediate techniques data science,Advanced,8,4.9,Ms. K. Verma,"Learn Statistical Analysis through a intermediate techniques focused course, covering key concepts in Data Science.",35422,2499,English,"quiz-included, mentor-support, industry-recognized",[1171]
1126,"NoSQL - Performance Tuning (Self-Paced, edX)",Databases,nosql performance tuning databases,Intermediate,2,4.4,Prof. R. Iyer,"Learn NoSQL through a performance tuning focused course, covering key concepts in Databases.",36741,2499,French,"quiz-included, in-demand",[1342]
1127,"JavaScript - Design Patterns (Live Cohort, Coursera)",Programming,javascript design patterns programming,Advanced,4,4.6,Prof. R. Iyer,"Learn JavaScript through a design patterns focused course, covering key concepts in Programming.",21184,3999,English + Hindi Subtitles,"in-demand, mentor-support, quiz-included","[1408, 1496]"
1128,"Classification - Optimization Strategies (Crash Course, edX)",Machine Learning,classification optimization strategies machine learning,Advanced,30,4.5,Ms. P. Nair,"Learn Classification through a optimization strategies focused course, covering key concepts in Machine Learning.",3223,3999,Spanish,"hands-on, project-based","[870, 1999]"
1129,"Data Storytelling - Advanced Dashboards (Self-Paced, LinkedIn Learning)",Data Visualization,data storytelling advanced dashboards data visualization,Advanced,30,3.9,Dr. A. Sharma,"Learn Data Storytelling through a advanced dashboards focused course, covering key concepts in Data Visualization.",47127,1999,English + Hindi Subtitles,"certificate, trending, project-based",[757]
1130,"Dashboard Design - Intermediate Techniques (Self-Paced, LinkedIn Learning)",Data Visualization,dashboard design intermediate techniques data visualization,Beginner,8,4.4,Dr. L. Fernandes,"Learn Dashboard Design through a intermediate techniques focused course, covering key concepts in Data Visualization.",9954,999,English,"hands-on, industry-recognized, mentor-support, trending",[]
1131,"Serverless Computing - Fundamentals (Project-Based, edX)",Cloud & DevOps,serverless computing fundamentals cloud & devops,Beginner,6,4.7,Dr. A. Sharma,"Learn Serverless Computing through a fundamentals focused course, covering key concepts in Cloud & DevOps.",15783,4999,English + Hindi Subtitles,"trending, mentor-support, project-based, quiz-included",[]
1132,"Kotlin - Basics (Self-Paced, Pluralsight)",Programming,kotlin basics programming,Beginner,2,4.5,Dr. L. Fernandes,"Learn Kotlin through a basics focused course, covering key concepts in Programming.",35571,0,Hindi,"quiz-included, beginner-friendly, in-demand",[]
1133,"Hypothesis Testing - Applied Techniques (Crash Course, LinkedIn Learning)",Statistics & Math,hypothesis testing applied techniques statistics & math,Beginner,15,3.9,Ms. P. Nair,"Learn Hypothesis Testing through a applied techniques focused course, covering key concepts in Statistics & Math.",46634,1499,Hindi,"industry-recognized, quiz-included, mentor-support, certificate",[]
1134,"Speech Recognition - Advanced Applications (Self-Paced, DataCamp)",AI Specialized,speech recognition advanced applications ai specialized,Advanced,2,4.9,Prof. J. Mehta,"Learn Speech Recognition through a advanced applications focused course, covering key concepts in AI Specialized.",30848,1999,English + Hindi Subtitles,"trending, in-demand",[1611]
1135,"Java - Data Structures (Live Cohort, LinkedIn Learning)",Programming,java data structures programming,Beginner,15,4.2,Dr. L. Fernandes,"Learn Java through a data structures focused course, covering key concepts in Programming.",47325,4999,Spanish,"in-demand, beginner-friendly",[]
1136,"Autoencoders - Advanced Architectures (Self-Paced, LinkedIn Learning)",Deep Learning,autoencoders advanced architectures deep learning,Advanced,4,4.4,Prof. J. Mehta,"Learn Autoencoders through a advanced architectures focused course, covering key concepts in Deep Learning.",6222,4999,English + Hindi Subtitles,"certificate, in-demand",[2059]
1137,"Generative AI - Case Studies (Crash Course, DataCamp)",AI Specialized,generative ai case studies ai specialized,Beginner,6,4.7,Ms. P. Nair,"Learn Generative AI through a case studies focused course, covering key concepts in AI Specialized.",6720,499,English + Hindi Subtitles,"project-based, trending, quiz-included, in-demand",[]
1138,"Generative AI - Advanced Applications (Project-Based, Udemy)",AI Specialized,generative ai advanced applications ai specialized,Advanced,12,3.7,Ms. P. Nair,"Learn Generative AI through a advanced applications focused course, covering key concepts in AI Specialized.",15942,999,English,"in-demand, mentor-support",[47]
1139,"NumPy - Real World Case Studies (Project-Based, Udemy)",Data Science,numpy real world case studies data science,Beginner,10,5.0,Ms. K. Verma,"Learn NumPy through a real world case studies focused course, covering key concepts in Data Science.",9766,0,English + Hindi Subtitles,"in-demand, job-ready",[]
1140,"Team Collaboration - Real World Scenarios (Project-Based, Pluralsight)",Career Skills,team collaboration real world scenarios career skills,Advanced,2,4.2,Dr. N. Rao,"Learn Team Collaboration through a real world scenarios focused course, covering key concepts in Career Skills.",23963,1999,English + Hindi Subtitles,"hands-on, trending, beginner-friendly",[2049]
1141,"Speech Recognition - Advanced Applications (Live Cohort, edX)",AI Specialized,speech recognition advanced applications ai specialized,Advanced,8,3.6,Prof. R. Iyer,"Learn Speech Recognition through a advanced applications focused course, covering key concepts in AI Specialized.",19107,2999,English,"in-demand, quiz-included, industry-recognized, project-based","[47, 1640]"
1142,"Flask - Deployment Strategies (Project-Based, edX)",Web Development,flask deployment strategies web development,Intermediate,15,4.8,Mr. T. Singh,"Learn Flask through a deployment strategies focused course, covering key concepts in Web Development.",25544,2999,Hindi,"beginner-friendly, industry-recognized, quiz-included",[308]
1143,"AI Ethics - Case Studies (Crash Course, Udemy)",AI Specialized,ai ethics case studies ai specialized,Advanced,30,4.1,Dr. A. Sharma,"Learn AI Ethics through a case studies focused course, covering key concepts in AI Specialized.",23959,1499,English,"mentor-support, certificate",[1906]
1144,"Data Ethics and Privacy - Fundamentals (Live Cohort, Pluralsight)",Career Skills,data ethics and privacy fundamentals career skills,Beginner,25,4.0,Ms. K. Verma,"Learn Data Ethics and Privacy through a fundamentals focused course, covering key concepts in Career Skills.",24658,3999,French,"hands-on, industry-recognized, mentor-support",[]
1145,"Clustering - Hands-on Project (Crash Course, DataCamp)",Machine Learning,clustering hands on project machine learning,Advanced,15,3.6,Dr. A. Sharma,"Learn Clustering through a hands-on project focused course, covering key concepts in Machine Learning.",25929,1499,English,"mentor-support, industry-recognized, in-demand",[1897]
1146,"Calculus - Advanced Theory (Crash Course, Udemy)",Statistics & Math,calculus advanced theory statistics & math,Advanced,12,3.6,Dr. L. Fernandes,"Learn Calculus through a advanced theory focused course, covering key concepts in Statistics & Math.",42163,499,Spanish,"hands-on, trending, certificate",[567]
1147,"Rust - Testing and Debugging (Live Cohort, DataCamp)",Programming,rust testing and debugging programming,Beginner,8,4.4,Prof. J. Mehta,"Learn Rust through a testing and debugging focused course, covering key concepts in Programming.",7900,999,English,"industry-recognized, hands-on, beginner-friendly, job-ready",[]
1148,"Generative AI - Fundamentals (Live Cohort, Coursera)",AI Specialized,generative ai fundamentals ai specialized,Beginner,6,3.5,Dr. N. Rao,"Learn Generative AI through a fundamentals focused course, covering key concepts in AI Specialized.",22364,999,Hindi,"quiz-included, job-ready, in-demand",[]
1149,"Transformers - Foundations (Project-Based, LinkedIn Learning)",Deep Learning,transformers foundations deep learning,Beginner,4,4.4,Ms. K. Verma,"Learn Transformers through a foundations focused course, covering key concepts in Deep Learning.",25867,0,English,"trending, mentor-support, hands-on, certificate",[]
1150,"Data Cleaning - Fundamentals (Project-Based, DataCamp)",Data Science,data cleaning fundamentals data science,Beginner,20,4.0,Mr. T. Singh,"Learn Data Cleaning through a fundamentals focused course, covering key concepts in Data Science.",19501,2499,English + Hindi Subtitles,"in-demand, beginner-friendly, hands-on",[]
1151,"Autoencoders - Case Studies (Self-Paced, LinkedIn Learning)",Deep Learning,autoencoders case studies deep learning,Intermediate,10,4.6,Prof. J. Mehta,"Learn Autoencoders through a case studies focused course, covering key concepts in Deep Learning.",18599,1999,English + Hindi Subtitles,"trending, certificate",[1804]
1152,"Node.js - Full Stack Development (Live Cohort, Udemy)",Web Development,node.js full stack development web development,Beginner,25,3.5,Dr. L. Fernandes,"Learn Node.js through a full stack development focused course, covering key concepts in Web Development.",8065,4999,French,"quiz-included, in-demand, industry-recognized",[]
1153,"Vue.js - Deployment Strategies (Self-Paced, Coursera)",Web Development,vue.js deployment strategies web development,Intermediate,10,4.6,Ms. P. Nair,"Learn Vue.js through a deployment strategies focused course, covering key concepts in Web Development.",26767,999,Hindi,"quiz-included, beginner-friendly, certificate, industry-recognized",[191]
1154,"GANs - Advanced Architectures (Crash Course, edX)",Deep Learning,gans advanced architectures deep learning,Advanced,20,3.6,Ms. P. Nair,"Learn GANs through a advanced architectures focused course, covering key concepts in Deep Learning.",25046,0,Hindi,"certificate, mentor-support, beginner-friendly",[248]
1155,"FastAPI - Full Stack Development (Self-Paced, Pluralsight)",Web Development,fastapi full stack development web development,Intermediate,25,4.1,Mr. T. Singh,"Learn FastAPI through a full stack development focused course, covering key concepts in Web Development.",837,1999,Spanish,"beginner-friendly, mentor-support, trending, hands-on",[916]
1156,"Plotly - Advanced Dashboards (Self-Paced, DataCamp)",Data Visualization,plotly advanced dashboards data visualization,Advanced,8,4.0,Prof. R. Iyer,"Learn Plotly through a advanced dashboards focused course, covering key concepts in Data Visualization.",24134,4999,English + Hindi Subtitles,"certificate, quiz-included","[997, 1631]"
1157,"Git and Version Control - Fundamentals (Crash Course, Udemy)",Career Skills,git and version control fundamentals career skills,Beginner,8,4.5,Prof. R. Iyer,"Learn Git and Version Control through a fundamentals focused course, covering key concepts in Career Skills.",29065,1499,English,"job-ready, certificate, quiz-included",[]
1158,"REST API - Building Projects (Project-Based, LinkedIn Learning)",Web Development,rest api building projects web development,Intermediate,2,4.0,Mr. T. Singh,"Learn REST API through a building projects focused course, covering key concepts in Web Development.",37641,0,English + Hindi Subtitles,"beginner-friendly, project-based","[1120, 1901]"
1159,"CNN - Practical Applications (Project-Based, DataCamp)",Deep Learning,cnn practical applications deep learning,Intermediate,4,3.8,Prof. J. Mehta,"Learn CNN through a practical applications focused course, covering key concepts in Deep Learning.",21540,1999,Spanish,"project-based, hands-on, mentor-support, beginner-friendly",[116]
1160,"C++ - Testing and Debugging (Live Cohort, Udemy)",Programming,c++ testing and debugging programming,Advanced,12,3.8,Prof. M. Khan,"Learn C++ through a testing and debugging focused course, covering key concepts in Programming.",45657,3999,French,"quiz-included, job-ready",[515]
1161,"Seaborn - Best Practices (Live Cohort, LinkedIn Learning)",Data Visualization,seaborn best practices data visualization,Beginner,30,4.9,Prof. R. Iyer,"Learn Seaborn through a best practices focused course, covering key concepts in Data Visualization.",49857,4999,French,"mentor-support, in-demand, project-based, trending",[]
1162,"NoSQL - Intermediate Queries (Project-Based, Coursera)",Databases,nosql intermediate queries databases,Advanced,15,4.4,Ms. P. Nair,"Learn NoSQL through a intermediate queries focused course, covering key concepts in Databases.",21783,2999,English,"industry-recognized, in-demand, quiz-included, job-ready","[1259, 1795]"
1163,"Data Wrangling - Real World Case Studies (Self-Paced, LinkedIn Learning)",Data Science,data wrangling real world case studies data science,Advanced,20,3.9,Dr. L. Fernandes,"Learn Data Wrangling through a real world case studies focused course, covering key concepts in Data Science.",30296,2999,French,"quiz-included, job-ready",[1087]
1164,"AI Ethics - Advanced Applications (Self-Paced, LinkedIn Learning)",AI Specialized,ai ethics advanced applications ai specialized,Advanced,6,5.0,Mr. T. Singh,"Learn AI Ethics through a advanced applications focused course, covering key concepts in AI Specialized.",31217,499,French,"industry-recognized, hands-on, certificate",[2095]
1165,"Agile Methodology - Real World Scenarios (Crash Course, LinkedIn Learning)",Career Skills,agile methodology real world scenarios career skills,Advanced,6,3.7,Prof. J. Mehta,"Learn Agile Methodology through a real world scenarios focused course, covering key concepts in Career Skills.",23735,2999,Spanish,"industry-recognized, in-demand",[1509]
1166,"Matplotlib - Basics (Crash Course, DataCamp)",Data Visualization,matplotlib basics data visualization,Beginner,6,4.5,Prof. J. Mehta,"Learn Matplotlib through a basics focused course, covering key concepts in Data Visualization.",45933,3999,Hindi,"beginner-friendly, industry-recognized, mentor-support, in-demand",[]
1167,"Prompt Engineering - Case Studies (Crash Course, DataCamp)",AI Specialized,prompt engineering case studies ai specialized,Intermediate,2,3.8,Dr. L. Fernandes,"Learn Prompt Engineering through a case studies focused course, covering key concepts in AI Specialized.",8890,2499,Hindi,"mentor-support, job-ready","[20, 882]"
1168,"Flask - Fundamentals (Crash Course, Udemy)",Web Development,flask fundamentals web development,Beginner,15,4.4,Prof. J. Mehta,"Learn Flask through a fundamentals focused course, covering key concepts in Web Development.",42928,999,English + Hindi Subtitles,"job-ready, in-demand",[]
1169,"Rust - Basics (Crash Course, Udemy)",Programming,rust basics programming,Beginner,8,4.4,Ms. K. Verma,"Learn Rust through a basics focused course, covering key concepts in Programming.",14819,4999,English + Hindi Subtitles,"beginner-friendly, hands-on, in-demand, certificate",[]
1170,"JavaScript - Best Practices (Project-Based, DataCamp)",Programming,javascript best practices programming,Advanced,6,3.5,Prof. R. Iyer,"Learn JavaScript through a best practices focused course, covering key concepts in Programming.",16623,0,English,"in-demand, industry-recognized, trending",[1478]
1171,"Exploratory Data Analysis - Practical Applications (Project-Based, LinkedIn Learning)",Data Science,exploratory data analysis practical applications data science,Beginner,25,3.9,Ms. K. Verma,"Learn Exploratory Data Analysis through a practical applications focused course, covering key concepts in Data Science.",14071,1999,Spanish,"certificate, trending, beginner-friendly, project-based",[]
1172,"Angular - Best Practices (Self-Paced, edX)",Web Development,angular best practices web development,Beginner,20,4.0,Prof. M. Khan,"Learn Angular through a best practices focused course, covering key concepts in Web Development.",5661,2499,English + Hindi Subtitles,"quiz-included, beginner-friendly, mentor-support, hands-on",[]
1173,"Azure - Production Deployment (Project-Based, Pluralsight)",Cloud & DevOps,azure production deployment cloud & devops,Intermediate,12,4.2,Prof. J. Mehta,"Learn Azure through a production deployment focused course, covering key concepts in Cloud & DevOps.",40935,499,Hindi,"industry-recognized, certificate, hands-on, job-ready",[1736]
1174,"Ensemble Methods - Practical Implementation (Project-Based, DataCamp)",Machine Learning,ensemble methods practical implementation machine learning,Advanced,15,4.7,Mr. S. Gupta,"Learn Ensemble Methods through a practical implementation focused course, covering key concepts in Machine Learning.",14138,999,Hindi,"beginner-friendly, in-demand, job-ready",[1466]
1175,"FastAPI - Deployment Strategies (Project-Based, Udemy)",Web Development,fastapi deployment strategies web development,Intermediate,20,4.2,Mr. S. Gupta,"Learn FastAPI through a deployment strategies focused course, covering key concepts in Web Development.",5093,2999,French,"hands-on, mentor-support, trending, beginner-friendly",[109]
1176,"Google Cloud - Introduction (Crash Course, DataCamp)",Cloud & DevOps,google cloud introduction cloud & devops,Beginner,20,3.5,Mr. T. Singh,"Learn Google Cloud through a introduction focused course, covering key concepts in Cloud & DevOps.",376,1499,French,"hands-on, industry-recognized, mentor-support",[]
1177,"Redis - Advanced Techniques (Self-Paced, edX)",Databases,redis advanced techniques databases,Advanced,12,4.4,Ms. K. Verma,"Learn Redis through a advanced techniques focused course, covering key concepts in Databases.",41038,4999,English + Hindi Subtitles,"project-based, certificate",[293]
1178,"Dashboard Design - Advanced Dashboards (Project-Based, Coursera)",Data Visualization,dashboard design advanced dashboards data visualization,Advanced,2,4.5,Dr. N. Rao,"Learn Dashboard Design through a advanced dashboards focused course, covering key concepts in Data Visualization.",47855,0,Hindi,"project-based, hands-on, mentor-support",[2062]
1179,"Kotlin - Design Patterns (Self-Paced, LinkedIn Learning)",Programming,kotlin design patterns programming,Intermediate,12,4.3,Ms. P. Nair,"Learn Kotlin through a design patterns focused course, covering key concepts in Programming.",29866,2999,Hindi,"in-demand, hands-on, mentor-support","[473, 1854]"
1180,"Statistical Analysis - Best Practices (Project-Based, Pluralsight)",Data Science,statistical analysis best practices data science,Beginner,2,4.8,Mr. S. Gupta,"Learn Statistical Analysis through a best practices focused course, covering key concepts in Data Science.",46456,2999,Hindi,"quiz-included, mentor-support, project-based, industry-recognized",[]
1181,"Linear Algebra - Intermediate Concepts (Self-Paced, Pluralsight)",Statistics & Math,linear algebra intermediate concepts statistics & math,Advanced,4,3.9,Mr. T. Singh,"Learn Linear Algebra through a intermediate concepts focused course, covering key concepts in Statistics & Math.",17665,2499,French,"in-demand, industry-recognized, certificate","[1094, 1600]"
1182,"TypeScript - Object Oriented Programming (Crash Course, edX)",Programming,typescript object oriented programming programming,Advanced,8,5.0,Prof. J. Mehta,"Learn TypeScript through a object oriented programming focused course, covering key concepts in Programming.",44674,3999,French,"project-based, certificate, in-demand, job-ready",[1730]
1183,"PostgreSQL - Advanced Techniques (Crash Course, Pluralsight)",Databases,postgresql advanced techniques databases,Advanced,25,4.1,Prof. J. Mehta,"Learn PostgreSQL through a advanced techniques focused course, covering key concepts in Databases.",48652,2499,English + Hindi Subtitles,"project-based, industry-recognized",[1649]
1184,"Terraform - Best Practices (Live Cohort, Coursera)",Cloud & DevOps,terraform best practices cloud & devops,Beginner,15,4.7,Ms. P. Nair,"Learn Terraform through a best practices focused course, covering key concepts in Cloud & DevOps.",19587,1499,Hindi,"industry-recognized, project-based",[]
1185,"Tableau - Best Practices (Crash Course, DataCamp)",Data Visualization,tableau best practices data visualization,Intermediate,4,3.7,Ms. K. Verma,"Learn Tableau through a best practices focused course, covering key concepts in Data Visualization.",47244,4999,French,"trending, certificate, in-demand, beginner-friendly",[1960]
1186,"CI CD - Hands-on Practice (Self-Paced, edX)",Cloud & DevOps,ci cd hands on practice cloud & devops,Advanced,10,4.3,Prof. M. Khan,"Learn CI CD through a hands-on practice focused course, covering key concepts in Cloud & DevOps.",15090,1999,English,"certificate, beginner-friendly",[1801]
1187,"Time Series Analysis - Applied Techniques (Project-Based, LinkedIn Learning)",Statistics & Math,time series analysis applied techniques statistics & math,Advanced,20,4.2,Ms. K. Verma,"Learn Time Series Analysis through a applied techniques focused course, covering key concepts in Statistics & Math.",9159,1499,French,"project-based, job-ready, in-demand, certificate",[1108]
1188,"Clustering - Advanced Techniques (Self-Paced, LinkedIn Learning)",Machine Learning,clustering advanced techniques machine learning,Advanced,6,4.0,Mr. T. Singh,"Learn Clustering through a advanced techniques focused course, covering key concepts in Machine Learning.",49074,4999,Spanish,"trending, in-demand",[119]
1189,"Statistical Analysis - Hands-on Project (Self-Paced, edX)",Data Science,statistical analysis hands on project data science,Advanced,6,4.9,Ms. K. Verma,"Learn Statistical Analysis through a hands-on project focused course, covering key concepts in Data Science.",13586,3999,French,"trending, job-ready, hands-on, beginner-friendly","[1354, 1605]"
1190,"Dashboard Design - Real World Projects (Self-Paced, DataCamp)",Data Visualization,dashboard design real world projects data visualization,Advanced,25,5.0,Dr. N. Rao,"Learn Dashboard Design through a real world projects focused course, covering key concepts in Data Visualization.",4566,2999,French,"mentor-support, certificate","[760, 1106]"
1191,"Computer Vision - Advanced Applications (Self-Paced, Udemy)",AI Specialized,computer vision advanced applications ai specialized,Advanced,8,4.5,Dr. N. Rao,"Learn Computer Vision through a advanced applications focused course, covering key concepts in AI Specialized.",37868,2499,Spanish,"job-ready, trending, project-based",[493]
1192,"Autoencoders - Foundations (Self-Paced, Coursera)",Deep Learning,autoencoders foundations deep learning,Intermediate,2,4.6,Prof. M. Khan,"Learn Autoencoders through a foundations focused course, covering key concepts in Deep Learning.",33921,2999,Spanish,"project-based, mentor-support, industry-recognized, quiz-included",[248]
1193,"Explainable AI - Introduction (Self-Paced, DataCamp)",AI Specialized,explainable ai introduction ai specialized,Beginner,25,3.9,Dr. A. Sharma,"Learn Explainable AI through a introduction focused course, covering key concepts in AI Specialized.",40841,3999,Hindi,"mentor-support, certificate",[]
1194,"HTML CSS - Building Projects (Live Cohort, Udemy)",Web Development,html css building projects web development,Beginner,25,3.6,Ms. K. Verma,"Learn HTML CSS through a building projects focused course, covering key concepts in Web Development.",27490,499,Spanish,"beginner-friendly, hands-on, certificate",[]
1195,"Python - Concurrency (Crash Course, LinkedIn Learning)",Programming,python concurrency programming,Intermediate,12,4.0,Prof. M. Khan,"Learn Python through a concurrency focused course, covering key concepts in Programming.",48152,3999,French,"project-based, quiz-included, job-ready",[1484]
1196,"Interview Preparation - Best Practices (Live Cohort, LinkedIn Learning)",Career Skills,interview preparation best practices career skills,Advanced,25,4.9,Prof. M. Khan,"Learn Interview Preparation through a best practices focused course, covering key concepts in Career Skills.",21631,2499,Spanish,"certificate, beginner-friendly, project-based",[943]
1197,"Team Collaboration - Best Practices (Self-Paced, LinkedIn Learning)",Career Skills,team collaboration best practices career skills,Intermediate,15,3.9,Dr. A. Sharma,"Learn Team Collaboration through a best practices focused course, covering key concepts in Career Skills.",3577,2999,French,"quiz-included, trending, mentor-support",[1965]
1198,"Kotlin - Design Patterns (Self-Paced, DataCamp)",Programming,kotlin design patterns programming,Advanced,6,3.9,Dr. A. Sharma,"Learn Kotlin through a design patterns focused course, covering key concepts in Programming.",23573,499,Spanish,"quiz-included, project-based, in-demand","[651, 1871]"
1199,"Data Warehousing - Basics (Project-Based, Coursera)",Databases,data warehousing basics databases,Beginner,4,3.7,Dr. N. Rao,"Learn Data Warehousing through a basics focused course, covering key concepts in Databases.",19977,1999,English,"in-demand, job-ready, project-based, hands-on",[]
1200,"Supervised Learning - Advanced Techniques (Project-Based, Pluralsight)",Machine Learning,supervised learning advanced techniques machine learning,Advanced,8,3.8,Ms. P. Nair,"Learn Supervised Learning through a advanced techniques focused course, covering key concepts in Machine Learning.",35173,2999,English,"industry-recognized, quiz-included, job-ready, mentor-support",[1270]
1201,"Classification - Advanced Techniques (Live Cohort, Pluralsight)",Machine Learning,classification advanced techniques machine learning,Advanced,4,4.2,Mr. S. Gupta,"Learn Classification through a advanced techniques focused course, covering key concepts in Machine Learning.",26902,1499,English,"project-based, in-demand, beginner-friendly, certificate","[168, 1827]"
1202,"Autoencoders - Case Studies (Self-Paced, Pluralsight)",Deep Learning,autoencoders case studies deep learning,Advanced,15,3.6,Dr. A. Sharma,"Learn Autoencoders through a case studies focused course, covering key concepts in Deep Learning.",45611,2499,English,"in-demand, trending, industry-recognized, hands-on",[1666]
1203,"Exploratory Data Analysis - Best Practices (Project-Based, Coursera)",Data Science,exploratory data analysis best practices data science,Advanced,10,4.6,Mr. S. Gupta,"Learn Exploratory Data Analysis through a best practices focused course, covering key concepts in Data Science.",17786,0,French,"certificate, job-ready, trending",[572]
1204,"Docker - Fundamentals (Crash Course, Coursera)",Cloud & DevOps,docker fundamentals cloud & devops,Beginner,30,4.8,Ms. K. Verma,"Learn Docker through a fundamentals focused course, covering key concepts in Cloud & DevOps.",18024,2499,Hindi,"project-based, certificate, industry-recognized, beginner-friendly",[]
1205,"Excel Visualization - Real World Projects (Self-Paced, edX)",Data Visualization,excel visualization real world projects data visualization,Intermediate,30,3.9,Dr. A. Sharma,"Learn Excel Visualization through a real world projects focused course, covering key concepts in Data Visualization.",19733,2499,English,"industry-recognized, quiz-included, mentor-support","[73, 466]"
1206,"PHP - Functional Programming (Crash Course, Pluralsight)",Programming,php functional programming programming,Advanced,20,3.9,Dr. L. Fernandes,"Learn PHP through a functional programming focused course, covering key concepts in Programming.",1078,2499,Spanish,"industry-recognized, project-based, hands-on, beginner-friendly","[1451, 1498]"
1207,"Attention Mechanisms - Hands-on Project (Self-Paced, LinkedIn Learning)",Deep Learning,attention mechanisms hands on project deep learning,Advanced,25,3.6,Ms. P. Nair,"Learn Attention Mechanisms through a hands-on project focused course, covering key concepts in Deep Learning.",221,999,French,"project-based, beginner-friendly, hands-on","[1673, 1780]"
1208,"Project Management - Real World Scenarios (Live Cohort, Udemy)",Career Skills,project management real world scenarios career skills,Beginner,4,4.0,Dr. L. Fernandes,"Learn Project Management through a real world scenarios focused course, covering key concepts in Career Skills.",39502,999,English + Hindi Subtitles,"project-based, hands-on, job-ready, certificate",[]
1209,"Tableau - Advanced Dashboards (Crash Course, edX)",Data Visualization,tableau advanced dashboards data visualization,Advanced,6,3.6,Prof. R. Iyer,"Learn Tableau through a advanced dashboards focused course, covering key concepts in Data Visualization.",37080,3999,Spanish,"project-based, trending, mentor-support",[799]
1210,"AutoML - Advanced Techniques (Live Cohort, DataCamp)",Machine Learning,automl advanced techniques machine learning,Advanced,12,4.4,Prof. R. Iyer,"Learn AutoML through a advanced techniques focused course, covering key concepts in Machine Learning.",43161,1999,English,"mentor-support, project-based, beginner-friendly, certificate",[1668]
1211,"Azure - Fundamentals (Live Cohort, Pluralsight)",Cloud & DevOps,azure fundamentals cloud & devops,Beginner,2,4.3,Ms. K. Verma,"Learn Azure through a fundamentals focused course, covering key concepts in Cloud & DevOps.",39889,2499,French,"trending, project-based, certificate",[]
1212,"Ruby - Algorithms (Self-Paced, Pluralsight)",Programming,ruby algorithms programming,Advanced,15,3.7,Mr. S. Gupta,"Learn Ruby through a algorithms focused course, covering key concepts in Programming.",11180,2999,English,"quiz-included, trending, mentor-support, in-demand",[473]
1213,"Supervised Learning - Real World Case Studies (Crash Course, Coursera)",Machine Learning,supervised learning real world case studies machine learning,Advanced,10,3.7,Ms. P. Nair,"Learn Supervised Learning through a real world case studies focused course, covering key concepts in Machine Learning.",31644,1999,French,"certificate, job-ready",[1096]
1214,"C++ - Design Patterns (Project-Based, edX)",Programming,c++ design patterns programming,Beginner,2,4.1,Ms. K. Verma,"Learn C++ through a design patterns focused course, covering key concepts in Programming.",38839,1499,English,"certificate, trending, in-demand",[]
1215,"Rust - Functional Programming (Crash Course, Udemy)",Programming,rust functional programming programming,Intermediate,25,4.3,Dr. N. Rao,"Learn Rust through a functional programming focused course, covering key concepts in Programming.",9762,2999,English + Hindi Subtitles,"in-demand, project-based, mentor-support",[523]
1216,"Public Speaking - Best Practices (Live Cohort, DataCamp)",Career Skills,public speaking best practices career skills,Advanced,25,4.4,Dr. A. Sharma,"Learn Public Speaking through a best practices focused course, covering key concepts in Career Skills.",27701,999,Hindi,"job-ready, beginner-friendly",[598]
1217,"Optimization - Applied Techniques (Live Cohort, Udemy)",Statistics & Math,optimization applied techniques statistics & math,Beginner,20,3.7,Prof. J. Mehta,"Learn Optimization through a applied techniques focused course, covering key concepts in Statistics & Math.",33087,0,Hindi,"industry-recognized, job-ready",[]
1218,"Interview Preparation - Best Practices (Project-Based, LinkedIn Learning)",Career Skills,interview preparation best practices career skills,Advanced,30,3.6,Ms. P. Nair,"Learn Interview Preparation through a best practices focused course, covering key concepts in Career Skills.",20882,1999,French,"job-ready, hands-on, project-based, mentor-support",[977]
1219,"React - Fundamentals (Live Cohort, Pluralsight)",Web Development,react fundamentals web development,Beginner,20,5.0,Prof. J. Mehta,"Learn React through a fundamentals focused course, covering key concepts in Web Development.",21315,1999,English,"job-ready, mentor-support, in-demand, beginner-friendly",[]
1220,"Big Data Processing - Fundamentals (Self-Paced, edX)",Data Science,big data processing fundamentals data science,Beginner,12,3.8,Dr. L. Fernandes,"Learn Big Data Processing through a fundamentals focused course, covering key concepts in Data Science.",5222,4999,French,"hands-on, job-ready, industry-recognized, trending",[]
1221,"JavaScript - Object Oriented Programming (Live Cohort, Pluralsight)",Programming,javascript object oriented programming programming,Advanced,4,4.0,Prof. R. Iyer,"Learn JavaScript through a object oriented programming focused course, covering key concepts in Programming.",21148,3999,French,"trending, project-based","[1408, 1496]"
1222,"HTML CSS - Advanced Patterns (Self-Paced, edX)",Web Development,html css advanced patterns web development,Advanced,25,5.0,Ms. P. Nair,"Learn HTML CSS through a advanced patterns focused course, covering key concepts in Web Development.",11136,2999,French,"trending, project-based",[1396]
1223,"Ruby - Design Patterns (Self-Paced, Pluralsight)",Programming,ruby design patterns programming,Advanced,25,4.2,Mr. S. Gupta,"Learn Ruby through a design patterns focused course, covering key concepts in Programming.",34564,0,Hindi,"job-ready, mentor-support",[1858]
1224,"Interview Preparation - Fundamentals (Live Cohort, edX)",Career Skills,interview preparation fundamentals career skills,Beginner,4,3.7,Prof. J. Mehta,"Learn Interview Preparation through a fundamentals focused course, covering key concepts in Career Skills.",26308,499,Hindi,"in-demand, hands-on",[]
1225,"Java - Design Patterns (Self-Paced, Pluralsight)",Programming,java design patterns programming,Advanced,12,4.6,Dr. L. Fernandes,"Learn Java through a design patterns focused course, covering key concepts in Programming.",35986,499,Hindi,"trending, in-demand, mentor-support, job-ready",[1855]
1226,"Pandas - Hands-on Project (Live Cohort, LinkedIn Learning)",Data Science,pandas hands on project data science,Advanced,4,4.3,Ms. K. Verma,"Learn Pandas through a hands-on project focused course, covering key concepts in Data Science.",1890,3999,English,"mentor-support, hands-on, certificate",[1739]
1227,"Azure - Best Practices (Crash Course, DataCamp)",Cloud & DevOps,azure best practices cloud & devops,Beginner,20,4.4,Mr. S. Gupta,"Learn Azure through a best practices focused course, covering key concepts in Cloud & DevOps.",31675,999,French,"beginner-friendly, mentor-support, industry-recognized, certificate",[]
1228,"Data Warehousing - Performance Tuning (Self-Paced, DataCamp)",Databases,data warehousing performance tuning databases,Intermediate,25,4.5,Ms. P. Nair,"Learn Data Warehousing through a performance tuning focused course, covering key concepts in Databases.",43492,1999,French,"hands-on, industry-recognized, quiz-included",[593]
1229,"Kotlin - Basics (Crash Course, Pluralsight)",Programming,kotlin basics programming,Beginner,2,4.1,Prof. M. Khan,"Learn Kotlin through a basics focused course, covering key concepts in Programming.",30312,4999,French,"trending, industry-recognized, in-demand",[]
1230,"PostgreSQL - Basics (Crash Course, Udemy)",Databases,postgresql basics databases,Beginner,12,4.0,Mr. T. Singh,"Learn PostgreSQL through a basics focused course, covering key concepts in Databases.",1019,3999,Spanish,"certificate, beginner-friendly",[]
1231,"Project Management - Fundamentals (Self-Paced, LinkedIn Learning)",Career Skills,project management fundamentals career skills,Beginner,8,3.7,Prof. M. Khan,"Learn Project Management through a fundamentals focused course, covering key concepts in Career Skills.",22449,0,English + Hindi Subtitles,"hands-on, quiz-included, beginner-friendly",[]
1232,"CI CD - Advanced Configuration (Live Cohort, DataCamp)",Cloud & DevOps,ci cd advanced configuration cloud & devops,Advanced,4,4.3,Prof. J. Mehta,"Learn CI CD through a advanced configuration focused course, covering key concepts in Cloud & DevOps.",39701,1499,French,"project-based, in-demand, hands-on",[63]
1233,"Clustering - Fundamentals (Self-Paced, edX)",Machine Learning,clustering fundamentals machine learning,Beginner,10,4.1,Dr. L. Fernandes,"Learn Clustering through a fundamentals focused course, covering key concepts in Machine Learning.",35368,1499,English,"project-based, certificate",[]
1234,"Python - Best Practices (Project-Based, Udemy)",Programming,python best practices programming,Intermediate,20,4.9,Prof. R. Iyer,"Learn Python through a best practices focused course, covering key concepts in Programming.",49468,999,Hindi,"quiz-included, hands-on, industry-recognized, job-ready",[261]
1235,"Exploratory Data Analysis - Hands-on Project (Crash Course, Coursera)",Data Science,exploratory data analysis hands on project data science,Advanced,20,3.7,Ms. P. Nair,"Learn Exploratory Data Analysis through a hands-on project focused course, covering key concepts in Data Science.",35134,499,English,"job-ready, in-demand, trending, project-based","[857, 1474]"
1236,"Data Analysis - Fundamentals (Live Cohort, DataCamp)",Data Science,data analysis fundamentals data science,Beginner,2,4.8,Ms. K. Verma,"Learn Data Analysis through a fundamentals focused course, covering key concepts in Data Science.",15362,1999,English + Hindi Subtitles,"mentor-support, trending, project-based",[]
1237,"Ruby - Algorithms (Live Cohort, DataCamp)",Programming,ruby algorithms programming,Intermediate,15,5.0,Prof. J. Mehta,"Learn Ruby through a algorithms focused course, covering key concepts in Programming.",19381,0,Hindi,"mentor-support, project-based, hands-on",[143]
1238,"Generative AI - Case Studies (Crash Course, Pluralsight)",AI Specialized,generative ai case studies ai specialized,Beginner,15,3.8,Ms. K. Verma,"Learn Generative AI through a case studies focused course, covering key concepts in AI Specialized.",40333,2499,Spanish,"job-ready, trending",[]
1239,"HTML CSS - Deployment Strategies (Live Cohort, LinkedIn Learning)",Web Development,html css deployment strategies web development,Advanced,8,4.8,Prof. M. Khan,"Learn HTML CSS through a deployment strategies focused course, covering key concepts in Web Development.",38311,3999,English + Hindi Subtitles,"beginner-friendly, in-demand, job-ready","[102, 1305]"
1240,"REST API - Building Projects (Crash Course, Pluralsight)",Web Development,rest api building projects web development,Beginner,4,4.3,Dr. L. Fernandes,"Learn REST API through a building projects focused course, covering key concepts in Web Development.",48845,1499,English,"in-demand, certificate",[]
1241,"Regression - Hands-on Project (Project-Based, Udemy)",Machine Learning,regression hands on project machine learning,Intermediate,25,4.1,Dr. N. Rao,"Learn Regression through a hands-on project focused course, covering key concepts in Machine Learning.",42259,999,Hindi,"beginner-friendly, project-based",[822]
1242,"Probability - Fundamentals (Crash Course, LinkedIn Learning)",Statistics & Math,probability fundamentals statistics & math,Beginner,4,4.1,Prof. M. Khan,"Learn Probability through a fundamentals focused course, covering key concepts in Statistics & Math.",4670,4999,English + Hindi Subtitles,"project-based, trending, industry-recognized, in-demand",[]
1243,"Speech Recognition - Introduction (Self-Paced, Udemy)",AI Specialized,speech recognition introduction ai specialized,Beginner,15,4.7,Dr. A. Sharma,"Learn Speech Recognition through a introduction focused course, covering key concepts in AI Specialized.",30726,1499,English + Hindi Subtitles,"mentor-support, job-ready, project-based",[]
1244,"Hyperparameter Tuning - Real World Case Studies (Crash Course, Coursera)",Machine Learning,hyperparameter tuning real world case studies machine learning,Intermediate,6,4.6,Prof. M. Khan,"Learn Hyperparameter Tuning through a real world case studies focused course, covering key concepts in Machine Learning.",48843,2499,French,"certificate, job-ready, project-based",[586]
1245,"Interactive Charts - Best Practices (Crash Course, Pluralsight)",Data Visualization,interactive charts best practices data visualization,Advanced,30,3.7,Prof. R. Iyer,"Learn Interactive Charts through a best practices focused course, covering key concepts in Data Visualization.",29113,0,English + Hindi Subtitles,"beginner-friendly, in-demand",[2035]
1246,"PHP - Object Oriented Programming (Self-Paced, Coursera)",Programming,php object oriented programming programming,Beginner,25,4.5,Ms. P. Nair,"Learn PHP through a object oriented programming focused course, covering key concepts in Programming.",37147,4999,English,"project-based, certificate, industry-recognized, mentor-support",[]
1247,"AutoML - Advanced Techniques (Project-Based, edX)",Machine Learning,automl advanced techniques machine learning,Advanced,10,4.5,Ms. P. Nair,"Learn AutoML through a advanced techniques focused course, covering key concepts in Machine Learning.",45962,0,French,"trending, industry-recognized, job-ready",[2086]
1248,"Transfer Learning - Fundamentals (Live Cohort, Udemy)",Deep Learning,transfer learning fundamentals deep learning,Beginner,20,3.9,Ms. K. Verma,"Learn Transfer Learning through a fundamentals focused course, covering key concepts in Deep Learning.",38913,999,French,"project-based, industry-recognized, trending",[]
1249,"D3.js - Basics (Self-Paced, DataCamp)",Data Visualization,d3.js basics data visualization,Beginner,2,4.7,Ms. P. Nair,"Learn D3.js through a basics focused course, covering key concepts in Data Visualization.",41727,2499,English,"in-demand, mentor-support, beginner-friendly, hands-on",[]
1250,"Django - Best Practices (Crash Course, Udemy)",Web Development,django best practices web development,Advanced,8,4.1,Mr. T. Singh,"Learn Django through a best practices focused course, covering key concepts in Web Development.",30275,499,French,"mentor-support, in-demand, trending, industry-recognized",[1542]
1251,"Attention Mechanisms - Research Perspectives (Self-Paced, LinkedIn Learning)",Deep Learning,attention mechanisms research perspectives deep learning,Advanced,2,3.7,Prof. M. Khan,"Learn Attention Mechanisms through a research perspectives focused course, covering key concepts in Deep Learning.",49079,2999,Hindi,"beginner-friendly, hands-on, in-demand","[353, 655]"
1252,"Reinforcement Learning - Hands-on Project (Self-Paced, DataCamp)",Deep Learning,reinforcement learning hands on project deep learning,Beginner,6,4.5,Mr. S. Gupta,"Learn Reinforcement Learning through a hands-on project focused course, covering key concepts in Deep Learning.",17757,4999,English,"industry-recognized, job-ready",[]
1253,"Serverless Computing - Production Deployment (Crash Course, edX)",Cloud & DevOps,serverless computing production deployment cloud & devops,Intermediate,25,3.8,Ms. P. Nair,"Learn Serverless Computing through a production deployment focused course, covering key concepts in Cloud & DevOps.",32146,2499,French,"hands-on, certificate, job-ready, mentor-support",[1891]
1254,"Database Design - Real World Projects (Live Cohort, Udemy)",Databases,database design real world projects databases,Intermediate,30,3.6,Ms. K. Verma,"Learn Database Design through a real world projects focused course, covering key concepts in Databases.",41808,1999,English + Hindi Subtitles,"certificate, project-based, trending",[45]
1255,"Go - Algorithms (Live Cohort, DataCamp)",Programming,go algorithms programming,Beginner,30,3.7,Mr. S. Gupta,"Learn Go through a algorithms focused course, covering key concepts in Programming.",23117,499,Spanish,"mentor-support, quiz-included, in-demand",[]
1256,"Python - Functional Programming (Project-Based, Udemy)",Programming,python functional programming programming,Intermediate,6,4.8,Ms. P. Nair,"Learn Python through a functional programming focused course, covering key concepts in Programming.",3593,499,French,"industry-recognized, job-ready, beginner-friendly","[107, 469]"
1257,"Database Optimization - Performance Tuning (Self-Paced, Coursera)",Databases,database optimization performance tuning databases,Intermediate,8,3.6,Prof. J. Mehta,"Learn Database Optimization through a performance tuning focused course, covering key concepts in Databases.",49330,2499,Spanish,"quiz-included, in-demand, beginner-friendly, trending",[984]
1258,"Chatbot Development - Fundamentals (Crash Course, DataCamp)",AI Specialized,chatbot development fundamentals ai specialized,Beginner,6,4.2,Mr. T. Singh,"Learn Chatbot Development through a fundamentals focused course, covering key concepts in AI Specialized.",24767,1999,English,"in-demand, hands-on, trending",[]
1259,"Data Warehousing - Basics (Self-Paced, LinkedIn Learning)",Databases,data warehousing basics databases,Beginner,8,4.9,Dr. L. Fernandes,"Learn Data Warehousing through a basics focused course, covering key concepts in Databases.",21342,0,Hindi,"quiz-included, in-demand, certificate, trending",[]
1260,"Statistical Analysis - Fundamentals (Self-Paced, Pluralsight)",Data Science,statistical analysis fundamentals data science,Beginner,8,4.7,Dr. N. Rao,"Learn Statistical Analysis through a fundamentals focused course, covering key concepts in Data Science.",19060,1999,French,"job-ready, beginner-friendly, trending",[]
1261,"Neural Networks - Research Perspectives (Self-Paced, Pluralsight)",Deep Learning,neural networks research perspectives deep learning,Advanced,25,3.8,Dr. A. Sharma,"Learn Neural Networks through a research perspectives focused course, covering key concepts in Deep Learning.",19856,3999,Hindi,"certificate, project-based","[1315, 1963]"
1262,"Kotlin - Testing and Debugging (Self-Paced, LinkedIn Learning)",Programming,kotlin testing and debugging programming,Intermediate,10,4.1,Prof. R. Iyer,"Learn Kotlin through a testing and debugging focused course, covering key concepts in Programming.",24646,3999,English + Hindi Subtitles,"industry-recognized, beginner-friendly, quiz-included, hands-on",[1214]
1263,"CI CD - Introduction (Crash Course, DataCamp)",Cloud & DevOps,ci cd introduction cloud & devops,Beginner,4,3.9,Prof. J. Mehta,"Learn CI CD through a introduction focused course, covering key concepts in Cloud & DevOps.",30164,4999,French,"in-demand, quiz-included, industry-recognized",[]
1264,"Google Cloud - Advanced Configuration (Live Cohort, Coursera)",Cloud & DevOps,google cloud advanced configuration cloud & devops,Advanced,6,4.8,Dr. A. Sharma,"Learn Google Cloud through a advanced configuration focused course, covering key concepts in Cloud & DevOps.",19123,0,French,"project-based, industry-recognized, job-ready",[1552]
1265,"TypeScript - Concurrency (Self-Paced, Pluralsight)",Programming,typescript concurrency programming,Intermediate,15,4.1,Dr. L. Fernandes,"Learn TypeScript through a concurrency focused course, covering key concepts in Programming.",12884,0,French,"trending, hands-on, in-demand",[1451]
1266,"REST API - Advanced Patterns (Self-Paced, DataCamp)",Web Development,rest api advanced patterns web development,Advanced,25,4.2,Mr. S. Gupta,"Learn REST API through a advanced patterns focused course, covering key concepts in Web Development.",5771,1999,Hindi,"certificate, quiz-included, in-demand, hands-on",[916]
1267,"AI Ethics - Introduction (Self-Paced, DataCamp)",AI Specialized,ai ethics introduction ai specialized,Beginner,10,3.8,Mr. T. Singh,"Learn AI Ethics through a introduction focused course, covering key concepts in AI Specialized.",35202,2999,Hindi,"certificate, hands-on, job-ready, mentor-support",[]
1268,"Tableau - Best Practices (Project-Based, Pluralsight)",Data Visualization,tableau best practices data visualization,Advanced,4,4.3,Prof. R. Iyer,"Learn Tableau through a best practices focused course, covering key concepts in Data Visualization.",3121,2999,French,"mentor-support, project-based, beginner-friendly","[557, 1997]"
1269,"Resume Building - Practical Guide (Live Cohort, Coursera)",Career Skills,resume building practical guide career skills,Intermediate,20,4.8,Ms. P. Nair,"Learn Resume Building through a practical guide focused course, covering key concepts in Career Skills.",42244,4999,English,"mentor-support, industry-recognized",[1879]
1270,"Supervised Learning - Introduction (Live Cohort, edX)",Machine Learning,supervised learning introduction machine learning,Beginner,8,4.9,Prof. R. Iyer,"Learn Supervised Learning through a introduction focused course, covering key concepts in Machine Learning.",24548,1999,Hindi,"industry-recognized, hands-on, mentor-support, trending",[]
1271,"Big Data Processing - Real World Case Studies (Self-Paced, Pluralsight)",Data Science,big data processing real world case studies data science,Beginner,6,3.8,Ms. K. Verma,"Learn Big Data Processing through a real world case studies focused course, covering key concepts in Data Science.",33062,2999,English + Hindi Subtitles,"quiz-included, hands-on, in-demand, mentor-support",[]
1272,"GANs - Advanced Architectures (Live Cohort, Pluralsight)",Deep Learning,gans advanced architectures deep learning,Advanced,6,3.9,Prof. R. Iyer,"Learn GANs through a advanced architectures focused course, covering key concepts in Deep Learning.",6430,1999,Hindi,"mentor-support, in-demand","[1446, 1473]"
1273,"Vue.js - Full Stack Development (Project-Based, DataCamp)",Web Development,vue.js full stack development web development,Intermediate,2,3.7,Prof. R. Iyer,"Learn Vue.js through a full stack development focused course, covering key concepts in Web Development.",16933,2499,French,"beginner-friendly, hands-on, certificate, mentor-support",[427]
1274,"Speech Recognition - Advanced Applications (Project-Based, DataCamp)",AI Specialized,speech recognition advanced applications ai specialized,Advanced,15,4.8,Mr. S. Gupta,"Learn Speech Recognition through a advanced applications focused course, covering key concepts in AI Specialized.",48658,4999,Hindi,"beginner-friendly, in-demand",[199]
1275,"Plotly - Best Practices (Crash Course, Coursera)",Data Visualization,plotly best practices data visualization,Intermediate,2,3.5,Prof. M. Khan,"Learn Plotly through a best practices focused course, covering key concepts in Data Visualization.",15361,999,Hindi,"beginner-friendly, hands-on, quiz-included, industry-recognized","[611, 1770]"
1276,"Azure - Best Practices (Self-Paced, Udemy)",Cloud & DevOps,azure best practices cloud & devops,Beginner,2,3.6,Prof. J. Mehta,"Learn Azure through a best practices focused course, covering key concepts in Cloud & DevOps.",49794,0,English,"industry-recognized, project-based",[]
1277,"Feature Engineering - Optimization Strategies (Project-Based, edX)",Machine Learning,feature engineering optimization strategies machine learning,Advanced,10,3.8,Prof. J. Mehta,"Learn Feature Engineering through a optimization strategies focused course, covering key concepts in Machine Learning.",6771,1499,Hindi,"beginner-friendly, quiz-included, in-demand, project-based",[1999]
1278,"Pandas - Fundamentals (Project-Based, Pluralsight)",Data Science,pandas fundamentals data science,Beginner,15,4.9,Prof. R. Iyer,"Learn Pandas through a fundamentals focused course, covering key concepts in Data Science.",14219,999,Hindi,"in-demand, project-based, quiz-included, mentor-support",[]
1279,"Calculus - Applied Techniques (Live Cohort, Coursera)",Statistics & Math,calculus applied techniques statistics & math,Intermediate,10,4.0,Mr. S. Gupta,"Learn Calculus through a applied techniques focused course, covering key concepts in Statistics & Math.",20091,999,French,"project-based, in-demand, job-ready",[2014]
1280,"AutoML - Introduction (Live Cohort, Pluralsight)",Machine Learning,automl introduction machine learning,Beginner,15,4.7,Ms. K. Verma,"Learn AutoML through a introduction focused course, covering key concepts in Machine Learning.",17432,4999,Spanish,"industry-recognized, project-based, beginner-friendly",[]
1281,"Infrastructure as Code - Best Practices (Live Cohort, LinkedIn Learning)",Cloud & DevOps,infrastructure as code best practices cloud & devops,Advanced,2,4.6,Prof. J. Mehta,"Learn Infrastructure as Code through a best practices focused course, covering key concepts in Cloud & DevOps.",23520,1499,Spanish,"job-ready, industry-recognized, project-based",[1540]
1282,"Data Cleaning - Fundamentals (Crash Course, Udemy)",Data Science,data cleaning fundamentals data science,Beginner,30,4.3,Prof. M. Khan,"Learn Data Cleaning through a fundamentals focused course, covering key concepts in Data Science.",11772,3999,Hindi,"mentor-support, certificate, quiz-included",[]
1283,"Tableau - Advanced Dashboards (Live Cohort, Udemy)",Data Visualization,tableau advanced dashboards data visualization,Advanced,6,5.0,Ms. P. Nair,"Learn Tableau through a advanced dashboards focused course, covering key concepts in Data Visualization.",24459,2499,French,"project-based, job-ready",[466]
1284,"Flask - Full Stack Development (Crash Course, Udemy)",Web Development,flask full stack development web development,Intermediate,6,4.1,Mr. S. Gupta,"Learn Flask through a full stack development focused course, covering key concepts in Web Development.",42065,4999,English,"mentor-support, in-demand, project-based, hands-on","[407, 1396]"
1285,"Unsupervised Learning - Introduction (Project-Based, edX)",Machine Learning,unsupervised learning introduction machine learning,Beginner,10,4.2,Prof. M. Khan,"Learn Unsupervised Learning through a introduction focused course, covering key concepts in Machine Learning.",14513,1499,Spanish,"quiz-included, beginner-friendly, project-based, industry-recognized",[]
1286,"Data Storytelling - Real World Projects (Live Cohort, DataCamp)",Data Visualization,data storytelling real world projects data visualization,Intermediate,15,4.2,Prof. M. Khan,"Learn Data Storytelling through a real world projects focused course, covering key concepts in Data Visualization.",43857,1499,English + Hindi Subtitles,"trending, mentor-support","[652, 1166]"
1287,"Matplotlib - Intermediate Techniques (Live Cohort, Coursera)",Data Visualization,matplotlib intermediate techniques data visualization,Beginner,30,4.3,Prof. M. Khan,"Learn Matplotlib through a intermediate techniques focused course, covering key concepts in Data Visualization.",49166,1499,Hindi,"industry-recognized, mentor-support, job-ready",[]
1288,"TypeScript - Best Practices (Crash Course, Coursera)",Programming,typescript best practices programming,Advanced,6,3.9,Prof. M. Khan,"Learn TypeScript through a best practices focused course, covering key concepts in Programming.",31267,499,Hindi,"job-ready, mentor-support, industry-recognized, quiz-included",[708]
1289,"C++ - Algorithms (Self-Paced, Udemy)",Programming,c++ algorithms programming,Advanced,25,4.9,Prof. M. Khan,"Learn C++ through a algorithms focused course, covering key concepts in Programming.",17939,1499,English + Hindi Subtitles,"trending, quiz-included, mentor-support","[1050, 1581]"
1290,"Infrastructure as Code - Best Practices (Project-Based, Coursera)",Cloud & DevOps,infrastructure as code best practices cloud & devops,Beginner,30,3.5,Prof. R. Iyer,"Learn Infrastructure as Code through a best practices focused course, covering key concepts in Cloud & DevOps.",25925,4999,Hindi,"in-demand, job-ready, industry-recognized",[]
1291,"Database Optimization - Real World Projects (Self-Paced, Udemy)",Databases,database optimization real world projects databases,Advanced,30,4.6,Dr. L. Fernandes,"Learn Database Optimization through a real world projects focused course, covering key concepts in Databases.",43225,499,Spanish,"quiz-included, industry-recognized",[180]
1292,"Calculus - Fundamentals (Live Cohort, edX)",Statistics & Math,calculus fundamentals statistics & math,Beginner,25,3.6,Ms. P. Nair,"Learn Calculus through a fundamentals focused course, covering key concepts in Statistics & Math.",33918,1499,Spanish,"hands-on, industry-recognized",[]
1293,"AutoML - Optimization Strategies (Crash Course, DataCamp)",Machine Learning,automl optimization strategies machine learning,Advanced,20,4.7,Mr. T. Singh,"Learn AutoML through a optimization strategies focused course, covering key concepts in Machine Learning.",8722,2999,English,"beginner-friendly, hands-on, certificate",[949]
1294,"Data Ethics and Privacy - Practical Guide (Live Cohort, LinkedIn Learning)",Career Skills,data ethics and privacy practical guide career skills,Intermediate,25,4.4,Mr. T. Singh,"Learn Data Ethics and Privacy through a practical guide focused course, covering key concepts in Career Skills.",36449,0,French,"mentor-support, project-based","[70, 598]"
1295,"Kotlin - Object Oriented Programming (Live Cohort, LinkedIn Learning)",Programming,kotlin object oriented programming programming,Advanced,8,3.7,Prof. R. Iyer,"Learn Kotlin through a object oriented programming focused course, covering key concepts in Programming.",18858,2999,Hindi,"project-based, job-ready, mentor-support, certificate",[1169]
1296,"React - Deployment Strategies (Crash Course, DataCamp)",Web Development,react deployment strategies web development,Intermediate,10,4.8,Prof. J. Mehta,"Learn React through a deployment strategies focused course, covering key concepts in Web Development.",41623,999,Spanish,"project-based, quiz-included, mentor-support, certificate",[1680]
1297,"AWS - Production Deployment (Live Cohort, Pluralsight)",Cloud & DevOps,aws production deployment cloud & devops,Beginner,30,3.7,Ms. K. Verma,"Learn AWS through a production deployment focused course, covering key concepts in Cloud & DevOps.",49174,1999,English,"mentor-support, project-based",[]
1298,"Bayesian Inference - Intermediate Concepts (Project-Based, LinkedIn Learning)",Statistics & Math,bayesian inference intermediate concepts statistics & math,Advanced,4,5.0,Prof. R. Iyer,"Learn Bayesian Inference through a intermediate concepts focused course, covering key concepts in Statistics & Math.",12046,2999,Spanish,"project-based, job-ready, certificate, in-demand","[1292, 1407]"
1299,"Terraform - Hands-on Practice (Live Cohort, Coursera)",Cloud & DevOps,terraform hands on practice cloud & devops,Intermediate,20,5.0,Dr. A. Sharma,"Learn Terraform through a hands-on practice focused course, covering key concepts in Cloud & DevOps.",27130,4999,Hindi,"quiz-included, industry-recognized",[1801]
1300,"A/B Testing - Hands-on Project (Project-Based, Udemy)",Data Science,a/b testing hands on project data science,Advanced,4,3.5,Ms. P. Nair,"Learn A/B Testing through a hands-on project focused course, covering key concepts in Data Science.",7190,999,English + Hindi Subtitles,"hands-on, certificate, mentor-support, job-ready",[973]
1301,"Transformers - Advanced Architectures (Crash Course, LinkedIn Learning)",Deep Learning,transformers advanced architectures deep learning,Advanced,8,4.4,Dr. N. Rao,"Learn Transformers through a advanced architectures focused course, covering key concepts in Deep Learning.",48081,0,English,"industry-recognized, in-demand",[1522]
1302,"Probability - Fundamentals (Crash Course, Coursera)",Statistics & Math,probability fundamentals statistics & math,Beginner,10,5.0,Mr. S. Gupta,"Learn Probability through a fundamentals focused course, covering key concepts in Statistics & Math.",31360,2999,Spanish,"industry-recognized, project-based, certificate, beginner-friendly",[]
1303,"Data Analysis - Intermediate Techniques (Self-Paced, LinkedIn Learning)",Data Science,data analysis intermediate techniques data science,Beginner,30,4.3,Dr. N. Rao,"Learn Data Analysis through a intermediate techniques focused course, covering key concepts in Data Science.",5957,0,English,"job-ready, industry-recognized, hands-on",[]
1304,"Exploratory Data Analysis - Fundamentals (Self-Paced, Pluralsight)",Data Science,exploratory data analysis fundamentals data science,Beginner,4,5.0,Dr. L. Fernandes,"Learn Exploratory Data Analysis through a fundamentals focused course, covering key concepts in Data Science.",6123,499,Spanish,"project-based, certificate",[]
1305,"Flask - Fundamentals (Live Cohort, DataCamp)",Web Development,flask fundamentals web development,Beginner,2,3.6,Dr. N. Rao,"Learn Flask through a fundamentals focused course, covering key concepts in Web Development.",43151,999,English,"trending, in-demand",[]
1306,"Java - Object Oriented Programming (Self-Paced, Coursera)",Programming,java object oriented programming programming,Intermediate,15,4.9,Ms. P. Nair,"Learn Java through a object oriented programming focused course, covering key concepts in Programming.",35820,0,English,"in-demand, hands-on, industry-recognized, beginner-friendly",[1871]
1307,"PHP - Best Practices (Project-Based, Pluralsight)",Programming,php best practices programming,Beginner,4,4.9,Mr. S. Gupta,"Learn PHP through a best practices focused course, covering key concepts in Programming.",17046,4999,English + Hindi Subtitles,"trending, project-based, beginner-friendly",[]
1308,"Flask - Best Practices (Project-Based, Udemy)",Web Development,flask best practices web development,Beginner,8,4.0,Prof. R. Iyer,"Learn Flask through a best practices focused course, covering key concepts in Web Development.",28033,0,Spanish,"certificate, job-ready, in-demand, trending",[]
1309,"Data Analysis - Intermediate Techniques (Self-Paced, Coursera)",Data Science,data analysis intermediate techniques data science,Advanced,15,3.6,Prof. M. Khan,"Learn Data Analysis through a intermediate techniques focused course, covering key concepts in Data Science.",31643,499,English,"certificate, industry-recognized, beginner-friendly","[711, 1880]"
1310,"Robotics - Hands-on Project (Self-Paced, Coursera)",AI Specialized,robotics hands on project ai specialized,Advanced,4,4.4,Dr. N. Rao,"Learn Robotics through a hands-on project focused course, covering key concepts in AI Specialized.",1213,999,English + Hindi Subtitles,"hands-on, beginner-friendly, certificate","[881, 1841]"
1311,"Ensemble Methods - Practical Implementation (Live Cohort, DataCamp)",Machine Learning,ensemble methods practical implementation machine learning,Intermediate,4,3.7,Dr. L. Fernandes,"Learn Ensemble Methods through a practical implementation focused course, covering key concepts in Machine Learning.",30255,1999,English + Hindi Subtitles,"job-ready, certificate","[266, 2097]"
1312,"Infrastructure as Code - Best Practices (Self-Paced, Udemy)",Cloud & DevOps,infrastructure as code best practices cloud & devops,Advanced,8,5.0,Mr. T. Singh,"Learn Infrastructure as Code through a best practices focused course, covering key concepts in Cloud & DevOps.",33578,2499,Spanish,"project-based, mentor-support, industry-recognized",[63]
1313,"RNN - Foundations (Live Cohort, edX)",Deep Learning,rnn foundations deep learning,Advanced,4,3.9,Prof. R. Iyer,"Learn RNN through a foundations focused course, covering key concepts in Deep Learning.",2608,3999,English + Hindi Subtitles,"certificate, mentor-support, in-demand, trending","[751, 1122]"
1314,"LSTM - Advanced Architectures (Crash Course, DataCamp)",Deep Learning,lstm advanced architectures deep learning,Advanced,10,3.8,Ms. K. Verma,"Learn LSTM through a advanced architectures focused course, covering key concepts in Deep Learning.",7946,2499,English + Hindi Subtitles,"certificate, industry-recognized",[1782]
1315,"Transfer Learning - Foundations (Project-Based, Coursera)",Deep Learning,transfer learning foundations deep learning,Beginner,12,3.8,Dr. A. Sharma,"Learn Transfer Learning through a foundations focused course, covering key concepts in Deep Learning.",27082,2999,Hindi,"certificate, mentor-support, project-based",[]
1316,"Speech Recognition - Fundamentals (Crash Course, LinkedIn Learning)",AI Specialized,speech recognition fundamentals ai specialized,Beginner,12,4.0,Prof. M. Khan,"Learn Speech Recognition through a fundamentals focused course, covering key concepts in AI Specialized.",11651,3999,English + Hindi Subtitles,"hands-on, beginner-friendly",[]
1317,"Kubernetes - Fundamentals (Live Cohort, Udemy)",Cloud & DevOps,kubernetes fundamentals cloud & devops,Beginner,12,3.9,Prof. R. Iyer,"Learn Kubernetes through a fundamentals focused course, covering key concepts in Cloud & DevOps.",46522,3999,French,"in-demand, project-based, quiz-included, industry-recognized",[]
1318,"Regression - Optimization Strategies (Self-Paced, edX)",Machine Learning,regression optimization strategies machine learning,Advanced,30,3.9,Prof. J. Mehta,"Learn Regression through a optimization strategies focused course, covering key concepts in Machine Learning.",39332,1499,English,"quiz-included, certificate","[119, 822]"
1319,"Java - Basics (Self-Paced, edX)",Programming,java basics programming,Beginner,30,5.0,Prof. M. Khan,"Learn Java through a basics focused course, covering key concepts in Programming.",28506,3999,English + Hindi Subtitles,"mentor-support, industry-recognized, quiz-included, beginner-friendly",[]
1320,"Transformers - Advanced Architectures (Self-Paced, DataCamp)",Deep Learning,transformers advanced architectures deep learning,Advanced,10,4.8,Ms. K. Verma,"Learn Transformers through a advanced architectures focused course, covering key concepts in Deep Learning.",29526,499,Spanish,"mentor-support, in-demand",[1473]
1321,"Regression - Fundamentals (Self-Paced, edX)",Machine Learning,regression fundamentals machine learning,Beginner,6,4.6,Prof. M. Khan,"Learn Regression through a fundamentals focused course, covering key concepts in Machine Learning.",26698,2499,English,"mentor-support, hands-on, job-ready",[]
1322,"Pandas - Best Practices (Project-Based, Pluralsight)",Data Science,pandas best practices data science,Beginner,2,3.6,Dr. N. Rao,"Learn Pandas through a best practices focused course, covering key concepts in Data Science.",7439,1499,English,"trending, mentor-support, beginner-friendly",[]
1323,"Linear Algebra - Intermediate Concepts (Crash Course, Udemy)",Statistics & Math,linear algebra intermediate concepts statistics & math,Intermediate,2,4.7,Dr. L. Fernandes,"Learn Linear Algebra through a intermediate concepts focused course, covering key concepts in Statistics & Math.",29318,499,English,"mentor-support, in-demand",[1787]
1324,"Feature Engineering - Advanced Techniques (Self-Paced, Pluralsight)",Machine Learning,feature engineering advanced techniques machine learning,Advanced,30,3.6,Dr. N. Rao,"Learn Feature Engineering through a advanced techniques focused course, covering key concepts in Machine Learning.",49937,499,Spanish,"trending, beginner-friendly",[1668]
1325,"Hyperparameter Tuning - Introduction (Live Cohort, edX)",Machine Learning,hyperparameter tuning introduction machine learning,Beginner,2,4.2,Ms. K. Verma,"Learn Hyperparameter Tuning through a introduction focused course, covering key concepts in Machine Learning.",12744,4999,English,"quiz-included, beginner-friendly",[]
1326,"Recommendation Systems - Fundamentals (Live Cohort, Pluralsight)",AI Specialized,recommendation systems fundamentals ai specialized,Beginner,6,3.8,Dr. L. Fernandes,"Learn Recommendation Systems through a fundamentals focused course, covering key concepts in AI Specialized.",9854,999,Hindi,"beginner-friendly, project-based, hands-on, trending",[]
1327,"Data Mining - Intermediate Techniques (Self-Paced, DataCamp)",Data Science,data mining intermediate techniques data science,Intermediate,20,4.0,Ms. K. Verma,"Learn Data Mining through a intermediate techniques focused course, covering key concepts in Data Science.",34622,1499,English + Hindi Subtitles,"in-demand, project-based, hands-on, job-ready",[812]
1328,"Public Speaking - Best Practices (Self-Paced, Udemy)",Career Skills,public speaking best practices career skills,Intermediate,4,3.6,Dr. L. Fernandes,"Learn Public Speaking through a best practices focused course, covering key concepts in Career Skills.",17712,3999,French,"industry-recognized, quiz-included",[1429]
1329,"Data Mining - Real World Case Studies (Crash Course, LinkedIn Learning)",Data Science,data mining real world case studies data science,Beginner,4,4.9,Prof. M. Khan,"Learn Data Mining through a real world case studies focused course, covering key concepts in Data Science.",43863,0,English + Hindi Subtitles,"quiz-included, job-ready",[]
1330,"PostgreSQL - Real World Projects (Self-Paced, edX)",Databases,postgresql real world projects databases,Beginner,6,4.6,Dr. L. Fernandes,"Learn PostgreSQL through a real world projects focused course, covering key concepts in Databases.",38950,999,English,"project-based, certificate, quiz-included",[]
1331,"Data Storytelling - Real World Projects (Live Cohort, LinkedIn Learning)",Data Visualization,data storytelling real world projects data visualization,Intermediate,25,5.0,Prof. J. Mehta,"Learn Data Storytelling through a real world projects focused course, covering key concepts in Data Visualization.",49903,3999,French,"hands-on, beginner-friendly","[757, 1344]"
1332,"Interactive Charts - Real World Projects (Self-Paced, Udemy)",Data Visualization,interactive charts real world projects data visualization,Advanced,2,4.8,Dr. A. Sharma,"Learn Interactive Charts through a real world projects focused course, covering key concepts in Data Visualization.",19817,499,French,"quiz-included, industry-recognized, project-based",[1900]
1333,"Plotly - Advanced Dashboards (Live Cohort, Pluralsight)",Data Visualization,plotly advanced dashboards data visualization,Advanced,30,4.0,Ms. K. Verma,"Learn Plotly through a advanced dashboards focused course, covering key concepts in Data Visualization.",33608,499,English + Hindi Subtitles,"job-ready, trending, mentor-support","[126, 213]"
1334,"Azure - Best Practices (Project-Based, LinkedIn Learning)",Cloud & DevOps,azure best practices cloud & devops,Intermediate,10,4.6,Ms. K. Verma,"Learn Azure through a best practices focused course, covering key concepts in Cloud & DevOps.",36234,0,Hindi,"trending, in-demand","[538, 585]"
1335,"Plotly - Basics (Self-Paced, Pluralsight)",Data Visualization,plotly basics data visualization,Beginner,30,3.8,Ms. P. Nair,"Learn Plotly through a basics focused course, covering key concepts in Data Visualization.",14699,2499,Spanish,"hands-on, industry-recognized, job-ready, project-based",[]
1336,"PostgreSQL - Real World Projects (Live Cohort, Pluralsight)",Databases,postgresql real world projects databases,Advanced,4,4.5,Prof. R. Iyer,"Learn PostgreSQL through a real world projects focused course, covering key concepts in Databases.",14693,3999,English + Hindi Subtitles,"mentor-support, hands-on",[1681]
1337,"Kotlin - Algorithms (Self-Paced, Udemy)",Programming,kotlin algorithms programming,Intermediate,12,4.3,Prof. M. Khan,"Learn Kotlin through a algorithms focused course, covering key concepts in Programming.",32458,2499,French,"project-based, hands-on, in-demand, certificate",[576]
1338,"Reinforcement Learning - Fundamentals (Project-Based, Udemy)",Deep Learning,reinforcement learning fundamentals deep learning,Beginner,30,4.8,Dr. A. Sharma,"Learn Reinforcement Learning through a fundamentals focused course, covering key concepts in Deep Learning.",27616,2999,French,"hands-on, project-based, quiz-included, certificate",[]
1339,"TypeScript - Object Oriented Programming (Live Cohort, Pluralsight)",Programming,typescript object oriented programming programming,Advanced,30,4.7,Ms. P. Nair,"Learn TypeScript through a object oriented programming focused course, covering key concepts in Programming.",1118,2999,English,"hands-on, mentor-support, quiz-included, industry-recognized",[1791]
1340,"Clustering - Hands-on Project (Project-Based, LinkedIn Learning)",Machine Learning,clustering hands on project machine learning,Intermediate,8,3.9,Dr. N. Rao,"Learn Clustering through a hands-on project focused course, covering key concepts in Machine Learning.",24480,3999,English,"mentor-support, quiz-included",[1845]
1341,"RNN - Advanced Architectures (Project-Based, LinkedIn Learning)",Deep Learning,rnn advanced architectures deep learning,Advanced,20,4.1,Mr. S. Gupta,"Learn RNN through a advanced architectures focused course, covering key concepts in Deep Learning.",27560,4999,English,"in-demand, trending, hands-on",[2046]
1342,"Graph Databases - Intermediate Queries (Live Cohort, edX)",Databases,graph databases intermediate queries databases,Beginner,12,3.8,Dr. A. Sharma,"Learn Graph Databases through a intermediate queries focused course, covering key concepts in Databases.",33706,1999,Hindi,"mentor-support, beginner-friendly, in-demand",[]
1343,"Transformers - Advanced Architectures (Self-Paced, edX)",Deep Learning,transformers advanced architectures deep learning,Advanced,10,4.0,Mr. T. Singh,"Learn Transformers through a advanced architectures focused course, covering key concepts in Deep Learning.",11969,2499,English,"project-based, beginner-friendly, industry-recognized, quiz-included",[1667]
1344,"Matplotlib - Best Practices (Live Cohort, LinkedIn Learning)",Data Visualization,matplotlib best practices data visualization,Beginner,10,3.8,Dr. N. Rao,"Learn Matplotlib through a best practices focused course, covering key concepts in Data Visualization.",33723,0,English,"certificate, job-ready, beginner-friendly",[]
1345,"Unsupervised Learning - Hands-on Project (Crash Course, edX)",Machine Learning,unsupervised learning hands on project machine learning,Intermediate,4,4.6,Prof. M. Khan,"Learn Unsupervised Learning through a hands-on project focused course, covering key concepts in Machine Learning.",16311,2999,French,"quiz-included, trending","[430, 1020]"
1346,"Google Cloud - Hands-on Practice (Project-Based, DataCamp)",Cloud & DevOps,google cloud hands on practice cloud & devops,Intermediate,12,4.2,Prof. J. Mehta,"Learn Google Cloud through a hands-on practice focused course, covering key concepts in Cloud & DevOps.",2037,2999,Hindi,"in-demand, mentor-support, hands-on",[500]
1347,"Hypothesis Testing - Practical Examples (Live Cohort, Coursera)",Statistics & Math,hypothesis testing practical examples statistics & math,Beginner,10,3.7,Mr. T. Singh,"Learn Hypothesis Testing through a practical examples focused course, covering key concepts in Statistics & Math.",4176,1499,Hindi,"beginner-friendly, quiz-included",[]
1348,"Ruby - Design Patterns (Project-Based, Coursera)",Programming,ruby design patterns programming,Advanced,30,3.9,Ms. K. Verma,"Learn Ruby through a design patterns focused course, covering key concepts in Programming.",14714,499,English + Hindi Subtitles,"trending, beginner-friendly, mentor-support, certificate",[410]
1349,"Python - Functional Programming (Live Cohort, Coursera)",Programming,python functional programming programming,Beginner,10,3.5,Ms. K. Verma,"Learn Python through a functional programming focused course, covering key concepts in Programming.",39805,2999,Spanish,"in-demand, certificate",[]
1350,"LSTM - Case Studies (Self-Paced, LinkedIn Learning)",Deep Learning,lstm case studies deep learning,Intermediate,6,3.6,Dr. N. Rao,"Learn LSTM through a case studies focused course, covering key concepts in Deep Learning.",10437,999,Hindi,"project-based, certificate","[770, 1963]"
1351,"Ruby - Advanced Concepts (Self-Paced, Pluralsight)",Programming,ruby advanced concepts programming,Advanced,20,4.3,Ms. K. Verma,"Learn Ruby through a advanced concepts focused course, covering key concepts in Programming.",7963,2499,Hindi,"beginner-friendly, mentor-support, trending, project-based",[1730]
1352,"AutoML - Fundamentals (Self-Paced, DataCamp)",Machine Learning,automl fundamentals machine learning,Beginner,8,4.2,Dr. A. Sharma,"Learn AutoML through a fundamentals focused course, covering key concepts in Machine Learning.",26116,1499,Hindi,"hands-on, industry-recognized, certificate",[]
1353,"Feature Engineering - Fundamentals (Project-Based, edX)",Machine Learning,feature engineering fundamentals machine learning,Beginner,8,4.4,Dr. L. Fernandes,"Learn Feature Engineering through a fundamentals focused course, covering key concepts in Machine Learning.",3109,1999,French,"hands-on, beginner-friendly, trending",[]
1354,"Data Cleaning - Hands-on Project (Self-Paced, Udemy)",Data Science,data cleaning hands on project data science,Beginner,15,3.6,Prof. J. Mehta,"Learn Data Cleaning through a hands-on project focused course, covering key concepts in Data Science.",3344,499,French,"industry-recognized, in-demand",[]
1355,"Transfer Learning - Research Perspectives (Crash Course, Pluralsight)",Deep Learning,transfer learning research perspectives deep learning,Advanced,30,3.8,Prof. J. Mehta,"Learn Transfer Learning through a research perspectives focused course, covering key concepts in Deep Learning.",32080,499,French,"hands-on, in-demand","[1113, 2024]"
1356,"Exploratory Data Analysis - Practical Applications (Live Cohort, Pluralsight)",Data Science,exploratory data analysis practical applications data science,Advanced,2,3.8,Prof. J. Mehta,"Learn Exploratory Data Analysis through a practical applications focused course, covering key concepts in Data Science.",42619,2499,Spanish,"mentor-support, beginner-friendly","[1180, 1531]"
1357,"NumPy - Best Practices (Crash Course, DataCamp)",Data Science,numpy best practices data science,Beginner,12,4.1,Dr. N. Rao,"Learn NumPy through a best practices focused course, covering key concepts in Data Science.",46026,3999,English,"quiz-included, in-demand, project-based, hands-on",[]
1358,"Transfer Learning - Case Studies (Crash Course, Coursera)",Deep Learning,transfer learning case studies deep learning,Advanced,20,4.4,Prof. J. Mehta,"Learn Transfer Learning through a case studies focused course, covering key concepts in Deep Learning.",9497,1499,English,"quiz-included, industry-recognized, beginner-friendly",[171]
1359,"HTML CSS - Full Stack Development (Project-Based, Udemy)",Web Development,html css full stack development web development,Advanced,8,3.6,Ms. P. Nair,"Learn HTML CSS through a full stack development focused course, covering key concepts in Web Development.",42806,3999,Spanish,"certificate, project-based, quiz-included, industry-recognized",[288]
1360,"Rust - Basics (Project-Based, edX)",Programming,rust basics programming,Beginner,10,4.2,Dr. N. Rao,"Learn Rust through a basics focused course, covering key concepts in Programming.",16210,3999,English,"certificate, project-based, quiz-included, in-demand",[]
1361,"Vue.js - Fundamentals (Project-Based, Udemy)",Web Development,vue.js fundamentals web development,Beginner,30,4.5,Prof. R. Iyer,"Learn Vue.js through a fundamentals focused course, covering key concepts in Web Development.",5411,3999,Spanish,"mentor-support, in-demand, quiz-included",[]
1362,"D3.js - Best Practices (Project-Based, LinkedIn Learning)",Data Visualization,d3.js best practices data visualization,Beginner,12,3.8,Mr. T. Singh,"Learn D3.js through a best practices focused course, covering key concepts in Data Visualization.",42624,2999,English,"hands-on, beginner-friendly",[]
1363,"Data Storytelling - Real World Projects (Project-Based, LinkedIn Learning)",Data Visualization,data storytelling real world projects data visualization,Advanced,4,4.7,Prof. M. Khan,"Learn Data Storytelling through a real world projects focused course, covering key concepts in Data Visualization.",31396,4999,English,"certificate, hands-on, beginner-friendly","[974, 1161]"
1364,"Ensemble Methods - Real World Case Studies (Live Cohort, edX)",Machine Learning,ensemble methods real world case studies machine learning,Beginner,8,3.6,Prof. R. Iyer,"Learn Ensemble Methods through a real world case studies focused course, covering key concepts in Machine Learning.",25760,3999,French,"job-ready, hands-on, mentor-support, quiz-included",[]
1365,"Speech Recognition - Fundamentals (Project-Based, DataCamp)",AI Specialized,speech recognition fundamentals ai specialized,Beginner,20,4.4,Mr. S. Gupta,"Learn Speech Recognition through a fundamentals focused course, covering key concepts in AI Specialized.",22124,1499,Hindi,"industry-recognized, job-ready",[]
1366,"CI CD - Hands-on Practice (Crash Course, LinkedIn Learning)",Cloud & DevOps,ci cd hands on practice cloud & devops,Beginner,25,4.0,Ms. K. Verma,"Learn CI CD through a hands-on practice focused course, covering key concepts in Cloud & DevOps.",4843,999,Spanish,"trending, project-based, quiz-included, industry-recognized",[]
1367,"Optimization - Fundamentals (Live Cohort, Coursera)",Statistics & Math,optimization fundamentals statistics & math,Beginner,8,4.9,Prof. R. Iyer,"Learn Optimization through a fundamentals focused course, covering key concepts in Statistics & Math.",5597,1999,Hindi,"project-based, industry-recognized, hands-on, job-ready",[]
1368,"Kotlin - Basics (Self-Paced, LinkedIn Learning)",Programming,kotlin basics programming,Beginner,2,4.9,Mr. S. Gupta,"Learn Kotlin through a basics focused course, covering key concepts in Programming.",29874,2499,Hindi,"trending, beginner-friendly, industry-recognized, quiz-included",[]
1369,"Hypothesis Testing - Practical Examples (Crash Course, Pluralsight)",Statistics & Math,hypothesis testing practical examples statistics & math,Advanced,4,3.8,Dr. N. Rao,"Learn Hypothesis Testing through a practical examples focused course, covering key concepts in Statistics & Math.",28812,2499,French,"trending, mentor-support, in-demand, project-based",[1217]
1370,"GANs - Hands-on Project (Crash Course, Pluralsight)",Deep Learning,gans hands on project deep learning,Beginner,6,5.0,Dr. L. Fernandes,"Learn GANs through a hands-on project focused course, covering key concepts in Deep Learning.",46916,1999,English,"trending, industry-recognized, job-ready",[]
1371,"SQL - Performance Tuning (Project-Based, Pluralsight)",Databases,sql performance tuning databases,Intermediate,12,4.4,Prof. M. Khan,"Learn SQL through a performance tuning focused course, covering key concepts in Databases.",13932,4999,Hindi,"certificate, in-demand","[1009, 1635]"
1372,"RNN - Research Perspectives (Crash Course, LinkedIn Learning)",Deep Learning,rnn research perspectives deep learning,Advanced,2,4.7,Prof. M. Khan,"Learn RNN through a research perspectives focused course, covering key concepts in Deep Learning.",10876,2999,Spanish,"beginner-friendly, mentor-support, job-ready",[1149]
1373,"Generative AI - Hands-on Project (Self-Paced, LinkedIn Learning)",AI Specialized,generative ai hands on project ai specialized,Beginner,12,3.6,Ms. K. Verma,"Learn Generative AI through a hands-on project focused course, covering key concepts in AI Specialized.",32121,999,English + Hindi Subtitles,"quiz-included, industry-recognized, trending",[]
1374,"JavaScript - Algorithms (Crash Course, LinkedIn Learning)",Programming,javascript algorithms programming,Intermediate,12,4.5,Prof. M. Khan,"Learn JavaScript through a algorithms focused course, covering key concepts in Programming.",49391,2999,French,"mentor-support, project-based, job-ready","[192, 1944]"
1375,"Database Optimization - Basics (Crash Course, Pluralsight)",Databases,database optimization basics databases,Beginner,25,3.9,Ms. P. Nair,"Learn Database Optimization through a basics focused course, covering key concepts in Databases.",10618,999,English + Hindi Subtitles,"project-based, quiz-included, certificate, hands-on",[]
1376,"Data Storytelling - Basics (Self-Paced, DataCamp)",Data Visualization,data storytelling basics data visualization,Beginner,10,4.1,Ms. K. Verma,"Learn Data Storytelling through a basics focused course, covering key concepts in Data Visualization.",20787,0,Spanish,"beginner-friendly, mentor-support, quiz-included, industry-recognized",[]
1377,"Transformers - Research Perspectives (Live Cohort, Udemy)",Deep Learning,transformers research perspectives deep learning,Advanced,12,4.8,Ms. K. Verma,"Learn Transformers through a research perspectives focused course, covering key concepts in Deep Learning.",44201,0,Spanish,"job-ready, mentor-support",[1804]
1378,"Angular - Advanced Patterns (Crash Course, Udemy)",Web Development,angular advanced patterns web development,Advanced,20,3.8,Mr. S. Gupta,"Learn Angular through a advanced patterns focused course, covering key concepts in Web Development.",48626,2499,English,"job-ready, industry-recognized, project-based, quiz-included",[906]
1379,"AutoML - Optimization Strategies (Project-Based, Udemy)",Machine Learning,automl optimization strategies machine learning,Advanced,6,3.6,Prof. J. Mehta,"Learn AutoML through a optimization strategies focused course, covering key concepts in Machine Learning.",7375,1999,Spanish,"quiz-included, hands-on, beginner-friendly, certificate","[949, 1532]"
1380,"GANs - Fundamentals (Crash Course, Pluralsight)",Deep Learning,gans fundamentals deep learning,Beginner,8,3.9,Mr. T. Singh,"Learn GANs through a fundamentals focused course, covering key concepts in Deep Learning.",30392,4999,English,"quiz-included, job-ready, trending",[]
1381,"Matplotlib - Best Practices (Live Cohort, Pluralsight)",Data Visualization,matplotlib best practices data visualization,Beginner,12,3.7,Dr. L. Fernandes,"Learn Matplotlib through a best practices focused course, covering key concepts in Data Visualization.",19241,0,Spanish,"industry-recognized, in-demand",[]
1382,"Technical Communication - Practical Guide (Project-Based, LinkedIn Learning)",Career Skills,technical communication practical guide career skills,Advanced,30,4.3,Prof. R. Iyer,"Learn Technical Communication through a practical guide focused course, covering key concepts in Career Skills.",19326,3999,French,"beginner-friendly, industry-recognized, trending, job-ready",[1493]
1383,"Rust - Best Practices (Project-Based, LinkedIn Learning)",Programming,rust best practices programming,Advanced,6,4.5,Prof. J. Mehta,"Learn Rust through a best practices focused course, covering key concepts in Programming.",45941,1999,English + Hindi Subtitles,"mentor-support, job-ready",[201]
1384,"Seaborn - Intermediate Techniques (Self-Paced, DataCamp)",Data Visualization,seaborn intermediate techniques data visualization,Intermediate,20,3.5,Mr. S. Gupta,"Learn Seaborn through a intermediate techniques focused course, covering key concepts in Data Visualization.",26822,1499,Hindi,"mentor-support, industry-recognized, hands-on, job-ready",[1161]
1385,"Computer Vision - Fundamentals (Crash Course, LinkedIn Learning)",AI Specialized,computer vision fundamentals ai specialized,Beginner,4,5.0,Ms. K. Verma,"Learn Computer Vision through a fundamentals focused course, covering key concepts in AI Specialized.",1923,0,French,"trending, project-based, beginner-friendly",[]
1386,"Ensemble Methods - Real World Case Studies (Project-Based, edX)",Machine Learning,ensemble methods real world case studies machine learning,Intermediate,10,4.7,Dr. L. Fernandes,"Learn Ensemble Methods through a real world case studies focused course, covering key concepts in Machine Learning.",13489,1499,Hindi,"job-ready, mentor-support, hands-on",[1661]
1387,"Infrastructure as Code - Best Practices (Crash Course, LinkedIn Learning)",Cloud & DevOps,infrastructure as code best practices cloud & devops,Advanced,6,4.9,Dr. L. Fernandes,"Learn Infrastructure as Code through a best practices focused course, covering key concepts in Cloud & DevOps.",39815,2999,Spanish,"certificate, industry-recognized, mentor-support, hands-on",[1227]
1388,"Ensemble Methods - Introduction (Crash Course, LinkedIn Learning)",Machine Learning,ensemble methods introduction machine learning,Beginner,12,4.5,Dr. N. Rao,"Learn Ensemble Methods through a introduction focused course, covering key concepts in Machine Learning.",39903,1999,Spanish,"beginner-friendly, hands-on, quiz-included, industry-recognized",[]
1389,"Ensemble Methods - Practical Implementation (Live Cohort, Udemy)",Machine Learning,ensemble methods practical implementation machine learning,Intermediate,30,4.6,Dr. A. Sharma,"Learn Ensemble Methods through a practical implementation focused course, covering key concepts in Machine Learning.",7603,1499,Hindi,"in-demand, quiz-included, certificate",[357]
1390,"Natural Language Processing - Hands-on Project (Self-Paced, Udemy)",AI Specialized,natural language processing hands on project ai specialized,Advanced,8,4.1,Dr. A. Sharma,"Learn Natural Language Processing through a hands-on project focused course, covering key concepts in AI Specialized.",5225,499,English + Hindi Subtitles,"mentor-support, certificate, job-ready",[1385]
1391,"Linear Algebra - Intermediate Concepts (Self-Paced, DataCamp)",Statistics & Math,linear algebra intermediate concepts statistics & math,Intermediate,25,4.6,Dr. A. Sharma,"Learn Linear Algebra through a intermediate concepts focused course, covering key concepts in Statistics & Math.",35597,0,Hindi,"trending, hands-on, project-based, beginner-friendly",[1108]
1392,"Git and Version Control - Best Practices (Crash Course, DataCamp)",Career Skills,git and version control best practices career skills,Advanced,4,3.6,Dr. A. Sharma,"Learn Git and Version Control through a best practices focused course, covering key concepts in Career Skills.",17971,1499,English,"mentor-support, in-demand, quiz-included","[1626, 1807]"
1393,"GraphQL - Fundamentals (Live Cohort, edX)",Web Development,graphql fundamentals web development,Beginner,4,4.5,Prof. M. Khan,"Learn GraphQL through a fundamentals focused course, covering key concepts in Web Development.",12662,4999,English,"trending, industry-recognized, job-ready",[]
1394,"Regression Analysis - Intermediate Concepts (Crash Course, Udemy)",Statistics & Math,regression analysis intermediate concepts statistics & math,Intermediate,20,4.0,Dr. L. Fernandes,"Learn Regression Analysis through a intermediate concepts focused course, covering key concepts in Statistics & Math.",3422,1499,English,"hands-on, certificate, mentor-support, project-based",[1562]
1395,"PostgreSQL - Basics (Self-Paced, DataCamp)",Databases,postgresql basics databases,Beginner,12,4.1,Mr. T. Singh,"Learn PostgreSQL through a basics focused course, covering key concepts in Databases.",7358,3999,Spanish,"project-based, hands-on, certificate, in-demand",[]
1396,"Django - Full Stack Development (Self-Paced, LinkedIn Learning)",Web Development,django full stack development web development,Beginner,6,4.8,Prof. R. Iyer,"Learn Django through a full stack development focused course, covering key concepts in Web Development.",26678,4999,French,"industry-recognized, job-ready, certificate, in-demand",[]
1397,"Linear Algebra - Advanced Theory (Project-Based, Pluralsight)",Statistics & Math,linear algebra advanced theory statistics & math,Advanced,4,4.0,Ms. P. Nair,"Learn Linear Algebra through a advanced theory focused course, covering key concepts in Statistics & Math.",27956,4999,Spanish,"certificate, job-ready",[567]
1398,"Rust - Functional Programming (Project-Based, Pluralsight)",Programming,rust functional programming programming,Intermediate,20,4.0,Dr. L. Fernandes,"Learn Rust through a functional programming focused course, covering key concepts in Programming.",13385,1499,Hindi,"certificate, job-ready, hands-on",[1818]
1399,"PHP - Data Structures (Crash Course, DataCamp)",Programming,php data structures programming,Advanced,12,4.8,Prof. M. Khan,"Learn PHP through a data structures focused course, covering key concepts in Programming.",35297,1499,English + Hindi Subtitles,"project-based, quiz-included",[1132]
1400,"Django - Full Stack Development (Project-Based, Pluralsight)",Web Development,django full stack development web development,Advanced,25,3.6,Prof. M. Khan,"Learn Django through a full stack development focused course, covering key concepts in Web Development.",27805,2499,Spanish,"beginner-friendly, trending, quiz-included, certificate",[1847]
1401,"Ruby - Advanced Concepts (Live Cohort, Udemy)",Programming,ruby advanced concepts programming,Advanced,8,5.0,Prof. J. Mehta,"Learn Ruby through a advanced concepts focused course, covering key concepts in Programming.",43150,4999,Hindi,"beginner-friendly, mentor-support, trending",[708]
1402,"Autoencoders - Research Perspectives (Project-Based, Coursera)",Deep Learning,autoencoders research perspectives deep learning,Advanced,6,3.6,Mr. T. Singh,"Learn Autoencoders through a research perspectives focused course, covering key concepts in Deep Learning.",22114,4999,English,"quiz-included, trending",[391]
1403,"NumPy - Hands-on Project (Self-Paced, edX)",Data Science,numpy hands on project data science,Intermediate,15,4.1,Mr. T. Singh,"Learn NumPy through a hands-on project focused course, covering key concepts in Data Science.",39783,1499,English,"hands-on, beginner-friendly",[2051]
1404,"Reinforcement Learning - Fundamentals (Crash Course, DataCamp)",Deep Learning,reinforcement learning fundamentals deep learning,Beginner,25,4.0,Ms. K. Verma,"Learn Reinforcement Learning through a fundamentals focused course, covering key concepts in Deep Learning.",30429,999,Spanish,"mentor-support, trending, industry-recognized",[]
1405,"Linear Algebra - Applied Techniques (Project-Based, DataCamp)",Statistics & Math,linear algebra applied techniques statistics & math,Intermediate,12,3.6,Prof. M. Khan,"Learn Linear Algebra through a applied techniques focused course, covering key concepts in Statistics & Math.",48558,0,Hindi,"beginner-friendly, trending, quiz-included",[553]
1406,"Terraform - Best Practices (Self-Paced, Coursera)",Cloud & DevOps,terraform best practices cloud & devops,Intermediate,15,3.7,Mr. S. Gupta,"Learn Terraform through a best practices focused course, covering key concepts in Cloud & DevOps.",439,4999,Spanish,"hands-on, trending","[794, 1086]"
1407,"Calculus - Fundamentals (Live Cohort, LinkedIn Learning)",Statistics & Math,calculus fundamentals statistics & math,Beginner,30,4.9,Ms. K. Verma,"Learn Calculus through a fundamentals focused course, covering key concepts in Statistics & Math.",47470,0,Spanish,"trending, beginner-friendly",[]
1408,"Java - Basics (Live Cohort, Udemy)",Programming,java basics programming,Beginner,20,4.7,Mr. T. Singh,"Learn Java through a basics focused course, covering key concepts in Programming.",30026,499,English,"project-based, beginner-friendly, quiz-included, certificate",[]
1409,"Data Cleaning - Intermediate Techniques (Self-Paced, Coursera)",Data Science,data cleaning intermediate techniques data science,Advanced,20,4.5,Ms. P. Nair,"Learn Data Cleaning through a intermediate techniques focused course, covering key concepts in Data Science.",13153,0,French,"hands-on, job-ready",[1260]
1410,"Database Optimization - Intermediate Queries (Self-Paced, Udemy)",Databases,database optimization intermediate queries databases,Beginner,6,3.6,Ms. K. Verma,"Learn Database Optimization through a intermediate queries focused course, covering key concepts in Databases.",47095,1999,Hindi,"project-based, in-demand",[]
1411,"Neural Networks - Hands-on Project (Self-Paced, LinkedIn Learning)",Deep Learning,neural networks hands on project deep learning,Intermediate,8,4.8,Dr. A. Sharma,"Learn Neural Networks through a hands-on project focused course, covering key concepts in Deep Learning.",23008,3999,Spanish,"certificate, mentor-support, in-demand","[348, 353]"
1412,"TypeScript - Design Patterns (Crash Course, DataCamp)",Programming,typescript design patterns programming,Advanced,30,4.4,Mr. T. Singh,"Learn TypeScript through a design patterns focused course, covering key concepts in Programming.",7249,2999,English + Hindi Subtitles,"in-demand, mentor-support, quiz-included, trending",[564]
1413,"Java - Testing and Debugging (Crash Course, LinkedIn Learning)",Programming,java testing and debugging programming,Intermediate,15,4.7,Ms. P. Nair,"Learn Java through a testing and debugging focused course, covering key concepts in Programming.",19548,0,French,"mentor-support, trending, industry-recognized, certificate",[651]
1414,"Serverless Computing - Fundamentals (Crash Course, Pluralsight)",Cloud & DevOps,serverless computing fundamentals cloud & devops,Beginner,10,4.7,Dr. A. Sharma,"Learn Serverless Computing through a fundamentals focused course, covering key concepts in Cloud & DevOps.",1294,2499,Hindi,"project-based, beginner-friendly",[]
1415,"Neural Networks - Research Perspectives (Live Cohort, edX)",Deep Learning,neural networks research perspectives deep learning,Advanced,15,4.5,Prof. M. Khan,"Learn Neural Networks through a research perspectives focused course, covering key concepts in Deep Learning.",13013,3999,French,"beginner-friendly, in-demand","[1072, 1338]"
1416,"Graph Databases - Advanced Techniques (Live Cohort, Coursera)",Databases,graph databases advanced techniques databases,Advanced,30,3.6,Dr. N. Rao,"Learn Graph Databases through a advanced techniques focused course, covering key concepts in Databases.",16132,0,Spanish,"quiz-included, project-based",[1330]
1417,"Public Speaking - Real World Scenarios (Project-Based, LinkedIn Learning)",Career Skills,public speaking real world scenarios career skills,Intermediate,8,4.1,Prof. R. Iyer,"Learn Public Speaking through a real world scenarios focused course, covering key concepts in Career Skills.",22076,3999,French,"certificate, quiz-included","[736, 2087]"
1418,"Dashboard Design - Advanced Dashboards (Live Cohort, Coursera)",Data Visualization,dashboard design advanced dashboards data visualization,Advanced,4,3.6,Ms. P. Nair,"Learn Dashboard Design through a advanced dashboards focused course, covering key concepts in Data Visualization.",46604,999,Spanish,"hands-on, trending",[1564]
1419,"Optimization - Advanced Theory (Live Cohort, Udemy)",Statistics & Math,optimization advanced theory statistics & math,Advanced,6,4.1,Dr. L. Fernandes,"Learn Optimization through a advanced theory focused course, covering key concepts in Statistics & Math.",37624,1499,English + Hindi Subtitles,"quiz-included, job-ready, industry-recognized",[567]
1420,"Time Series Analysis - Intermediate Concepts (Project-Based, LinkedIn Learning)",Statistics & Math,time series analysis intermediate concepts statistics & math,Beginner,12,3.9,Dr. L. Fernandes,"Learn Time Series Analysis through a intermediate concepts focused course, covering key concepts in Statistics & Math.",46925,1499,English + Hindi Subtitles,"certificate, beginner-friendly, in-demand",[]
1421,"Robotics - Advanced Applications (Self-Paced, LinkedIn Learning)",AI Specialized,robotics advanced applications ai specialized,Advanced,30,4.1,Prof. J. Mehta,"Learn Robotics through a advanced applications focused course, covering key concepts in AI Specialized.",6132,1999,Spanish,"trending, mentor-support",[1848]
1422,"Transfer Learning - Practical Applications (Live Cohort, Udemy)",Deep Learning,transfer learning practical applications deep learning,Advanced,15,4.8,Mr. S. Gupta,"Learn Transfer Learning through a practical applications focused course, covering key concepts in Deep Learning.",10358,0,Hindi,"job-ready, beginner-friendly","[955, 966]"
1423,"Pandas - Industry Applications (Project-Based, Udemy)",Data Science,pandas industry applications data science,Advanced,15,4.1,Ms. K. Verma,"Learn Pandas through a industry applications focused course, covering key concepts in Data Science.",34126,999,English + Hindi Subtitles,"trending, quiz-included, project-based",[1931]
1424,"Dashboard Design - Real World Projects (Self-Paced, Udemy)",Data Visualization,dashboard design real world projects data visualization,Advanced,6,5.0,Mr. T. Singh,"Learn Dashboard Design through a real world projects focused course, covering key concepts in Data Visualization.",44046,999,English + Hindi Subtitles,"hands-on, in-demand","[1520, 1769]"
1425,"Transformers - Advanced Architectures (Live Cohort, Udemy)",Deep Learning,transformers advanced architectures deep learning,Advanced,6,3.5,Ms. P. Nair,"Learn Transformers through a advanced architectures focused course, covering key concepts in Deep Learning.",43670,0,English,"mentor-support, hands-on, quiz-included",[348]
1426,"Clustering - Introduction (Project-Based, LinkedIn Learning)",Machine Learning,clustering introduction machine learning,Beginner,4,4.4,Dr. L. Fernandes,"Learn Clustering through a introduction focused course, covering key concepts in Machine Learning.",22295,1999,Hindi,"job-ready, certificate",[]
1427,"PHP - Testing and Debugging (Crash Course, edX)",Programming,php testing and debugging programming,Intermediate,8,4.6,Mr. S. Gupta,"Learn PHP through a testing and debugging focused course, covering key concepts in Programming.",15516,2499,Spanish,"industry-recognized, mentor-support, in-demand, trending","[1853, 1871]"
1428,"Public Speaking - Real World Scenarios (Crash Course, Pluralsight)",Career Skills,public speaking real world scenarios career skills,Beginner,4,4.9,Dr. A. Sharma,"Learn Public Speaking through a real world scenarios focused course, covering key concepts in Career Skills.",47492,0,French,"trending, industry-recognized",[]
1429,"Git and Version Control - Fundamentals (Crash Course, Coursera)",Career Skills,git and version control fundamentals career skills,Beginner,4,4.3,Dr. L. Fernandes,"Learn Git and Version Control through a fundamentals focused course, covering key concepts in Career Skills.",7618,0,English + Hindi Subtitles,"hands-on, beginner-friendly, industry-recognized, trending",[]
1430,"Reinforcement Learning - Foundations (Crash Course, Pluralsight)",Deep Learning,reinforcement learning foundations deep learning,Advanced,10,3.6,Dr. L. Fernandes,"Learn Reinforcement Learning through a foundations focused course, covering key concepts in Deep Learning.",39480,999,French,"hands-on, industry-recognized, in-demand, beginner-friendly","[101, 1580]"
1431,"Tableau - Intermediate Techniques (Self-Paced, Udemy)",Data Visualization,tableau intermediate techniques data visualization,Advanced,8,4.5,Ms. P. Nair,"Learn Tableau through a intermediate techniques focused course, covering key concepts in Data Visualization.",27982,499,Hindi,"mentor-support, beginner-friendly, hands-on",[336]
1432,"Technical Communication - Real World Scenarios (Self-Paced, Udemy)",Career Skills,technical communication real world scenarios career skills,Advanced,4,3.7,Ms. K. Verma,"Learn Technical Communication through a real world scenarios focused course, covering key concepts in Career Skills.",44346,2999,French,"quiz-included, project-based",[1144]
1433,"Data Cleaning - Intermediate Techniques (Self-Paced, LinkedIn Learning)",Data Science,data cleaning intermediate techniques data science,Intermediate,10,4.7,Dr. A. Sharma,"Learn Data Cleaning through a intermediate techniques focused course, covering key concepts in Data Science.",22922,1499,English,"hands-on, quiz-included",[1880]
1434,"Autoencoders - Hands-on Project (Project-Based, edX)",Deep Learning,autoencoders hands on project deep learning,Advanced,25,4.9,Mr. S. Gupta,"Learn Autoencoders through a hands-on project focused course, covering key concepts in Deep Learning.",698,2999,Spanish,"in-demand, job-ready","[348, 1338]"
1435,"Feature Engineering - Real World Case Studies (Live Cohort, LinkedIn Learning)",Machine Learning,feature engineering real world case studies machine learning,Advanced,25,3.9,Ms. K. Verma,"Learn Feature Engineering through a real world case studies focused course, covering key concepts in Machine Learning.",6353,4999,French,"project-based, beginner-friendly",[223]
1436,"Autoencoders - Research Perspectives (Project-Based, DataCamp)",Deep Learning,autoencoders research perspectives deep learning,Advanced,15,4.4,Mr. T. Singh,"Learn Autoencoders through a research perspectives focused course, covering key concepts in Deep Learning.",26901,2499,English,"certificate, mentor-support, job-ready, industry-recognized",[541]
1437,"Supervised Learning - Optimization Strategies (Crash Course, edX)",Machine Learning,supervised learning optimization strategies machine learning,Advanced,4,4.3,Mr. T. Singh,"Learn Supervised Learning through a optimization strategies focused course, covering key concepts in Machine Learning.",26241,999,French,"industry-recognized, mentor-support, in-demand, job-ready",[947]
1438,"Excel Visualization - Intermediate Techniques (Project-Based, DataCamp)",Data Visualization,excel visualization intermediate techniques data visualization,Advanced,25,4.9,Prof. M. Khan,"Learn Excel Visualization through a intermediate techniques focused course, covering key concepts in Data Visualization.",1760,499,Spanish,"beginner-friendly, job-ready, mentor-support, certificate","[1764, 2081]"
1439,"NumPy - Intermediate Techniques (Crash Course, Udemy)",Data Science,numpy intermediate techniques data science,Advanced,6,3.8,Ms. P. Nair,"Learn NumPy through a intermediate techniques focused course, covering key concepts in Data Science.",28656,3999,French,"trending, hands-on, industry-recognized, job-ready",[1885]
1440,"Ensemble Methods - Introduction (Project-Based, Pluralsight)",Machine Learning,ensemble methods introduction machine learning,Beginner,15,3.6,Ms. P. Nair,"Learn Ensemble Methods through a introduction focused course, covering key concepts in Machine Learning.",21440,999,Hindi,"in-demand, trending, hands-on, industry-recognized",[]
1441,"Resume Building - Fundamentals (Live Cohort, Pluralsight)",Career Skills,resume building fundamentals career skills,Beginner,10,4.4,Mr. S. Gupta,"Learn Resume Building through a fundamentals focused course, covering key concepts in Career Skills.",20989,4999,English,"quiz-included, in-demand",[]
1442,"Go - Advanced Concepts (Live Cohort, Udemy)",Programming,go advanced concepts programming,Advanced,20,4.2,Ms. K. Verma,"Learn Go through a advanced concepts focused course, covering key concepts in Programming.",28581,2499,French,"mentor-support, project-based, hands-on",[143]
1443,"Database Design - Real World Projects (Crash Course, Udemy)",Databases,database design real world projects databases,Advanced,8,4.9,Prof. M. Khan,"Learn Database Design through a real world projects focused course, covering key concepts in Databases.",48781,4999,English,"hands-on, certificate, project-based","[674, 1792]"
1444,"Optimization - Fundamentals (Live Cohort, edX)",Statistics & Math,optimization fundamentals statistics & math,Beginner,4,4.7,Prof. R. Iyer,"Learn Optimization through a fundamentals focused course, covering key concepts in Statistics & Math.",25547,2499,Spanish,"in-demand, industry-recognized, certificate, mentor-support",[]
1445,"Django - Fundamentals (Live Cohort, DataCamp)",Web Development,django fundamentals web development,Beginner,6,4.4,Prof. M. Khan,"Learn Django through a fundamentals focused course, covering key concepts in Web Development.",26133,2499,English,"trending, job-ready, certificate, quiz-included",[]
1446,"CNN - Fundamentals (Live Cohort, edX)",Deep Learning,cnn fundamentals deep learning,Beginner,4,4.8,Dr. N. Rao,"Learn CNN through a fundamentals focused course, covering key concepts in Deep Learning.",34594,2999,English,"quiz-included, hands-on",[]
1447,"Data Cleaning - Best Practices (Crash Course, Coursera)",Data Science,data cleaning best practices data science,Beginner,30,3.8,Dr. N. Rao,"Learn Data Cleaning through a best practices focused course, covering key concepts in Data Science.",39102,999,French,"trending, job-ready, quiz-included",[]
1448,"NoSQL - Intermediate Queries (Live Cohort, Coursera)",Databases,nosql intermediate queries databases,Advanced,20,5.0,Mr. S. Gupta,"Learn NoSQL through a intermediate queries focused course, covering key concepts in Databases.",42260,0,Hindi,"industry-recognized, hands-on, certificate, trending",[1528]
1449,"Matplotlib - Advanced Dashboards (Self-Paced, LinkedIn Learning)",Data Visualization,matplotlib advanced dashboards data visualization,Advanced,6,4.0,Dr. A. Sharma,"Learn Matplotlib through a advanced dashboards focused course, covering key concepts in Data Visualization.",4331,4999,Spanish,"hands-on, job-ready, project-based, certificate","[120, 1376]"
1450,"Discrete Mathematics - Intermediate Concepts (Project-Based, Coursera)",Statistics & Math,discrete mathematics intermediate concepts statistics & math,Advanced,2,4.1,Prof. J. Mehta,"Learn Discrete Mathematics through a intermediate concepts focused course, covering key concepts in Statistics & Math.",22735,999,Hindi,"industry-recognized, in-demand","[361, 1028]"
1451,"Kotlin - Basics (Project-Based, Pluralsight)",Programming,kotlin basics programming,Beginner,15,4.4,Prof. R. Iyer,"Learn Kotlin through a basics focused course, covering key concepts in Programming.",41699,4999,English,"beginner-friendly, hands-on, trending",[]
1452,"Infrastructure as Code - Advanced Configuration (Live Cohort, Udemy)",Cloud & DevOps,infrastructure as code advanced configuration cloud & devops,Advanced,8,3.5,Ms. K. Verma,"Learn Infrastructure as Code through a advanced configuration focused course, covering key concepts in Cloud & DevOps.",17299,999,Spanish,"mentor-support, beginner-friendly, project-based, quiz-included","[110, 1477]"
1453,"Natural Language Processing - Case Studies (Self-Paced, Pluralsight)",AI Specialized,natural language processing case studies ai specialized,Advanced,20,4.0,Mr. T. Singh,"Learn Natural Language Processing through a case studies focused course, covering key concepts in AI Specialized.",48304,1999,English,"quiz-included, job-ready, certificate, mentor-support","[1721, 1859]"
1454,"Neural Networks - Hands-on Project (Project-Based, Udemy)",Deep Learning,neural networks hands on project deep learning,Advanced,10,4.0,Prof. J. Mehta,"Learn Neural Networks through a hands-on project focused course, covering key concepts in Deep Learning.",24233,2999,Spanish,"hands-on, mentor-support, job-ready","[218, 1571]"
1455,"MongoDB - Advanced Techniques (Live Cohort, Udemy)",Databases,mongodb advanced techniques databases,Advanced,12,4.5,Dr. N. Rao,"Learn MongoDB through a advanced techniques focused course, covering key concepts in Databases.",24573,1499,English + Hindi Subtitles,"certificate, project-based, mentor-support",[45]
1456,"Bayesian Inference - Intermediate Concepts (Crash Course, Pluralsight)",Statistics & Math,bayesian inference intermediate concepts statistics & math,Advanced,15,4.8,Dr. L. Fernandes,"Learn Bayesian Inference through a intermediate concepts focused course, covering key concepts in Statistics & Math.",43578,2999,English + Hindi Subtitles,"industry-recognized, project-based, in-demand, mentor-support",[1558]
1457,"Azure - Introduction (Project-Based, DataCamp)",Cloud & DevOps,azure introduction cloud & devops,Beginner,10,4.3,Mr. S. Gupta,"Learn Azure through a introduction focused course, covering key concepts in Cloud & DevOps.",43492,2499,French,"beginner-friendly, mentor-support, job-ready",[]
1458,"Git and Version Control - Real World Scenarios (Crash Course, Pluralsight)",Career Skills,git and version control real world scenarios career skills,Beginner,15,5.0,Dr. N. Rao,"Learn Git and Version Control through a real world scenarios focused course, covering key concepts in Career Skills.",34070,2499,Hindi,"hands-on, job-ready",[]
1459,"Plotly - Real World Projects (Crash Course, Udemy)",Data Visualization,plotly real world projects data visualization,Intermediate,12,4.3,Dr. A. Sharma,"Learn Plotly through a real world projects focused course, covering key concepts in Data Visualization.",33435,1999,Hindi,"mentor-support, trending","[245, 725]"
1460,"Data Analysis - Fundamentals (Live Cohort, Pluralsight)",Data Science,data analysis fundamentals data science,Beginner,8,4.5,Dr. N. Rao,"Learn Data Analysis through a fundamentals focused course, covering key concepts in Data Science.",19861,1499,Spanish,"quiz-included, trending, hands-on, beginner-friendly",[]
1461,"NoSQL - Advanced Techniques (Live Cohort, edX)",Databases,nosql advanced techniques databases,Advanced,10,4.0,Dr. A. Sharma,"Learn NoSQL through a advanced techniques focused course, covering key concepts in Databases.",23820,0,French,"trending, project-based",[239]
1462,"C++ - Basics (Crash Course, Udemy)",Programming,c++ basics programming,Beginner,15,4.2,Dr. A. Sharma,"Learn C++ through a basics focused course, covering key concepts in Programming.",3501,3999,Hindi,"beginner-friendly, industry-recognized, hands-on",[]
1463,"Tableau - Intermediate Techniques (Crash Course, Udemy)",Data Visualization,tableau intermediate techniques data visualization,Advanced,20,4.2,Mr. T. Singh,"Learn Tableau through a intermediate techniques focused course, covering key concepts in Data Visualization.",9448,2499,English + Hindi Subtitles,"quiz-included, hands-on, industry-recognized, project-based",[757]
1464,"Data Ethics and Privacy - Real World Scenarios (Crash Course, LinkedIn Learning)",Career Skills,data ethics and privacy real world scenarios career skills,Beginner,4,4.1,Prof. M. Khan,"Learn Data Ethics and Privacy through a real world scenarios focused course, covering key concepts in Career Skills.",36790,2499,English,"hands-on, beginner-friendly, in-demand",[]
1465,"Reinforcement Learning - Practical Applications (Live Cohort, Coursera)",Deep Learning,reinforcement learning practical applications deep learning,Intermediate,12,3.5,Ms. K. Verma,"Learn Reinforcement Learning through a practical applications focused course, covering key concepts in Deep Learning.",37002,499,English + Hindi Subtitles,"quiz-included, industry-recognized",[284]
1466,"Classification - Introduction (Live Cohort, Pluralsight)",Machine Learning,classification introduction machine learning,Beginner,4,3.7,Mr. T. Singh,"Learn Classification through a introduction focused course, covering key concepts in Machine Learning.",39250,1999,Hindi,"job-ready, quiz-included",[]
1467,"Data Mining - Intermediate Techniques (Live Cohort, DataCamp)",Data Science,data mining intermediate techniques data science,Beginner,4,4.7,Prof. R. Iyer,"Learn Data Mining through a intermediate techniques focused course, covering key concepts in Data Science.",7468,999,Hindi,"quiz-included, hands-on, project-based, mentor-support",[]
1468,"Clustering - Introduction (Live Cohort, Pluralsight)",Machine Learning,clustering introduction machine learning,Beginner,6,4.1,Ms. K. Verma,"Learn Clustering through a introduction focused course, covering key concepts in Machine Learning.",30343,1999,Hindi,"mentor-support, in-demand, beginner-friendly, trending",[]
1469,"PostgreSQL - Intermediate Queries (Self-Paced, DataCamp)",Databases,postgresql intermediate queries databases,Advanced,12,3.7,Dr. A. Sharma,"Learn PostgreSQL through a intermediate queries focused course, covering key concepts in Databases.",34462,2499,Spanish,"trending, industry-recognized",[1589]
1470,"Infrastructure as Code - Fundamentals (Live Cohort, Pluralsight)",Cloud & DevOps,infrastructure as code fundamentals cloud & devops,Beginner,25,4.6,Prof. M. Khan,"Learn Infrastructure as Code through a fundamentals focused course, covering key concepts in Cloud & DevOps.",22993,1999,English + Hindi Subtitles,"project-based, mentor-support",[]
1471,"Data Mining - Practical Applications (Crash Course, edX)",Data Science,data mining practical applications data science,Beginner,30,4.7,Prof. R. Iyer,"Learn Data Mining through a practical applications focused course, covering key concepts in Data Science.",38462,1499,English + Hindi Subtitles,"certificate, job-ready",[]
1472,"AutoML - Introduction (Crash Course, LinkedIn Learning)",Machine Learning,automl introduction machine learning,Beginner,10,4.0,Prof. M. Khan,"Learn AutoML through a introduction focused course, covering key concepts in Machine Learning.",20640,1499,Spanish,"hands-on, mentor-support, beginner-friendly, industry-recognized",[]
1473,"RNN - Practical Applications (Self-Paced, DataCamp)",Deep Learning,rnn practical applications deep learning,Beginner,25,4.8,Ms. P. Nair,"Learn RNN through a practical applications focused course, covering key concepts in Deep Learning.",30010,1499,Hindi,"project-based, mentor-support, certificate",[]
1474,"Pandas - Hands-on Project (Project-Based, DataCamp)",Data Science,pandas hands on project data science,Beginner,4,4.5,Mr. T. Singh,"Learn Pandas through a hands-on project focused course, covering key concepts in Data Science.",24696,2999,Hindi,"project-based, certificate, beginner-friendly",[]
1475,"Transfer Learning - Case Studies (Project-Based, Pluralsight)",Deep Learning,transfer learning case studies deep learning,Intermediate,2,4.3,Dr. L. Fernandes,"Learn Transfer Learning through a case studies focused course, covering key concepts in Deep Learning.",7917,4999,Spanish,"beginner-friendly, hands-on, trending",[348]
1476,"Java - Basics (Live Cohort, edX)",Programming,java basics programming,Beginner,15,4.4,Prof. R. Iyer,"Learn Java through a basics focused course, covering key concepts in Programming.",39701,2999,Hindi,"industry-recognized, quiz-included",[]
1477,"CI CD - Fundamentals (Self-Paced, Pluralsight)",Cloud & DevOps,ci cd fundamentals cloud & devops,Beginner,4,4.2,Mr. T. Singh,"Learn CI CD through a fundamentals focused course, covering key concepts in Cloud & DevOps.",4037,1999,English + Hindi Subtitles,"quiz-included, trending",[]
1478,"JavaScript - Design Patterns (Project-Based, Pluralsight)",Programming,javascript design patterns programming,Beginner,6,4.9,Ms. P. Nair,"Learn JavaScript through a design patterns focused course, covering key concepts in Programming.",29032,1499,English,"industry-recognized, project-based",[]
1479,"Flask - Building Projects (Crash Course, DataCamp)",Web Development,flask building projects web development,Beginner,25,4.9,Dr. L. Fernandes,"Learn Flask through a building projects focused course, covering key concepts in Web Development.",2671,1999,French,"certificate, project-based, beginner-friendly",[]
1480,"Linear Algebra - Practical Examples (Live Cohort, Udemy)",Statistics & Math,linear algebra practical examples statistics & math,Beginner,6,4.1,Mr. S. Gupta,"Learn Linear Algebra through a practical examples focused course, covering key concepts in Statistics & Math.",26412,1999,English + Hindi Subtitles,"beginner-friendly, trending",[]
1481,"Linear Algebra - Fundamentals (Live Cohort, DataCamp)",Statistics & Math,linear algebra fundamentals statistics & math,Beginner,6,4.7,Mr. S. Gupta,"Learn Linear Algebra through a fundamentals focused course, covering key concepts in Statistics & Math.",7166,1499,English + Hindi Subtitles,"job-ready, quiz-included",[]
1482,"Resume Building - Best Practices (Project-Based, Udemy)",Career Skills,resume building best practices career skills,Intermediate,20,4.1,Ms. K. Verma,"Learn Resume Building through a best practices focused course, covering key concepts in Career Skills.",39889,499,English,"quiz-included, project-based, hands-on, in-demand",[1441]
1483,"Go - Functional Programming (Self-Paced, DataCamp)",Programming,go functional programming programming,Intermediate,10,3.8,Prof. R. Iyer,"Learn Go through a functional programming focused course, covering key concepts in Programming.",34316,1499,English + Hindi Subtitles,"mentor-support, quiz-included","[397, 1581]"
1484,"Ruby - Basics (Project-Based, Udemy)",Programming,ruby basics programming,Beginner,8,4.9,Prof. R. Iyer,"Learn Ruby through a basics focused course, covering key concepts in Programming.",2649,999,French,"job-ready, certificate, trending",[]
1485,"TypeScript - Algorithms (Self-Paced, Coursera)",Programming,typescript algorithms programming,Intermediate,2,4.1,Prof. J. Mehta,"Learn TypeScript through a algorithms focused course, covering key concepts in Programming.",7666,3999,French,"mentor-support, quiz-included","[469, 1725]"
1486,"Classification - Introduction (Crash Course, LinkedIn Learning)",Machine Learning,classification introduction machine learning,Beginner,4,4.9,Mr. S. Gupta,"Learn Classification through a introduction focused course, covering key concepts in Machine Learning.",10748,4999,English,"beginner-friendly, certificate, hands-on",[]
1487,"RNN - Case Studies (Live Cohort, DataCamp)",Deep Learning,rnn case studies deep learning,Advanced,25,4.2,Prof. J. Mehta,"Learn RNN through a case studies focused course, covering key concepts in Deep Learning.",10348,999,English,"trending, industry-recognized, mentor-support, project-based","[966, 1913]"
1488,"Supervised Learning - Fundamentals (Crash Course, Udemy)",Machine Learning,supervised learning fundamentals machine learning,Beginner,4,4.7,Mr. T. Singh,"Learn Supervised Learning through a fundamentals focused course, covering key concepts in Machine Learning.",14425,3999,Spanish,"certificate, hands-on, quiz-included",[]
1489,"TypeScript - Object Oriented Programming (Crash Course, Udemy)",Programming,typescript object oriented programming programming,Beginner,30,4.3,Mr. T. Singh,"Learn TypeScript through a object oriented programming focused course, covering key concepts in Programming.",32087,0,Spanish,"project-based, quiz-included, certificate, beginner-friendly",[]
1490,"TypeScript - Advanced Concepts (Crash Course, DataCamp)",Programming,typescript advanced concepts programming,Advanced,2,3.9,Prof. M. Khan,"Learn TypeScript through a advanced concepts focused course, covering key concepts in Programming.",3500,0,Hindi,"beginner-friendly, mentor-support",[1135]
1491,"Rust - Testing and Debugging (Self-Paced, Udemy)",Programming,rust testing and debugging programming,Advanced,25,3.9,Mr. T. Singh,"Learn Rust through a testing and debugging focused course, covering key concepts in Programming.",36519,0,Hindi,"project-based, quiz-included, hands-on, certificate","[55, 365]"
1492,"Ruby - Concurrency (Project-Based, Pluralsight)",Programming,ruby concurrency programming,Advanced,12,4.3,Mr. T. Singh,"Learn Ruby through a concurrency focused course, covering key concepts in Programming.",26141,0,Hindi,"hands-on, project-based, in-demand, trending",[1500]
1493,"Project Management - Fundamentals (Self-Paced, DataCamp)",Career Skills,project management fundamentals career skills,Beginner,8,3.9,Mr. T. Singh,"Learn Project Management through a fundamentals focused course, covering key concepts in Career Skills.",44676,2499,English + Hindi Subtitles,"certificate, trending, beginner-friendly, in-demand",[]
1494,"Clustering - Fundamentals (Live Cohort, DataCamp)",Machine Learning,clustering fundamentals machine learning,Beginner,15,4.3,Prof. R. Iyer,"Learn Clustering through a fundamentals focused course, covering key concepts in Machine Learning.",3076,499,Hindi,"beginner-friendly, job-ready, in-demand, hands-on",[]
1495,"LSTM - Advanced Architectures (Self-Paced, edX)",Deep Learning,lstm advanced architectures deep learning,Advanced,12,3.7,Mr. S. Gupta,"Learn LSTM through a advanced architectures focused course, covering key concepts in Deep Learning.",18553,2999,English,"trending, project-based","[1072, 1963]"
1496,"C++ - Concurrency (Live Cohort, edX)",Programming,c++ concurrency programming,Beginner,6,3.5,Mr. S. Gupta,"Learn C++ through a concurrency focused course, covering key concepts in Programming.",35239,4999,Hindi,"industry-recognized, beginner-friendly, hands-on",[]
1497,"TypeScript - Basics (Crash Course, Udemy)",Programming,typescript basics programming,Beginner,25,4.6,Prof. R. Iyer,"Learn TypeScript through a basics focused course, covering key concepts in Programming.",49450,2999,French,"mentor-support, industry-recognized",[]
1498,"Kotlin - Basics (Crash Course, DataCamp)",Programming,kotlin basics programming,Beginner,15,4.8,Mr. S. Gupta,"Learn Kotlin through a basics focused course, covering key concepts in Programming.",35373,499,Spanish,"mentor-support, hands-on",[]
1499,"Team Collaboration - Fundamentals (Live Cohort, Coursera)",Career Skills,team collaboration fundamentals career skills,Beginner,20,4.6,Prof. J. Mehta,"Learn Team Collaboration through a fundamentals focused course, covering key concepts in Career Skills.",46446,1999,Spanish,"job-ready, beginner-friendly, hands-on",[]
1500,"PHP - Best Practices (Live Cohort, Pluralsight)",Programming,php best practices programming,Beginner,2,4.0,Prof. R. Iyer,"Learn PHP through a best practices focused course, covering key concepts in Programming.",16991,499,English,"hands-on, job-ready, certificate",[]
1501,"React - Fundamentals (Live Cohort, Coursera)",Web Development,react fundamentals web development,Beginner,15,3.9,Dr. L. Fernandes,"Learn React through a fundamentals focused course, covering key concepts in Web Development.",24082,0,French,"quiz-included, certificate, beginner-friendly, trending",[]
1502,"Excel Visualization - Advanced Dashboards (Live Cohort, DataCamp)",Data Visualization,excel visualization advanced dashboards data visualization,Advanced,2,4.3,Prof. R. Iyer,"Learn Excel Visualization through a advanced dashboards focused course, covering key concepts in Data Visualization.",7367,499,French,"project-based, quiz-included, in-demand","[128, 631]"
1503,"Seaborn - Basics (Crash Course, Pluralsight)",Data Visualization,seaborn basics data visualization,Beginner,12,4.1,Mr. T. Singh,"Learn Seaborn through a basics focused course, covering key concepts in Data Visualization.",9440,2999,English + Hindi Subtitles,"mentor-support, certificate, beginner-friendly",[]
1504,"Hyperparameter Tuning - Practical Implementation (Self-Paced, edX)",Machine Learning,hyperparameter tuning practical implementation machine learning,Intermediate,15,4.2,Mr. S. Gupta,"Learn Hyperparameter Tuning through a practical implementation focused course, covering key concepts in Machine Learning.",28932,3999,English,"trending, in-demand, mentor-support, job-ready","[1486, 1824]"
1505,"Robotics - Case Studies (Live Cohort, edX)",AI Specialized,robotics case studies ai specialized,Beginner,15,3.9,Prof. M. Khan,"Learn Robotics through a case studies focused course, covering key concepts in AI Specialized.",26416,499,Hindi,"mentor-support, in-demand, job-ready, project-based",[]
1506,"Azure - Introduction (Live Cohort, Pluralsight)",Cloud & DevOps,azure introduction cloud & devops,Beginner,8,4.9,Prof. M. Khan,"Learn Azure through a introduction focused course, covering key concepts in Cloud & DevOps.",23969,3999,Hindi,"certificate, industry-recognized, job-ready",[]
1507,"AutoML - Real World Case Studies (Project-Based, DataCamp)",Machine Learning,automl real world case studies machine learning,Advanced,10,4.7,Dr. A. Sharma,"Learn AutoML through a real world case studies focused course, covering key concepts in Machine Learning.",11020,999,Hindi,"project-based, mentor-support, certificate, beginner-friendly",[1472]
1508,"Regression - Advanced Techniques (Self-Paced, LinkedIn Learning)",Machine Learning,regression advanced techniques machine learning,Advanced,15,4.8,Ms. K. Verma,"Learn Regression through a advanced techniques focused course, covering key concepts in Machine Learning.",32540,2999,Hindi,"industry-recognized, hands-on, project-based, quiz-included",[810]
1509,"Agile Methodology - Real World Scenarios (Live Cohort, edX)",Career Skills,agile methodology real world scenarios career skills,Beginner,4,4.7,Ms. P. Nair,"Learn Agile Methodology through a real world scenarios focused course, covering key concepts in Career Skills.",6491,1999,Hindi,"certificate, quiz-included, beginner-friendly, job-ready",[]
1510,"MySQL - Advanced Techniques (Live Cohort, Udemy)",Databases,mysql advanced techniques databases,Advanced,8,3.7,Ms. P. Nair,"Learn MySQL through a advanced techniques focused course, covering key concepts in Databases.",35006,2999,Hindi,"project-based, job-ready, hands-on",[2055]
1511,"JavaScript - Advanced Concepts (Live Cohort, Pluralsight)",Programming,javascript advanced concepts programming,Advanced,15,4.0,Dr. L. Fernandes,"Learn JavaScript through a advanced concepts focused course, covering key concepts in Programming.",37202,2999,French,"job-ready, hands-on, industry-recognized, in-demand",[1752]
1512,"Probability - Intermediate Concepts (Project-Based, edX)",Statistics & Math,probability intermediate concepts statistics & math,Advanced,25,4.7,Mr. S. Gupta,"Learn Probability through a intermediate concepts focused course, covering key concepts in Statistics & Math.",345,0,English + Hindi Subtitles,"industry-recognized, job-ready, in-demand, trending",[1812]
1513,"Transfer Learning - Advanced Architectures (Live Cohort, DataCamp)",Deep Learning,transfer learning advanced architectures deep learning,Advanced,8,4.5,Prof. R. Iyer,"Learn Transfer Learning through a advanced architectures focused course, covering key concepts in Deep Learning.",22728,999,Hindi,"in-demand, certificate, beginner-friendly, industry-recognized",[1780]
1514,"Redis - Advanced Techniques (Live Cohort, LinkedIn Learning)",Databases,redis advanced techniques databases,Advanced,15,4.0,Mr. S. Gupta,"Learn Redis through a advanced techniques focused course, covering key concepts in Databases.",18510,499,English,"hands-on, mentor-support, beginner-friendly",[858]
1515,"Matplotlib - Basics (Project-Based, Coursera)",Data Visualization,matplotlib basics data visualization,Beginner,30,3.6,Dr. L. Fernandes,"Learn Matplotlib through a basics focused course, covering key concepts in Data Visualization.",29750,999,Hindi,"beginner-friendly, project-based, job-ready, hands-on",[]
1516,"Technical Communication - Practical Guide (Project-Based, edX)",Career Skills,technical communication practical guide career skills,Advanced,8,3.5,Dr. L. Fernandes,"Learn Technical Communication through a practical guide focused course, covering key concepts in Career Skills.",7635,3999,French,"hands-on, job-ready, quiz-included",[1645]
1517,"Hyperparameter Tuning - Introduction (Crash Course, Pluralsight)",Machine Learning,hyperparameter tuning introduction machine learning,Beginner,20,4.3,Dr. L. Fernandes,"Learn Hyperparameter Tuning through a introduction focused course, covering key concepts in Machine Learning.",43152,1999,French,"project-based, job-ready, hands-on",[]
1518,"Transfer Learning - Hands-on Project (Live Cohort, LinkedIn Learning)",Deep Learning,transfer learning hands on project deep learning,Intermediate,6,4.9,Ms. K. Verma,"Learn Transfer Learning through a hands-on project focused course, covering key concepts in Deep Learning.",7126,3999,English,"project-based, trending",[1018]
1519,"Natural Language Processing - Hands-on Project (Crash Course, edX)",AI Specialized,natural language processing hands on project ai specialized,Intermediate,12,5.0,Prof. M. Khan,"Learn Natural Language Processing through a hands-on project focused course, covering key concepts in AI Specialized.",34017,499,French,"trending, certificate, hands-on, industry-recognized",[1646]
1520,"D3.js - Best Practices (Self-Paced, edX)",Data Visualization,d3.js best practices data visualization,Beginner,20,3.8,Prof. M. Khan,"Learn D3.js through a best practices focused course, covering key concepts in Data Visualization.",26782,1499,English,"industry-recognized, certificate, beginner-friendly",[]
1521,"LSTM - Hands-on Project (Live Cohort, Coursera)",Deep Learning,lstm hands on project deep learning,Advanced,20,5.0,Prof. M. Khan,"Learn LSTM through a hands-on project focused course, covering key concepts in Deep Learning.",23244,3999,Hindi,"mentor-support, certificate, in-demand, project-based","[541, 890]"
1522,"Attention Mechanisms - Fundamentals (Crash Course, Udemy)",Deep Learning,attention mechanisms fundamentals deep learning,Beginner,10,4.4,Mr. S. Gupta,"Learn Attention Mechanisms through a fundamentals focused course, covering key concepts in Deep Learning.",32131,4999,French,"certificate, industry-recognized",[]
1523,"Angular - Deployment Strategies (Live Cohort, DataCamp)",Web Development,angular deployment strategies web development,Advanced,30,4.5,Prof. J. Mehta,"Learn Angular through a deployment strategies focused course, covering key concepts in Web Development.",3659,2999,French,"hands-on, certificate",[846]
1524,"Python - Object Oriented Programming (Self-Paced, edX)",Programming,python object oriented programming programming,Beginner,2,4.2,Ms. P. Nair,"Learn Python through a object oriented programming focused course, covering key concepts in Programming.",32508,2499,Hindi,"beginner-friendly, certificate, mentor-support, trending",[]
1525,"CI CD - Hands-on Practice (Live Cohort, LinkedIn Learning)",Cloud & DevOps,ci cd hands on practice cloud & devops,Advanced,8,4.1,Prof. R. Iyer,"Learn CI CD through a hands-on practice focused course, covering key concepts in Cloud & DevOps.",16014,499,Spanish,"trending, quiz-included, project-based, job-ready","[1457, 1540]"
1526,"Natural Language Processing - Case Studies (Live Cohort, Coursera)",AI Specialized,natural language processing case studies ai specialized,Beginner,2,4.0,Prof. J. Mehta,"Learn Natural Language Processing through a case studies focused course, covering key concepts in AI Specialized.",3838,1499,Spanish,"beginner-friendly, quiz-included, project-based, in-demand",[]
1527,"Seaborn - Basics (Project-Based, Udemy)",Data Visualization,seaborn basics data visualization,Beginner,25,4.7,Dr. L. Fernandes,"Learn Seaborn through a basics focused course, covering key concepts in Data Visualization.",14889,2499,Spanish,"in-demand, trending",[]
1528,"Database Design - Intermediate Queries (Project-Based, Pluralsight)",Databases,database design intermediate queries databases,Beginner,6,4.2,Dr. N. Rao,"Learn Database Design through a intermediate queries focused course, covering key concepts in Databases.",48156,1499,French,"beginner-friendly, in-demand, quiz-included, mentor-support",[]
1529,"GraphQL - Full Stack Development (Self-Paced, edX)",Web Development,graphql full stack development web development,Intermediate,4,4.2,Dr. N. Rao,"Learn GraphQL through a full stack development focused course, covering key concepts in Web Development.",4720,999,English + Hindi Subtitles,"certificate, project-based, job-ready, mentor-support",[1847]
1530,"Attention Mechanisms - Practical Applications (Self-Paced, Udemy)",Deep Learning,attention mechanisms practical applications deep learning,Intermediate,6,4.9,Prof. R. Iyer,"Learn Attention Mechanisms through a practical applications focused course, covering key concepts in Deep Learning.",46235,999,Hindi,"hands-on, certificate, mentor-support",[787]
1531,"Data Analysis - Real World Case Studies (Crash Course, Pluralsight)",Data Science,data analysis real world case studies data science,Beginner,30,4.4,Prof. M. Khan,"Learn Data Analysis through a real world case studies focused course, covering key concepts in Data Science.",17071,499,Hindi,"trending, project-based, quiz-included, certificate",[]
1532,"AutoML - Hands-on Project (Self-Paced, DataCamp)",Machine Learning,automl hands on project machine learning,Beginner,12,4.1,Dr. A. Sharma,"Learn AutoML through a hands-on project focused course, covering key concepts in Machine Learning.",39675,1499,English,"in-demand, mentor-support, quiz-included",[]
1533,"Regression - Real World Case Studies (Crash Course, Pluralsight)",Machine Learning,regression real world case studies machine learning,Advanced,2,4.5,Ms. P. Nair,"Learn Regression through a real world case studies focused course, covering key concepts in Machine Learning.",45747,1999,English + Hindi Subtitles,"trending, job-ready, beginner-friendly, quiz-included","[874, 1114]"
1534,"Graph Databases - Intermediate Queries (Self-Paced, LinkedIn Learning)",Databases,graph databases intermediate queries databases,Intermediate,2,4.3,Prof. J. Mehta,"Learn Graph Databases through a intermediate queries focused course, covering key concepts in Databases.",39822,999,English,"job-ready, industry-recognized, quiz-included",[34]
1535,"A/B Testing - Fundamentals (Crash Course, LinkedIn Learning)",Data Science,a/b testing fundamentals data science,Beginner,4,4.1,Dr. L. Fernandes,"Learn A/B Testing through a fundamentals focused course, covering key concepts in Data Science.",4368,499,Hindi,"in-demand, job-ready",[]
1536,"Transfer Learning - Advanced Architectures (Self-Paced, Coursera)",Deep Learning,transfer learning advanced architectures deep learning,Advanced,15,4.2,Mr. T. Singh,"Learn Transfer Learning through a advanced architectures focused course, covering key concepts in Deep Learning.",45527,999,English,"industry-recognized, project-based, hands-on",[1991]
1537,"React - Best Practices (Live Cohort, edX)",Web Development,react best practices web development,Advanced,6,4.0,Ms. K. Verma,"Learn React through a best practices focused course, covering key concepts in Web Development.",42508,999,English + Hindi Subtitles,"in-demand, trending","[790, 900]"
1538,"RNN - Foundations (Project-Based, LinkedIn Learning)",Deep Learning,rnn foundations deep learning,Advanced,8,4.7,Dr. A. Sharma,"Learn RNN through a foundations focused course, covering key concepts in Deep Learning.",27137,1499,Hindi,"industry-recognized, mentor-support, quiz-included, beginner-friendly",[1913]
1539,"Robotics - Hands-on Project (Live Cohort, Udemy)",AI Specialized,robotics hands on project ai specialized,Beginner,4,4.8,Prof. R. Iyer,"Learn Robotics through a hands-on project focused course, covering key concepts in AI Specialized.",42670,1999,English + Hindi Subtitles,"beginner-friendly, project-based, trending",[]
1540,"Kubernetes - Hands-on Practice (Crash Course, DataCamp)",Cloud & DevOps,kubernetes hands on practice cloud & devops,Beginner,2,3.7,Dr. N. Rao,"Learn Kubernetes through a hands-on practice focused course, covering key concepts in Cloud & DevOps.",16183,2499,English,"in-demand, project-based, job-ready, industry-recognized",[]
1541,"Transfer Learning - Practical Applications (Crash Course, Udemy)",Deep Learning,transfer learning practical applications deep learning,Intermediate,4,3.7,Dr. L. Fernandes,"Learn Transfer Learning through a practical applications focused course, covering key concepts in Deep Learning.",28055,499,English + Hindi Subtitles,"project-based, hands-on, in-demand",[1072]
1542,"Node.js - Full Stack Development (Self-Paced, Pluralsight)",Web Development,node.js full stack development web development,Beginner,10,4.2,Mr. S. Gupta,"Learn Node.js through a full stack development focused course, covering key concepts in Web Development.",40847,4999,French,"certificate, industry-recognized, job-ready, hands-on",[]
1543,"Ensemble Methods - Real World Case Studies (Crash Course, Udemy)",Machine Learning,ensemble methods real world case studies machine learning,Intermediate,10,4.7,Ms. K. Verma,"Learn Ensemble Methods through a real world case studies focused course, covering key concepts in Machine Learning.",19816,2499,English,"in-demand, hands-on, beginner-friendly, industry-recognized",[1668]
1544,"Calculus - Advanced Theory (Self-Paced, Coursera)",Statistics & Math,calculus advanced theory statistics & math,Advanced,4,3.5,Mr. S. Gupta,"Learn Calculus through a advanced theory focused course, covering key concepts in Statistics & Math.",21010,2999,English + Hindi Subtitles,"project-based, beginner-friendly, trending, hands-on","[1367, 2021]"
1545,"Data Wrangling - Industry Applications (Project-Based, Coursera)",Data Science,data wrangling industry applications data science,Advanced,6,3.9,Ms. P. Nair,"Learn Data Wrangling through a industry applications focused course, covering key concepts in Data Science.",46754,2999,Spanish,"mentor-support, beginner-friendly, trending, project-based",[1739]
1546,"Node.js - Deployment Strategies (Self-Paced, Coursera)",Web Development,node.js deployment strategies web development,Intermediate,8,3.8,Ms. P. Nair,"Learn Node.js through a deployment strategies focused course, covering key concepts in Web Development.",6262,1999,English,"trending, industry-recognized","[1740, 1840]"
1547,"Data Warehousing - Real World Projects (Self-Paced, edX)",Databases,data warehousing real world projects databases,Advanced,2,4.8,Mr. S. Gupta,"Learn Data Warehousing through a real world projects focused course, covering key concepts in Databases.",20174,999,English + Hindi Subtitles,"beginner-friendly, project-based, hands-on, industry-recognized",[858]
1548,"Django - Advanced Patterns (Project-Based, Coursera)",Web Development,django advanced patterns web development,Advanced,6,4.3,Mr. S. Gupta,"Learn Django through a advanced patterns focused course, covering key concepts in Web Development.",17855,2999,Hindi,"project-based, trending","[790, 1219]"
1549,"Project Management - Best Practices (Live Cohort, LinkedIn Learning)",Career Skills,project management best practices career skills,Advanced,30,3.8,Mr. S. Gupta,"Learn Project Management through a best practices focused course, covering key concepts in Career Skills.",17015,1499,Spanish,"certificate, trending, mentor-support",[1157]
1550,"Infrastructure as Code - Production Deployment (Project-Based, Pluralsight)",Cloud & DevOps,infrastructure as code production deployment cloud & devops,Intermediate,30,3.9,Dr. A. Sharma,"Learn Infrastructure as Code through a production deployment focused course, covering key concepts in Cloud & DevOps.",33424,2999,English + Hindi Subtitles,"beginner-friendly, project-based, industry-recognized",[441]
1551,"Generative AI - Hands-on Project (Project-Based, Udemy)",AI Specialized,generative ai hands on project ai specialized,Advanced,25,3.8,Prof. J. Mehta,"Learn Generative AI through a hands-on project focused course, covering key concepts in AI Specialized.",8902,4999,English + Hindi Subtitles,"hands-on, job-ready, project-based",[681]
1552,"CI CD - Best Practices (Self-Paced, edX)",Cloud & DevOps,ci cd best practices cloud & devops,Beginner,12,4.7,Dr. A. Sharma,"Learn CI CD through a best practices focused course, covering key concepts in Cloud & DevOps.",38004,2499,Hindi,"trending, quiz-included, project-based, industry-recognized",[]
1553,"Exploratory Data Analysis - Advanced Methods (Crash Course, Coursera)",Data Science,exploratory data analysis advanced methods data science,Advanced,2,3.9,Ms. P. Nair,"Learn Exploratory Data Analysis through a advanced methods focused course, covering key concepts in Data Science.",39802,2999,English + Hindi Subtitles,"industry-recognized, quiz-included, certificate",[2051]
1554,"Plotly - Real World Projects (Live Cohort, LinkedIn Learning)",Data Visualization,plotly real world projects data visualization,Intermediate,15,4.0,Dr. N. Rao,"Learn Plotly through a real world projects focused course, covering key concepts in Data Visualization.",30159,499,French,"industry-recognized, hands-on, trending, mentor-support","[760, 1161]"
1555,"Explainable AI - Introduction (Project-Based, LinkedIn Learning)",AI Specialized,explainable ai introduction ai specialized,Beginner,30,4.7,Prof. M. Khan,"Learn Explainable AI through a introduction focused course, covering key concepts in AI Specialized.",18104,999,French,"job-ready, industry-recognized, project-based, beginner-friendly",[]
1556,"Python - Design Patterns (Self-Paced, Pluralsight)",Programming,python design patterns programming,Advanced,30,4.5,Ms. P. Nair,"Learn Python through a design patterns focused course, covering key concepts in Programming.",33989,2999,Spanish,"in-demand, trending, project-based",[143]
1557,"Ensemble Methods - Optimization Strategies (Self-Paced, Pluralsight)",Machine Learning,ensemble methods optimization strategies machine learning,Advanced,2,4.1,Prof. R. Iyer,"Learn Ensemble Methods through a optimization strategies focused course, covering key concepts in Machine Learning.",30137,0,Spanish,"hands-on, certificate, project-based, job-ready",[947]
1558,"Discrete Mathematics - Fundamentals (Live Cohort, DataCamp)",Statistics & Math,discrete mathematics fundamentals statistics & math,Beginner,20,4.9,Prof. R. Iyer,"Learn Discrete Mathematics through a fundamentals focused course, covering key concepts in Statistics & Math.",1874,1499,French,"job-ready, certificate, quiz-included",[]
1559,"Data Analysis - Best Practices (Self-Paced, Coursera)",Data Science,data analysis best practices data science,Intermediate,20,4.7,Ms. P. Nair,"Learn Data Analysis through a best practices focused course, covering key concepts in Data Science.",28470,2499,English,"quiz-included, certificate, mentor-support, hands-on",[1014]
1560,"Ruby - Best Practices (Crash Course, Coursera)",Programming,ruby best practices programming,Advanced,4,4.1,Dr. N. Rao,"Learn Ruby through a best practices focused course, covering key concepts in Programming.",17239,999,Hindi,"industry-recognized, quiz-included, mentor-support",[1497]
1561,"C++ - Best Practices (Self-Paced, Udemy)",Programming,c++ best practices programming,Advanced,25,4.0,Dr. N. Rao,"Learn C++ through a best practices focused course, covering key concepts in Programming.",21397,0,English + Hindi Subtitles,"mentor-support, industry-recognized, job-ready",[405]
1562,"Time Series Analysis - Fundamentals (Self-Paced, DataCamp)",Statistics & Math,time series analysis fundamentals statistics & math,Beginner,12,4.0,Ms. K. Verma,"Learn Time Series Analysis through a fundamentals focused course, covering key concepts in Statistics & Math.",46807,1999,Hindi,"mentor-support, certificate, job-ready, in-demand",[]
1563,"Supervised Learning - Advanced Techniques (Crash Course, edX)",Machine Learning,supervised learning advanced techniques machine learning,Advanced,25,4.4,Prof. M. Khan,"Learn Supervised Learning through a advanced techniques focused course, covering key concepts in Machine Learning.",29359,499,English + Hindi Subtitles,"beginner-friendly, quiz-included","[40, 809]"
1564,"Excel Visualization - Intermediate Techniques (Self-Paced, LinkedIn Learning)",Data Visualization,excel visualization intermediate techniques data visualization,Beginner,8,4.3,Mr. T. Singh,"Learn Excel Visualization through a intermediate techniques focused course, covering key concepts in Data Visualization.",28188,999,Spanish,"trending, certificate, mentor-support",[]
1565,"Tableau - Advanced Dashboards (Project-Based, Udemy)",Data Visualization,tableau advanced dashboards data visualization,Advanced,25,4.5,Prof. J. Mehta,"Learn Tableau through a advanced dashboards focused course, covering key concepts in Data Visualization.",16173,2999,French,"mentor-support, industry-recognized",[1362]
1566,"Google Cloud - Advanced Configuration (Live Cohort, Pluralsight)",Cloud & DevOps,google cloud advanced configuration cloud & devops,Advanced,25,4.0,Dr. A. Sharma,"Learn Google Cloud through a advanced configuration focused course, covering key concepts in Cloud & DevOps.",47341,499,English,"beginner-friendly, job-ready","[42, 1938]"
1567,"Model Evaluation - Practical Implementation (Project-Based, LinkedIn Learning)",Machine Learning,model evaluation practical implementation machine learning,Advanced,30,4.1,Prof. M. Khan,"Learn Model Evaluation through a practical implementation focused course, covering key concepts in Machine Learning.",5658,1499,English,"trending, quiz-included, beginner-friendly","[755, 1042]"
1568,"Linear Algebra - Advanced Theory (Project-Based, Udemy)",Statistics & Math,linear algebra advanced theory statistics & math,Advanced,20,4.2,Dr. L. Fernandes,"Learn Linear Algebra through a advanced theory focused course, covering key concepts in Statistics & Math.",24794,3999,English,"mentor-support, quiz-included","[1600, 1695]"
1569,"Data Mining - Industry Applications (Project-Based, edX)",Data Science,data mining industry applications data science,Intermediate,6,3.6,Mr. S. Gupta,"Learn Data Mining through a industry applications focused course, covering key concepts in Data Science.",49128,2999,Hindi,"project-based, in-demand, industry-recognized","[1282, 1985]"
1570,"Java - Concurrency (Crash Course, edX)",Programming,java concurrency programming,Advanced,30,3.9,Dr. L. Fernandes,"Learn Java through a concurrency focused course, covering key concepts in Programming.",39324,2999,Hindi,"certificate, trending",[201]
1571,"Reinforcement Learning - Case Studies (Self-Paced, edX)",Deep Learning,reinforcement learning case studies deep learning,Beginner,6,3.8,Prof. M. Khan,"Learn Reinforcement Learning through a case studies focused course, covering key concepts in Deep Learning.",28969,2999,English,"hands-on, job-ready, industry-recognized",[]
1572,"A/B Testing - Best Practices (Self-Paced, Coursera)",Data Science,a/b testing best practices data science,Beginner,20,4.0,Prof. M. Khan,"Learn A/B Testing through a best practices focused course, covering key concepts in Data Science.",30361,3999,Spanish,"mentor-support, beginner-friendly",[]
1573,"Rust - Object Oriented Programming (Project-Based, DataCamp)",Programming,rust object oriented programming programming,Intermediate,8,4.9,Mr. T. Singh,"Learn Rust through a object oriented programming focused course, covering key concepts in Programming.",35420,2499,English,"in-demand, trending, job-ready, mentor-support","[365, 1246]"
1574,"AI Ethics - Fundamentals (Project-Based, DataCamp)",AI Specialized,ai ethics fundamentals ai specialized,Beginner,20,3.9,Mr. T. Singh,"Learn AI Ethics through a fundamentals focused course, covering key concepts in AI Specialized.",24682,1999,English + Hindi Subtitles,"industry-recognized, project-based, quiz-included, certificate",[]
1575,"Pandas - Practical Applications (Crash Course, Pluralsight)",Data Science,pandas practical applications data science,Advanced,12,4.8,Mr. T. Singh,"Learn Pandas through a practical applications focused course, covering key concepts in Data Science.",49295,3999,English + Hindi Subtitles,"industry-recognized, job-ready",[1447]
1576,"Chatbot Development - Fundamentals (Crash Course, Udemy)",AI Specialized,chatbot development fundamentals ai specialized,Beginner,15,4.2,Dr. L. Fernandes,"Learn Chatbot Development through a fundamentals focused course, covering key concepts in AI Specialized.",31300,1999,English,"beginner-friendly, hands-on, job-ready",[]
1577,"Unsupervised Learning - Optimization Strategies (Live Cohort, Udemy)",Machine Learning,unsupervised learning optimization strategies machine learning,Advanced,20,4.0,Dr. N. Rao,"Learn Unsupervised Learning through a optimization strategies focused course, covering key concepts in Machine Learning.",39260,3999,English + Hindi Subtitles,"project-based, certificate",[707]
1578,"Statistical Analysis - Hands-on Project (Self-Paced, Coursera)",Data Science,statistical analysis hands on project data science,Beginner,12,4.6,Mr. S. Gupta,"Learn Statistical Analysis through a hands-on project focused course, covering key concepts in Data Science.",42862,1499,English,"in-demand, hands-on, trending, quiz-included",[]
1579,"Data Analysis - Advanced Methods (Self-Paced, Coursera)",Data Science,data analysis advanced methods data science,Advanced,2,4.4,Dr. N. Rao,"Learn Data Analysis through a advanced methods focused course, covering key concepts in Data Science.",48546,0,Spanish,"mentor-support, quiz-included, beginner-friendly","[1585, 1885]"
1580,"LSTM - Foundations (Crash Course, Pluralsight)",Deep Learning,lstm foundations deep learning,Beginner,10,4.6,Prof. M. Khan,"Learn LSTM through a foundations focused course, covering key concepts in Deep Learning.",16151,4999,English + Hindi Subtitles,"mentor-support, quiz-included, industry-recognized, beginner-friendly",[]
1581,"C++ - Data Structures (Project-Based, Udemy)",Programming,c++ data structures programming,Beginner,8,4.8,Ms. K. Verma,"Learn C++ through a data structures focused course, covering key concepts in Programming.",27125,2999,English,"hands-on, in-demand, project-based, industry-recognized",[]
1582,"Pandas - Intermediate Techniques (Live Cohort, Coursera)",Data Science,pandas intermediate techniques data science,Beginner,30,4.6,Prof. R. Iyer,"Learn Pandas through a intermediate techniques focused course, covering key concepts in Data Science.",4077,1499,English + Hindi Subtitles,"quiz-included, mentor-support, certificate, hands-on",[]
1583,"Data Cleaning - Industry Applications (Project-Based, Pluralsight)",Data Science,data cleaning industry applications data science,Advanced,30,4.3,Prof. J. Mehta,"Learn Data Cleaning through a industry applications focused course, covering key concepts in Data Science.",48358,2999,English + Hindi Subtitles,"certificate, trending","[303, 1582]"
1584,"Hyperparameter Tuning - Advanced Techniques (Crash Course, DataCamp)",Machine Learning,hyperparameter tuning advanced techniques machine learning,Advanced,12,4.3,Mr. T. Singh,"Learn Hyperparameter Tuning through a advanced techniques focused course, covering key concepts in Machine Learning.",18282,2999,Spanish,"project-based, in-demand",[1085]
1585,"NumPy - Fundamentals (Self-Paced, LinkedIn Learning)",Data Science,numpy fundamentals data science,Beginner,20,4.2,Prof. R. Iyer,"Learn NumPy through a fundamentals focused course, covering key concepts in Data Science.",33620,2999,French,"hands-on, project-based, job-ready",[]
1586,"Kotlin - Data Structures (Crash Course, Udemy)",Programming,kotlin data structures programming,Advanced,30,4.1,Ms. P. Nair,"Learn Kotlin through a data structures focused course, covering key concepts in Programming.",36034,999,French,"quiz-included, beginner-friendly","[222, 1132]"
1587,"Node.js - Deployment Strategies (Self-Paced, Pluralsight)",Web Development,node.js deployment strategies web development,Intermediate,15,4.0,Prof. J. Mehta,"Learn Node.js through a deployment strategies focused course, covering key concepts in Web Development.",38565,2499,English,"in-demand, certificate, project-based, quiz-included",[194]
1588,"FastAPI - Best Practices (Crash Course, Udemy)",Web Development,fastapi best practices web development,Beginner,8,4.5,Dr. A. Sharma,"Learn FastAPI through a best practices focused course, covering key concepts in Web Development.",47990,999,French,"beginner-friendly, job-ready, mentor-support, in-demand",[]
1589,"Graph Databases - Intermediate Queries (Project-Based, Udemy)",Databases,graph databases intermediate queries databases,Beginner,12,3.9,Mr. T. Singh,"Learn Graph Databases through a intermediate queries focused course, covering key concepts in Databases.",44741,1499,French,"mentor-support, beginner-friendly, trending, hands-on",[]
1590,"Attention Mechanisms - Hands-on Project (Crash Course, Udemy)",Deep Learning,attention mechanisms hands on project deep learning,Intermediate,2,4.0,Mr. S. Gupta,"Learn Attention Mechanisms through a hands-on project focused course, covering key concepts in Deep Learning.",5932,4999,Spanish,"hands-on, project-based, job-ready",[1991]
1591,"React - Advanced Patterns (Self-Paced, DataCamp)",Web Development,react advanced patterns web development,Advanced,20,4.8,Mr. S. Gupta,"Learn React through a advanced patterns focused course, covering key concepts in Web Development.",36310,499,English + Hindi Subtitles,"trending, quiz-included, beginner-friendly",[959]
1592,"LSTM - Hands-on Project (Live Cohort, Pluralsight)",Deep Learning,lstm hands on project deep learning,Intermediate,20,3.9,Dr. N. Rao,"Learn LSTM through a hands-on project focused course, covering key concepts in Deep Learning.",8551,0,Hindi,"in-demand, project-based, trending",[1248]
1593,"Team Collaboration - Practical Guide (Crash Course, LinkedIn Learning)",Career Skills,team collaboration practical guide career skills,Beginner,2,4.9,Ms. K. Verma,"Learn Team Collaboration through a practical guide focused course, covering key concepts in Career Skills.",47467,1499,French,"industry-recognized, quiz-included, certificate",[]
1594,"Docker - Hands-on Practice (Crash Course, Udemy)",Cloud & DevOps,docker hands on practice cloud & devops,Advanced,15,4.1,Mr. T. Singh,"Learn Docker through a hands-on practice focused course, covering key concepts in Cloud & DevOps.",31546,1999,English,"certificate, industry-recognized",[1366]
1595,"NoSQL - Real World Projects (Live Cohort, edX)",Databases,nosql real world projects databases,Intermediate,4,4.3,Mr. S. Gupta,"Learn NoSQL through a real world projects focused course, covering key concepts in Databases.",717,999,English + Hindi Subtitles,"quiz-included, industry-recognized, project-based, trending","[117, 593]"
1596,"Infrastructure as Code - Fundamentals (Project-Based, DataCamp)",Cloud & DevOps,infrastructure as code fundamentals cloud & devops,Beginner,12,4.3,Prof. R. Iyer,"Learn Infrastructure as Code through a fundamentals focused course, covering key concepts in Cloud & DevOps.",23039,1499,French,"trending, quiz-included, beginner-friendly, in-demand",[]
1597,"Rust - Algorithms (Live Cohort, Pluralsight)",Programming,rust algorithms programming,Beginner,20,4.3,Prof. M. Khan,"Learn Rust through a algorithms focused course, covering key concepts in Programming.",22676,0,French,"project-based, certificate, beginner-friendly, in-demand",[]
1598,"GANs - Research Perspectives (Project-Based, Pluralsight)",Deep Learning,gans research perspectives deep learning,Advanced,12,4.0,Dr. L. Fernandes,"Learn GANs through a research perspectives focused course, covering key concepts in Deep Learning.",7398,2999,Spanish,"in-demand, beginner-friendly, industry-recognized","[1782, 2025]"
1599,"Graph Databases - Basics (Live Cohort, edX)",Databases,graph databases basics databases,Beginner,25,3.8,Prof. R. Iyer,"Learn Graph Databases through a basics focused course, covering key concepts in Databases.",38658,1499,English + Hindi Subtitles,"in-demand, certificate, hands-on, quiz-included",[]
1600,"Regression Analysis - Intermediate Concepts (Self-Paced, DataCamp)",Statistics & Math,regression analysis intermediate concepts statistics & math,Beginner,8,4.9,Prof. R. Iyer,"Learn Regression Analysis through a intermediate concepts focused course, covering key concepts in Statistics & Math.",17071,2999,Hindi,"beginner-friendly, in-demand, project-based",[]
1601,"HTML CSS - Full Stack Development (Live Cohort, Coursera)",Web Development,html css full stack development web development,Beginner,4,4.5,Prof. M. Khan,"Learn HTML CSS through a full stack development focused course, covering key concepts in Web Development.",37782,3999,Hindi,"in-demand, certificate",[]
1602,"Unsupervised Learning - Fundamentals (Self-Paced, DataCamp)",Machine Learning,unsupervised learning fundamentals machine learning,Beginner,6,3.6,Prof. M. Khan,"Learn Unsupervised Learning through a fundamentals focused course, covering key concepts in Machine Learning.",10290,3999,Hindi,"certificate, in-demand, project-based",[]
1603,"Big Data Processing - Best Practices (Project-Based, LinkedIn Learning)",Data Science,big data processing best practices data science,Advanced,15,3.6,Mr. S. Gupta,"Learn Big Data Processing through a best practices focused course, covering key concepts in Data Science.",5645,2499,English + Hindi Subtitles,"industry-recognized, hands-on, certificate",[1781]
1604,"Vue.js - Deployment Strategies (Live Cohort, Coursera)",Web Development,vue.js deployment strategies web development,Intermediate,8,3.6,Dr. A. Sharma,"Learn Vue.js through a deployment strategies focused course, covering key concepts in Web Development.",20289,1999,English,"job-ready, trending, certificate","[1305, 1895]"
1605,"Statistical Analysis - Fundamentals (Live Cohort, Coursera)",Data Science,statistical analysis fundamentals data science,Beginner,4,4.8,Prof. J. Mehta,"Learn Statistical Analysis through a fundamentals focused course, covering key concepts in Data Science.",48672,2999,English + Hindi Subtitles,"trending, project-based, quiz-included, beginner-friendly",[]
1606,"Ruby - Data Structures (Live Cohort, edX)",Programming,ruby data structures programming,Intermediate,15,4.6,Ms. P. Nair,"Learn Ruby through a data structures focused course, covering key concepts in Programming.",15706,1999,English + Hindi Subtitles,"certificate, trending, beginner-friendly","[79, 473]"
1607,"Data Storytelling - Intermediate Techniques (Project-Based, edX)",Data Visualization,data storytelling intermediate techniques data visualization,Advanced,30,3.6,Ms. P. Nair,"Learn Data Storytelling through a intermediate techniques focused course, covering key concepts in Data Visualization.",40380,1999,English + Hindi Subtitles,"hands-on, mentor-support",[1161]
1608,"MySQL - Performance Tuning (Live Cohort, DataCamp)",Databases,mysql performance tuning databases,Intermediate,4,4.9,Prof. R. Iyer,"Learn MySQL through a performance tuning focused course, covering key concepts in Databases.",1651,2999,English,"mentor-support, in-demand, certificate, hands-on",[1410]
1609,"Explainable AI - Hands-on Project (Project-Based, DataCamp)",AI Specialized,explainable ai hands on project ai specialized,Beginner,25,4.5,Ms. K. Verma,"Learn Explainable AI through a hands-on project focused course, covering key concepts in AI Specialized.",43675,1999,Hindi,"certificate, mentor-support, beginner-friendly, industry-recognized",[]
1610,"Dashboard Design - Real World Projects (Self-Paced, LinkedIn Learning)",Data Visualization,dashboard design real world projects data visualization,Advanced,6,3.7,Prof. R. Iyer,"Learn Dashboard Design through a real world projects focused course, covering key concepts in Data Visualization.",41622,3999,English + Hindi Subtitles,"mentor-support, beginner-friendly, in-demand, job-ready","[1130, 1632]"
1611,"Robotics - Introduction (Project-Based, edX)",AI Specialized,robotics introduction ai specialized,Beginner,30,4.4,Ms. P. Nair,"Learn Robotics through a introduction focused course, covering key concepts in AI Specialized.",9718,0,French,"project-based, job-ready",[]
1612,"Data Warehousing - Real World Projects (Project-Based, edX)",Databases,data warehousing real world projects databases,Advanced,4,4.6,Dr. A. Sharma,"Learn Data Warehousing through a real world projects focused course, covering key concepts in Databases.",22777,1499,Hindi,"quiz-included, job-ready, beginner-friendly, mentor-support","[1375, 1589]"
1613,"Java - Basics (Project-Based, edX)",Programming,java basics programming,Beginner,6,4.3,Mr. T. Singh,"Learn Java through a basics focused course, covering key concepts in Programming.",3371,1499,Hindi,"hands-on, in-demand",[]
1614,"Terraform - Fundamentals (Crash Course, Udemy)",Cloud & DevOps,terraform fundamentals cloud & devops,Beginner,20,4.9,Dr. N. Rao,"Learn Terraform through a fundamentals focused course, covering key concepts in Cloud & DevOps.",36775,2499,French,"beginner-friendly, project-based, industry-recognized",[]
1615,"Seaborn - Advanced Dashboards (Project-Based, Udemy)",Data Visualization,seaborn advanced dashboards data visualization,Advanced,20,4.9,Ms. K. Verma,"Learn Seaborn through a advanced dashboards focused course, covering key concepts in Data Visualization.",40130,2499,English,"quiz-included, beginner-friendly, hands-on",[1899]
1616,"Django - Building Projects (Project-Based, LinkedIn Learning)",Web Development,django building projects web development,Intermediate,25,4.8,Dr. A. Sharma,"Learn Django through a building projects focused course, covering key concepts in Web Development.",46450,999,French,"hands-on, mentor-support, in-demand",[102]
1617,"Clustering - Real World Case Studies (Crash Course, Coursera)",Machine Learning,clustering real world case studies machine learning,Intermediate,25,3.5,Ms. K. Verma,"Learn Clustering through a real world case studies focused course, covering key concepts in Machine Learning.",17330,0,Spanish,"project-based, job-ready, in-demand",[962]
1618,"TypeScript - Concurrency (Live Cohort, Udemy)",Programming,typescript concurrency programming,Intermediate,15,4.5,Prof. J. Mehta,"Learn TypeScript through a concurrency focused course, covering key concepts in Programming.",22502,0,French,"project-based, certificate",[123]
1619,"C++ - Advanced Concepts (Live Cohort, LinkedIn Learning)",Programming,c++ advanced concepts programming,Advanced,25,5.0,Prof. J. Mehta,"Learn C++ through a advanced concepts focused course, covering key concepts in Programming.",33249,2499,Spanish,"project-based, industry-recognized, hands-on","[207, 792]"
1620,"Google Cloud - Production Deployment (Crash Course, Udemy)",Cloud & DevOps,google cloud production deployment cloud & devops,Beginner,15,4.0,Prof. M. Khan,"Learn Google Cloud through a production deployment focused course, covering key concepts in Cloud & DevOps.",28423,999,Hindi,"trending, job-ready, in-demand, quiz-included",[]
1621,"Redis - Performance Tuning (Self-Paced, Pluralsight)",Databases,redis performance tuning databases,Intermediate,12,4.1,Prof. J. Mehta,"Learn Redis through a performance tuning focused course, covering key concepts in Databases.",41007,1499,English,"mentor-support, hands-on","[1649, 1918]"
1622,"GraphQL - Advanced Patterns (Live Cohort, DataCamp)",Web Development,graphql advanced patterns web development,Advanced,6,4.8,Ms. K. Verma,"Learn GraphQL through a advanced patterns focused course, covering key concepts in Web Development.",38919,0,English,"industry-recognized, trending",[979]
1623,"Chatbot Development - Hands-on Project (Project-Based, Coursera)",AI Specialized,chatbot development hands on project ai specialized,Intermediate,2,4.9,Mr. T. Singh,"Learn Chatbot Development through a hands-on project focused course, covering key concepts in AI Specialized.",38758,1999,Spanish,"in-demand, hands-on","[544, 739]"
1624,"Regression - Advanced Techniques (Live Cohort, Coursera)",Machine Learning,regression advanced techniques machine learning,Advanced,25,3.5,Prof. M. Khan,"Learn Regression through a advanced techniques focused course, covering key concepts in Machine Learning.",8096,1999,French,"quiz-included, industry-recognized, beginner-friendly, in-demand",[642]
1625,"React - Deployment Strategies (Self-Paced, LinkedIn Learning)",Web Development,react deployment strategies web development,Advanced,10,4.0,Prof. J. Mehta,"Learn React through a deployment strategies focused course, covering key concepts in Web Development.",46765,499,English + Hindi Subtitles,"in-demand, hands-on, quiz-included",[1828]
1626,"Interview Preparation - Fundamentals (Live Cohort, Coursera)",Career Skills,interview preparation fundamentals career skills,Beginner,8,4.0,Ms. K. Verma,"Learn Interview Preparation through a fundamentals focused course, covering key concepts in Career Skills.",36902,1499,French,"certificate, mentor-support, job-ready",[]
1627,"Terraform - Best Practices (Self-Paced, Udemy)",Cloud & DevOps,terraform best practices cloud & devops,Beginner,2,4.7,Prof. M. Khan,"Learn Terraform through a best practices focused course, covering key concepts in Cloud & DevOps.",47906,1499,Hindi,"mentor-support, job-ready, hands-on, in-demand",[]
1628,"Recommendation Systems - Hands-on Project (Self-Paced, Udemy)",AI Specialized,recommendation systems hands on project ai specialized,Advanced,10,4.8,Dr. L. Fernandes,"Learn Recommendation Systems through a hands-on project focused course, covering key concepts in AI Specialized.",26627,4999,Spanish,"mentor-support, beginner-friendly, trending",[1238]
1629,"Tableau - Intermediate Techniques (Project-Based, Udemy)",Data Visualization,tableau intermediate techniques data visualization,Intermediate,25,4.5,Ms. K. Verma,"Learn Tableau through a intermediate techniques focused course, covering key concepts in Data Visualization.",34591,999,French,"certificate, trending",[368]
1630,"Regression Analysis - Applied Techniques (Live Cohort, Coursera)",Statistics & Math,regression analysis applied techniques statistics & math,Beginner,6,3.9,Mr. S. Gupta,"Learn Regression Analysis through a applied techniques focused course, covering key concepts in Statistics & Math.",2885,2999,French,"quiz-included, mentor-support, project-based, in-demand",[]
1631,"D3.js - Basics (Self-Paced, Udemy)",Data Visualization,d3.js basics data visualization,Beginner,15,4.2,Ms. P. Nair,"Learn D3.js through a basics focused course, covering key concepts in Data Visualization.",42036,3999,French,"in-demand, mentor-support",[]
1632,"Plotly - Basics (Crash Course, edX)",Data Visualization,plotly basics data visualization,Beginner,10,4.0,Dr. L. Fernandes,"Learn Plotly through a basics focused course, covering key concepts in Data Visualization.",14489,3999,English + Hindi Subtitles,"project-based, quiz-included, job-ready, beginner-friendly",[]
1633,"HTML CSS - Fundamentals (Project-Based, Pluralsight)",Web Development,html css fundamentals web development,Beginner,6,3.6,Prof. M. Khan,"Learn HTML CSS through a fundamentals focused course, covering key concepts in Web Development.",41842,1499,English,"quiz-included, in-demand, trending",[]
1634,"C++ - Data Structures (Live Cohort, LinkedIn Learning)",Programming,c++ data structures programming,Advanced,6,4.9,Prof. J. Mehta,"Learn C++ through a data structures focused course, covering key concepts in Programming.",32167,1999,French,"job-ready, project-based, certificate, quiz-included",[951]
1635,"Data Warehousing - Basics (Live Cohort, LinkedIn Learning)",Databases,data warehousing basics databases,Beginner,4,4.6,Dr. N. Rao,"Learn Data Warehousing through a basics focused course, covering key concepts in Databases.",34658,2999,Hindi,"job-ready, quiz-included, certificate",[]
1636,"C++ - Data Structures (Crash Course, Pluralsight)",Programming,c++ data structures programming,Advanced,4,4.7,Prof. J. Mehta,"Learn C++ through a data structures focused course, covering key concepts in Programming.",32460,2999,English + Hindi Subtitles,"industry-recognized, project-based, mentor-support",[397]
1637,"GANs - Foundations (Self-Paced, edX)",Deep Learning,gans foundations deep learning,Intermediate,12,3.6,Prof. M. Khan,"Learn GANs through a foundations focused course, covering key concepts in Deep Learning.",42179,2999,English + Hindi Subtitles,"in-demand, mentor-support",[1122]
1638,"Java - Advanced Concepts (Live Cohort, Coursera)",Programming,java advanced concepts programming,Advanced,25,4.4,Mr. S. Gupta,"Learn Java through a advanced concepts focused course, covering key concepts in Programming.",47507,0,English,"industry-recognized, quiz-included, beginner-friendly, hands-on",[55]
1639,"Ruby - Design Patterns (Project-Based, Udemy)",Programming,ruby design patterns programming,Beginner,15,4.7,Dr. A. Sharma,"Learn Ruby through a design patterns focused course, covering key concepts in Programming.",5777,2499,French,"beginner-friendly, in-demand, project-based",[]
1640,"Computer Vision - Introduction (Live Cohort, DataCamp)",AI Specialized,computer vision introduction ai specialized,Beginner,6,3.7,Dr. N. Rao,"Learn Computer Vision through a introduction focused course, covering key concepts in AI Specialized.",49913,4999,Hindi,"in-demand, beginner-friendly, job-ready",[]
1641,"Vue.js - Deployment Strategies (Project-Based, Coursera)",Web Development,vue.js deployment strategies web development,Intermediate,15,4.3,Prof. J. Mehta,"Learn Vue.js through a deployment strategies focused course, covering key concepts in Web Development.",41334,4999,English + Hindi Subtitles,"hands-on, certificate, in-demand",[1172]
1642,"Kotlin - Design Patterns (Crash Course, Pluralsight)",Programming,kotlin design patterns programming,Intermediate,2,4.7,Mr. S. Gupta,"Learn Kotlin through a design patterns focused course, covering key concepts in Programming.",19811,4999,English,"quiz-included, industry-recognized",[143]
1643,"Angular - Fundamentals (Crash Course, Pluralsight)",Web Development,angular fundamentals web development,Beginner,20,4.6,Prof. M. Khan,"Learn Angular through a fundamentals focused course, covering key concepts in Web Development.",34686,2999,Spanish,"job-ready, certificate, quiz-included, beginner-friendly",[]
1644,"Ensemble Methods - Optimization Strategies (Crash Course, edX)",Machine Learning,ensemble methods optimization strategies machine learning,Advanced,10,4.1,Dr. A. Sharma,"Learn Ensemble Methods through a optimization strategies focused course, covering key concepts in Machine Learning.",22763,1499,French,"mentor-support, hands-on","[1280, 1466]"
1645,"Data Ethics and Privacy - Fundamentals (Project-Based, Coursera)",Career Skills,data ethics and privacy fundamentals career skills,Beginner,30,4.8,Mr. T. Singh,"Learn Data Ethics and Privacy through a fundamentals focused course, covering key concepts in Career Skills.",17669,2999,Hindi,"beginner-friendly, hands-on, quiz-included",[]
1646,"Prompt Engineering - Fundamentals (Project-Based, Udemy)",AI Specialized,prompt engineering fundamentals ai specialized,Beginner,8,4.1,Dr. N. Rao,"Learn Prompt Engineering through a fundamentals focused course, covering key concepts in AI Specialized.",41047,499,English,"beginner-friendly, trending, quiz-included, industry-recognized",[]
1647,"Calculus - Advanced Theory (Crash Course, Pluralsight)",Statistics & Math,calculus advanced theory statistics & math,Advanced,6,4.7,Prof. M. Khan,"Learn Calculus through a advanced theory focused course, covering key concepts in Statistics & Math.",48506,0,Hindi,"quiz-included, in-demand",[1094]
1648,"Project Management - Fundamentals (Crash Course, edX)",Career Skills,project management fundamentals career skills,Beginner,8,4.3,Dr. A. Sharma,"Learn Project Management through a fundamentals focused course, covering key concepts in Career Skills.",44293,3999,Spanish,"quiz-included, trending, beginner-friendly",[]
1649,"NoSQL - Real World Projects (Project-Based, edX)",Databases,nosql real world projects databases,Beginner,6,4.1,Ms. P. Nair,"Learn NoSQL through a real world projects focused course, covering key concepts in Databases.",17177,1499,French,"mentor-support, job-ready, project-based",[]
1650,"Data Analysis - Intermediate Techniques (Crash Course, DataCamp)",Data Science,data analysis intermediate techniques data science,Intermediate,15,3.5,Dr. L. Fernandes,"Learn Data Analysis through a intermediate techniques focused course, covering key concepts in Data Science.",40094,0,Spanish,"certificate, in-demand, trending",[1819]
1651,"FastAPI - Full Stack Development (Project-Based, LinkedIn Learning)",Web Development,fastapi full stack development web development,Intermediate,20,4.1,Prof. R. Iyer,"Learn FastAPI through a full stack development focused course, covering key concepts in Web Development.",10188,1999,English + Hindi Subtitles,"project-based, beginner-friendly",[1479]
1652,"Graph Databases - Advanced Techniques (Self-Paced, DataCamp)",Databases,graph databases advanced techniques databases,Advanced,8,4.5,Ms. P. Nair,"Learn Graph Databases through a advanced techniques focused course, covering key concepts in Databases.",18211,4999,Hindi,"industry-recognized, trending, quiz-included, job-ready",[59]
1653,"Node.js - Full Stack Development (Self-Paced, Udemy)",Web Development,node.js full stack development web development,Advanced,20,3.9,Mr. T. Singh,"Learn Node.js through a full stack development focused course, covering key concepts in Web Development.",28617,2499,Spanish,"in-demand, hands-on, job-ready",[1305]
1654,"Classification - Hands-on Project (Self-Paced, edX)",Machine Learning,classification hands on project machine learning,Beginner,12,4.0,Prof. J. Mehta,"Learn Classification through a hands-on project focused course, covering key concepts in Machine Learning.",17407,1499,English + Hindi Subtitles,"mentor-support, trending",[]
1655,"LSTM - Hands-on Project (Self-Paced, LinkedIn Learning)",Deep Learning,lstm hands on project deep learning,Intermediate,20,3.7,Ms. P. Nair,"Learn LSTM through a hands-on project focused course, covering key concepts in Deep Learning.",37091,999,Hindi,"hands-on, project-based, in-demand, industry-recognized",[541]
1656,"PostgreSQL - Performance Tuning (Live Cohort, Udemy)",Databases,postgresql performance tuning databases,Intermediate,8,3.9,Prof. R. Iyer,"Learn PostgreSQL through a performance tuning focused course, covering key concepts in Databases.",22810,1499,English + Hindi Subtitles,"job-ready, in-demand, certificate, hands-on","[26, 1259]"
1657,"Linear Algebra - Fundamentals (Crash Course, DataCamp)",Statistics & Math,linear algebra fundamentals statistics & math,Beginner,2,3.7,Prof. M. Khan,"Learn Linear Algebra through a fundamentals focused course, covering key concepts in Statistics & Math.",42319,1999,Spanish,"industry-recognized, project-based, trending",[]
1658,"MySQL - Performance Tuning (Crash Course, edX)",Databases,mysql performance tuning databases,Beginner,4,4.7,Dr. N. Rao,"Learn MySQL through a performance tuning focused course, covering key concepts in Databases.",45647,4999,Spanish,"beginner-friendly, quiz-included",[]
1659,"D3.js - Best Practices (Crash Course, LinkedIn Learning)",Data Visualization,d3.js best practices data visualization,Intermediate,20,4.9,Prof. M. Khan,"Learn D3.js through a best practices focused course, covering key concepts in Data Visualization.",26448,1999,English,"quiz-included, project-based",[1515]
1660,"Exploratory Data Analysis - Intermediate Techniques (Project-Based, Pluralsight)",Data Science,exploratory data analysis intermediate techniques data science,Advanced,20,4.0,Ms. P. Nair,"Learn Exploratory Data Analysis through a intermediate techniques focused course, covering key concepts in Data Science.",35144,2499,English + Hindi Subtitles,"industry-recognized, quiz-included, beginner-friendly",[1572]
1661,"AutoML - Introduction (Self-Paced, LinkedIn Learning)",Machine Learning,automl introduction machine learning,Beginner,8,4.8,Dr. L. Fernandes,"Learn AutoML through a introduction focused course, covering key concepts in Machine Learning.",24183,2499,English + Hindi Subtitles,"hands-on, quiz-included, job-ready, trending",[]
1662,"Time Series Analysis - Fundamentals (Live Cohort, DataCamp)",Statistics & Math,time series analysis fundamentals statistics & math,Beginner,30,4.0,Mr. T. Singh,"Learn Time Series Analysis through a fundamentals focused course, covering key concepts in Statistics & Math.",23882,4999,English,"mentor-support, in-demand, hands-on, certificate",[]
1663,"Excel Visualization - Real World Projects (Self-Paced, Udemy)",Data Visualization,excel visualization real world projects data visualization,Advanced,10,4.4,Prof. R. Iyer,"Learn Excel Visualization through a real world projects focused course, covering key concepts in Data Visualization.",12825,2999,Hindi,"industry-recognized, project-based",[824]
1664,"Django - Best Practices (Project-Based, edX)",Web Development,django best practices web development,Intermediate,2,4.0,Mr. T. Singh,"Learn Django through a best practices focused course, covering key concepts in Web Development.",6819,1999,Spanish,"job-ready, certificate, project-based, quiz-included",[1240]
1665,"Database Optimization - Performance Tuning (Live Cohort, edX)",Databases,database optimization performance tuning databases,Intermediate,30,4.2,Mr. S. Gupta,"Learn Database Optimization through a performance tuning focused course, covering key concepts in Databases.",19210,499,French,"quiz-included, in-demand, hands-on","[59, 1066]"
1666,"Transformers - Fundamentals (Live Cohort, Coursera)",Deep Learning,transformers fundamentals deep learning,Beginner,25,4.6,Mr. T. Singh,"Learn Transformers through a fundamentals focused course, covering key concepts in Deep Learning.",18722,2499,Spanish,"certificate, job-ready",[]
1667,"Autoencoders - Hands-on Project (Crash Course, Coursera)",Deep Learning,autoencoders hands on project deep learning,Beginner,8,4.4,Ms. P. Nair,"Learn Autoencoders through a hands-on project focused course, covering key concepts in Deep Learning.",6754,0,English,"quiz-included, hands-on, trending",[]
1668,"Hyperparameter Tuning - Fundamentals (Project-Based, DataCamp)",Machine Learning,hyperparameter tuning fundamentals machine learning,Beginner,4,4.2,Dr. A. Sharma,"Learn Hyperparameter Tuning through a fundamentals focused course, covering key concepts in Machine Learning.",25264,3999,French,"project-based, hands-on, job-ready, in-demand",[]
1669,"RNN - Research Perspectives (Project-Based, DataCamp)",Deep Learning,rnn research perspectives deep learning,Advanced,30,3.8,Dr. L. Fernandes,"Learn RNN through a research perspectives focused course, covering key concepts in Deep Learning.",20636,2499,English,"beginner-friendly, certificate, quiz-included","[541, 1149]"
1670,"Statistical Analysis - Industry Applications (Crash Course, DataCamp)",Data Science,statistical analysis industry applications data science,Advanced,8,4.5,Prof. J. Mehta,"Learn Statistical Analysis through a industry applications focused course, covering key concepts in Data Science.",27951,3999,Spanish,"industry-recognized, quiz-included, in-demand, mentor-support",[462]
1671,"TypeScript - Algorithms (Project-Based, edX)",Programming,typescript algorithms programming,Intermediate,20,5.0,Prof. M. Khan,"Learn TypeScript through a algorithms focused course, covering key concepts in Programming.",44308,2499,French,"mentor-support, hands-on, job-ready, trending",[1639]
1672,"Interactive Charts - Real World Projects (Project-Based, Pluralsight)",Data Visualization,interactive charts real world projects data visualization,Intermediate,6,3.7,Dr. L. Fernandes,"Learn Interactive Charts through a real world projects focused course, covering key concepts in Data Visualization.",14200,1999,English,"industry-recognized, quiz-included","[1764, 1899]"
1673,"Neural Networks - Foundations (Live Cohort, LinkedIn Learning)",Deep Learning,neural networks foundations deep learning,Beginner,8,4.4,Prof. R. Iyer,"Learn Neural Networks through a foundations focused course, covering key concepts in Deep Learning.",17982,1499,English,"job-ready, project-based, beginner-friendly, industry-recognized",[]
1674,"Regression - Hands-on Project (Crash Course, Udemy)",Machine Learning,regression hands on project machine learning,Advanced,10,5.0,Mr. S. Gupta,"Learn Regression through a hands-on project focused course, covering key concepts in Machine Learning.",28475,2999,Hindi,"job-ready, mentor-support, in-demand",[1114]
1675,"Data Cleaning - Advanced Methods (Crash Course, Coursera)",Data Science,data cleaning advanced methods data science,Advanced,10,4.3,Dr. A. Sharma,"Learn Data Cleaning through a advanced methods focused course, covering key concepts in Data Science.",12996,0,English,"industry-recognized, quiz-included, mentor-support","[462, 572]"
1676,"Interactive Charts - Basics (Project-Based, DataCamp)",Data Visualization,interactive charts basics data visualization,Beginner,12,4.3,Ms. K. Verma,"Learn Interactive Charts through a basics focused course, covering key concepts in Data Visualization.",25698,0,French,"quiz-included, beginner-friendly",[]
1677,"Calculus - Applied Techniques (Crash Course, Udemy)",Statistics & Math,calculus applied techniques statistics & math,Advanced,15,3.9,Mr. T. Singh,"Learn Calculus through a applied techniques focused course, covering key concepts in Statistics & Math.",38901,1999,English,"trending, in-demand",[224]
1678,"Resume Building - Practical Guide (Project-Based, edX)",Career Skills,resume building practical guide career skills,Intermediate,15,4.9,Prof. R. Iyer,"Learn Resume Building through a practical guide focused course, covering key concepts in Career Skills.",5947,999,Hindi,"beginner-friendly, certificate",[211]
1679,"GANs - Advanced Architectures (Crash Course, Pluralsight)",Deep Learning,gans advanced architectures deep learning,Advanced,6,4.0,Ms. K. Verma,"Learn GANs through a advanced architectures focused course, covering key concepts in Deep Learning.",24897,499,English,"job-ready, trending, beginner-friendly, mentor-support",[955]
1680,"React - Fundamentals (Self-Paced, LinkedIn Learning)",Web Development,react fundamentals web development,Beginner,12,4.7,Dr. N. Rao,"Learn React through a fundamentals focused course, covering key concepts in Web Development.",25991,2499,Spanish,"project-based, mentor-support, quiz-included",[]
1681,"Graph Databases - Basics (Crash Course, Pluralsight)",Databases,graph databases basics databases,Beginner,8,3.8,Prof. M. Khan,"Learn Graph Databases through a basics focused course, covering key concepts in Databases.",18510,1999,English,"trending, certificate",[]
1682,"Interactive Charts - Intermediate Techniques (Crash Course, LinkedIn Learning)",Data Visualization,interactive charts intermediate techniques data visualization,Advanced,25,4.5,Prof. M. Khan,"Learn Interactive Charts through a intermediate techniques focused course, covering key concepts in Data Visualization.",5742,1499,Spanish,"industry-recognized, trending, hands-on","[9, 367]"
1683,"Google Cloud - Best Practices (Crash Course, Pluralsight)",Cloud & DevOps,google cloud best practices cloud & devops,Advanced,12,3.7,Mr. S. Gupta,"Learn Google Cloud through a best practices focused course, covering key concepts in Cloud & DevOps.",36366,4999,English,"in-demand, industry-recognized, job-ready, mentor-support",[208]
1684,"Data Mining - Industry Applications (Self-Paced, LinkedIn Learning)",Data Science,data mining industry applications data science,Advanced,15,4.3,Prof. R. Iyer,"Learn Data Mining through a industry applications focused course, covering key concepts in Data Science.",35346,1999,Spanish,"project-based, mentor-support","[1271, 1974]"
1685,"Vue.js - Advanced Patterns (Crash Course, Udemy)",Web Development,vue.js advanced patterns web development,Advanced,6,3.7,Prof. R. Iyer,"Learn Vue.js through a advanced patterns focused course, covering key concepts in Web Development.",17257,4999,Hindi,"industry-recognized, quiz-included","[316, 1851]"
1686,"Serverless Computing - Hands-on Practice (Self-Paced, edX)",Cloud & DevOps,serverless computing hands on practice cloud & devops,Intermediate,2,4.8,Prof. R. Iyer,"Learn Serverless Computing through a hands-on practice focused course, covering key concepts in Cloud & DevOps.",12246,3999,Hindi,"industry-recognized, mentor-support, hands-on, certificate",[110]
1687,"Generative AI - Advanced Applications (Self-Paced, Udemy)",AI Specialized,generative ai advanced applications ai specialized,Advanced,25,4.2,Ms. P. Nair,"Learn Generative AI through a advanced applications focused course, covering key concepts in AI Specialized.",19226,3999,Spanish,"in-demand, hands-on",[376]
1688,"Data Analysis - Fundamentals (Project-Based, Udemy)",Data Science,data analysis fundamentals data science,Beginner,15,4.5,Mr. T. Singh,"Learn Data Analysis through a fundamentals focused course, covering key concepts in Data Science.",28690,499,French,"job-ready, mentor-support",[]
1689,"Classification - Fundamentals (Project-Based, edX)",Machine Learning,classification fundamentals machine learning,Beginner,6,4.6,Prof. M. Khan,"Learn Classification through a fundamentals focused course, covering key concepts in Machine Learning.",319,3999,Spanish,"job-ready, certificate, mentor-support, trending",[]
1690,"LSTM - Fundamentals (Live Cohort, Coursera)",Deep Learning,lstm fundamentals deep learning,Beginner,4,4.2,Dr. A. Sharma,"Learn LSTM through a fundamentals focused course, covering key concepts in Deep Learning.",18627,4999,French,"mentor-support, trending, hands-on, quiz-included",[]
1691,"Java - Design Patterns (Project-Based, DataCamp)",Programming,java design patterns programming,Intermediate,4,4.3,Prof. J. Mehta,"Learn Java through a design patterns focused course, covering key concepts in Programming.",14723,0,Hindi,"beginner-friendly, mentor-support, project-based, quiz-included",[1462]
1692,"MongoDB - Advanced Techniques (Project-Based, edX)",Databases,mongodb advanced techniques databases,Advanced,15,3.9,Ms. P. Nair,"Learn MongoDB through a advanced techniques focused course, covering key concepts in Databases.",30772,1999,English,"in-demand, certificate, mentor-support, hands-on",[858]
1693,"Computer Vision - Case Studies (Self-Paced, Udemy)",AI Specialized,computer vision case studies ai specialized,Intermediate,8,4.4,Dr. A. Sharma,"Learn Computer Vision through a case studies focused course, covering key concepts in AI Specialized.",25506,1999,French,"in-demand, job-ready",[1539]
1694,"Reinforcement Learning - Research Perspectives (Crash Course, Udemy)",Deep Learning,reinforcement learning research perspectives deep learning,Advanced,2,3.8,Ms. K. Verma,"Learn Reinforcement Learning through a research perspectives focused course, covering key concepts in Deep Learning.",22189,499,French,"hands-on, certificate, trending","[1338, 1782]"
1695,"Probability - Fundamentals (Live Cohort, Coursera)",Statistics & Math,probability fundamentals statistics & math,Beginner,12,4.3,Prof. R. Iyer,"Learn Probability through a fundamentals focused course, covering key concepts in Statistics & Math.",12459,2999,French,"in-demand, mentor-support",[]
1696,"Ensemble Methods - Real World Case Studies (Self-Paced, DataCamp)",Machine Learning,ensemble methods real world case studies machine learning,Intermediate,2,4.2,Ms. K. Verma,"Learn Ensemble Methods through a real world case studies focused course, covering key concepts in Machine Learning.",7874,2499,Hindi,"in-demand, industry-recognized",[1827]
1697,"Statistical Analysis - Fundamentals (Crash Course, Pluralsight)",Data Science,statistical analysis fundamentals data science,Beginner,15,4.6,Prof. M. Khan,"Learn Statistical Analysis through a fundamentals focused course, covering key concepts in Data Science.",11413,2999,English,"beginner-friendly, certificate",[]
1698,"Feature Engineering - Real World Case Studies (Project-Based, Coursera)",Machine Learning,feature engineering real world case studies machine learning,Intermediate,30,4.6,Dr. A. Sharma,"Learn Feature Engineering through a real world case studies focused course, covering key concepts in Machine Learning.",36221,4999,Spanish,"project-based, trending, hands-on","[50, 947]"
1699,"A/B Testing - Advanced Methods (Crash Course, Udemy)",Data Science,a/b testing advanced methods data science,Advanced,30,3.8,Prof. M. Khan,"Learn A/B Testing through a advanced methods focused course, covering key concepts in Data Science.",35882,1499,French,"industry-recognized, certificate, hands-on",[1180]
1700,"Statistical Analysis - Advanced Methods (Project-Based, edX)",Data Science,statistical analysis advanced methods data science,Advanced,12,4.2,Prof. M. Khan,"Learn Statistical Analysis through a advanced methods focused course, covering key concepts in Data Science.",5685,3999,English + Hindi Subtitles,"project-based, mentor-support, industry-recognized",[1781]
1701,"Exploratory Data Analysis - Advanced Methods (Project-Based, Coursera)",Data Science,exploratory data analysis advanced methods data science,Advanced,12,3.7,Ms. K. Verma,"Learn Exploratory Data Analysis through a advanced methods focused course, covering key concepts in Data Science.",48279,499,English + Hindi Subtitles,"certificate, beginner-friendly",[812]
1702,"Linear Algebra - Fundamentals (Live Cohort, Coursera)",Statistics & Math,linear algebra fundamentals statistics & math,Beginner,25,3.9,Prof. R. Iyer,"Learn Linear Algebra through a fundamentals focused course, covering key concepts in Statistics & Math.",37594,2499,English + Hindi Subtitles,"in-demand, job-ready, hands-on, certificate",[]
1703,"Bayesian Inference - Applied Techniques (Project-Based, Udemy)",Statistics & Math,bayesian inference applied techniques statistics & math,Intermediate,30,4.2,Mr. T. Singh,"Learn Bayesian Inference through a applied techniques focused course, covering key concepts in Statistics & Math.",32455,499,Spanish,"hands-on, industry-recognized, in-demand, beginner-friendly","[395, 1702]"
1704,"Plotly - Best Practices (Crash Course, Pluralsight)",Data Visualization,plotly best practices data visualization,Intermediate,25,4.2,Dr. A. Sharma,"Learn Plotly through a best practices focused course, covering key concepts in Data Visualization.",37710,1999,English,"project-based, mentor-support",[993]
1705,"Regression - Optimization Strategies (Self-Paced, DataCamp)",Machine Learning,regression optimization strategies machine learning,Advanced,12,3.6,Ms. P. Nair,"Learn Regression through a optimization strategies focused course, covering key concepts in Machine Learning.",16754,4999,Hindi,"trending, quiz-included, industry-recognized, certificate",[903]
1706,"RNN - Practical Applications (Self-Paced, Pluralsight)",Deep Learning,rnn practical applications deep learning,Intermediate,15,4.3,Prof. R. Iyer,"Learn RNN through a practical applications focused course, covering key concepts in Deep Learning.",49698,4999,Spanish,"job-ready, in-demand, mentor-support","[284, 904]"
1707,"Kotlin - Design Patterns (Live Cohort, edX)",Programming,kotlin design patterns programming,Beginner,2,4.1,Mr. S. Gupta,"Learn Kotlin through a design patterns focused course, covering key concepts in Programming.",20476,2499,French,"job-ready, industry-recognized, certificate, quiz-included",[]
1708,"CNN - Hands-on Project (Self-Paced, Udemy)",Deep Learning,cnn hands on project deep learning,Intermediate,8,3.6,Mr. S. Gupta,"Learn CNN through a hands-on project focused course, covering key concepts in Deep Learning.",11752,1999,French,"job-ready, quiz-included, in-demand",[101]
1709,"Excel Visualization - Advanced Dashboards (Live Cohort, edX)",Data Visualization,excel visualization advanced dashboards data visualization,Advanced,12,3.7,Dr. A. Sharma,"Learn Excel Visualization through a advanced dashboards focused course, covering key concepts in Data Visualization.",19954,4999,English + Hindi Subtitles,"hands-on, project-based, job-ready, quiz-included","[1335, 1769]"
1710,"Ensemble Methods - Advanced Techniques (Live Cohort, edX)",Machine Learning,ensemble methods advanced techniques machine learning,Advanced,4,4.3,Prof. M. Khan,"Learn Ensemble Methods through a advanced techniques focused course, covering key concepts in Machine Learning.",25513,0,English + Hindi Subtitles,"beginner-friendly, job-ready, hands-on",[642]
1711,"Autoencoders - Advanced Architectures (Self-Paced, edX)",Deep Learning,autoencoders advanced architectures deep learning,Advanced,30,4.7,Prof. J. Mehta,"Learn Autoencoders through a advanced architectures focused course, covering key concepts in Deep Learning.",23735,1999,Spanish,"certificate, in-demand, trending",[1804]
1712,"Autoencoders - Research Perspectives (Live Cohort, Coursera)",Deep Learning,autoencoders research perspectives deep learning,Advanced,20,4.9,Prof. J. Mehta,"Learn Autoencoders through a research perspectives focused course, covering key concepts in Deep Learning.",31126,2999,English + Hindi Subtitles,"quiz-included, project-based, in-demand",[116]
1713,"Data Analysis - Hands-on Project (Self-Paced, Coursera)",Data Science,data analysis hands on project data science,Intermediate,12,4.2,Dr. L. Fernandes,"Learn Data Analysis through a hands-on project focused course, covering key concepts in Data Science.",37195,3999,Hindi,"mentor-support, industry-recognized","[375, 1876]"
1714,"Ruby - Best Practices (Self-Paced, LinkedIn Learning)",Programming,ruby best practices programming,Intermediate,25,4.0,Dr. A. Sharma,"Learn Ruby through a best practices focused course, covering key concepts in Programming.",49840,1499,French,"in-demand, trending",[192]
1715,"Resume Building - Practical Guide (Project-Based, LinkedIn Learning)",Career Skills,resume building practical guide career skills,Intermediate,15,4.3,Prof. M. Khan,"Learn Resume Building through a practical guide focused course, covering key concepts in Career Skills.",48754,2999,English,"mentor-support, beginner-friendly, in-demand",[1224]
1716,"JavaScript - Functional Programming (Project-Based, DataCamp)",Programming,javascript functional programming programming,Beginner,8,4.3,Ms. P. Nair,"Learn JavaScript through a functional programming focused course, covering key concepts in Programming.",36054,3999,English,"job-ready, in-demand, trending, industry-recognized",[]
1717,"Pandas - Advanced Methods (Live Cohort, DataCamp)",Data Science,pandas advanced methods data science,Advanced,12,4.2,Mr. S. Gupta,"Learn Pandas through a advanced methods focused course, covering key concepts in Data Science.",37472,2999,Hindi,"industry-recognized, job-ready, trending","[702, 1150]"
1718,"AI Ethics - Hands-on Project (Project-Based, Coursera)",AI Specialized,ai ethics hands on project ai specialized,Advanced,6,4.8,Mr. T. Singh,"Learn AI Ethics through a hands-on project focused course, covering key concepts in AI Specialized.",4721,499,English,"industry-recognized, quiz-included, certificate",[493]
1719,"Transfer Learning - Hands-on Project (Project-Based, DataCamp)",Deep Learning,transfer learning hands on project deep learning,Beginner,25,4.4,Ms. K. Verma,"Learn Transfer Learning through a hands-on project focused course, covering key concepts in Deep Learning.",12433,0,Spanish,"beginner-friendly, project-based, industry-recognized, certificate",[]
1720,"GraphQL - Advanced Patterns (Crash Course, Pluralsight)",Web Development,graphql advanced patterns web development,Advanced,8,4.5,Mr. S. Gupta,"Learn GraphQL through a advanced patterns focused course, covering key concepts in Web Development.",3550,999,Hindi,"in-demand, industry-recognized, project-based, beginner-friendly",[429]
1721,"Explainable AI - Fundamentals (Live Cohort, Pluralsight)",AI Specialized,explainable ai fundamentals ai specialized,Beginner,15,3.5,Ms. P. Nair,"Learn Explainable AI through a fundamentals focused course, covering key concepts in AI Specialized.",46573,0,Spanish,"project-based, industry-recognized, hands-on, trending",[]
1722,"Hyperparameter Tuning - Advanced Techniques (Project-Based, edX)",Machine Learning,hyperparameter tuning advanced techniques machine learning,Advanced,12,4.5,Mr. S. Gupta,"Learn Hyperparameter Tuning through a advanced techniques focused course, covering key concepts in Machine Learning.",22499,3999,French,"quiz-included, beginner-friendly, project-based",[1321]
1723,"Explainable AI - Fundamentals (Live Cohort, Coursera)",AI Specialized,explainable ai fundamentals ai specialized,Beginner,4,3.7,Prof. M. Khan,"Learn Explainable AI through a fundamentals focused course, covering key concepts in AI Specialized.",16038,3999,English,"mentor-support, project-based",[]
1724,"Neural Networks - Hands-on Project (Crash Course, Udemy)",Deep Learning,neural networks hands on project deep learning,Intermediate,25,4.8,Dr. L. Fernandes,"Learn Neural Networks through a hands-on project focused course, covering key concepts in Deep Learning.",22191,1999,French,"quiz-included, industry-recognized, certificate",[787]
1725,"TypeScript - Concurrency (Project-Based, LinkedIn Learning)",Programming,typescript concurrency programming,Beginner,30,4.4,Dr. L. Fernandes,"Learn TypeScript through a concurrency focused course, covering key concepts in Programming.",792,1999,Hindi,"quiz-included, project-based, beginner-friendly",[]
1726,"Unsupervised Learning - Hands-on Project (Project-Based, Coursera)",Machine Learning,unsupervised learning hands on project machine learning,Advanced,2,4.0,Mr. T. Singh,"Learn Unsupervised Learning through a hands-on project focused course, covering key concepts in Machine Learning.",27032,1999,Hindi,"quiz-included, hands-on, job-ready",[810]
1727,"Terraform - Best Practices (Live Cohort, Udemy)",Cloud & DevOps,terraform best practices cloud & devops,Advanced,15,4.3,Mr. T. Singh,"Learn Terraform through a best practices focused course, covering key concepts in Cloud & DevOps.",35824,2999,English,"beginner-friendly, hands-on, industry-recognized, quiz-included",[439]
1728,"Tableau - Intermediate Techniques (Live Cohort, DataCamp)",Data Visualization,tableau intermediate techniques data visualization,Advanced,6,3.8,Mr. S. Gupta,"Learn Tableau through a intermediate techniques focused course, covering key concepts in Data Visualization.",5075,3999,English,"in-demand, quiz-included","[466, 1631]"
1729,"PHP - Design Patterns (Crash Course, Udemy)",Programming,php design patterns programming,Advanced,15,4.9,Mr. S. Gupta,"Learn PHP through a design patterns focused course, covering key concepts in Programming.",38938,999,French,"in-demand, trending, job-ready",[473]
1730,"Go - Best Practices (Self-Paced, Pluralsight)",Programming,go best practices programming,Beginner,25,4.2,Prof. R. Iyer,"Learn Go through a best practices focused course, covering key concepts in Programming.",16638,999,English + Hindi Subtitles,"quiz-included, mentor-support, beginner-friendly, project-based",[]
1731,"PHP - Algorithms (Crash Course, Pluralsight)",Programming,php algorithms programming,Beginner,20,4.9,Prof. J. Mehta,"Learn PHP through a algorithms focused course, covering key concepts in Programming.",25859,1999,English + Hindi Subtitles,"mentor-support, hands-on",[]
1732,"Flask - Deployment Strategies (Project-Based, DataCamp)",Web Development,flask deployment strategies web development,Beginner,8,4.6,Dr. L. Fernandes,"Learn Flask through a deployment strategies focused course, covering key concepts in Web Development.",36634,4999,English,"hands-on, in-demand, quiz-included",[]
1733,"Resume Building - Real World Scenarios (Crash Course, Udemy)",Career Skills,resume building real world scenarios career skills,Beginner,2,3.8,Mr. T. Singh,"Learn Resume Building through a real world scenarios focused course, covering key concepts in Career Skills.",20611,2499,English,"hands-on, beginner-friendly",[]
1734,"Speech Recognition - Advanced Applications (Crash Course, Pluralsight)",AI Specialized,speech recognition advanced applications ai specialized,Advanced,6,4.6,Dr. A. Sharma,"Learn Speech Recognition through a advanced applications focused course, covering key concepts in AI Specialized.",5541,3999,English + Hindi Subtitles,"quiz-included, project-based, certificate",[448]
1735,"Transfer Learning - Research Perspectives (Live Cohort, DataCamp)",Deep Learning,transfer learning research perspectives deep learning,Advanced,10,4.3,Prof. J. Mehta,"Learn Transfer Learning through a research perspectives focused course, covering key concepts in Deep Learning.",9160,499,English,"mentor-support, in-demand, beginner-friendly",[1804]
1736,"MLOps - Fundamentals (Crash Course, Coursera)",Cloud & DevOps,mlops fundamentals cloud & devops,Beginner,20,4.0,Dr. A. Sharma,"Learn MLOps through a fundamentals focused course, covering key concepts in Cloud & DevOps.",6551,2499,Hindi,"in-demand, job-ready, project-based",[]
1737,"Graph Databases - Intermediate Queries (Project-Based, DataCamp)",Databases,graph databases intermediate queries databases,Intermediate,6,4.7,Mr. S. Gupta,"Learn Graph Databases through a intermediate queries focused course, covering key concepts in Databases.",47421,2999,English,"trending, quiz-included, project-based",[1259]
1738,"Database Optimization - Performance Tuning (Crash Course, edX)",Databases,database optimization performance tuning databases,Advanced,25,4.9,Mr. S. Gupta,"Learn Database Optimization through a performance tuning focused course, covering key concepts in Databases.",13366,0,French,"trending, job-ready, beginner-friendly",[51]
1739,"Statistical Analysis - Industry Applications (Self-Paced, Udemy)",Data Science,statistical analysis industry applications data science,Beginner,25,3.8,Dr. L. Fernandes,"Learn Statistical Analysis through a industry applications focused course, covering key concepts in Data Science.",46498,0,Spanish,"certificate, project-based",[]
1740,"REST API - Fundamentals (Live Cohort, Udemy)",Web Development,rest api fundamentals web development,Beginner,12,4.2,Prof. J. Mehta,"Learn REST API through a fundamentals focused course, covering key concepts in Web Development.",10211,1499,Hindi,"job-ready, certificate, project-based",[]
1741,"Optimization - Practical Examples (Crash Course, DataCamp)",Statistics & Math,optimization practical examples statistics & math,Advanced,25,4.0,Prof. R. Iyer,"Learn Optimization through a practical examples focused course, covering key concepts in Statistics & Math.",40845,3999,English,"quiz-included, hands-on",[1012]
1742,"LSTM - Advanced Architectures (Self-Paced, Pluralsight)",Deep Learning,lstm advanced architectures deep learning,Advanced,4,4.3,Mr. T. Singh,"Learn LSTM through a advanced architectures focused course, covering key concepts in Deep Learning.",40081,3999,Hindi,"in-demand, beginner-friendly",[1780]
1743,"Database Optimization - Basics (Self-Paced, Udemy)",Databases,database optimization basics databases,Beginner,12,3.6,Ms. K. Verma,"Learn Database Optimization through a basics focused course, covering key concepts in Databases.",3179,499,French,"trending, quiz-included",[]
1744,"Data Storytelling - Intermediate Techniques (Crash Course, DataCamp)",Data Visualization,data storytelling intermediate techniques data visualization,Beginner,8,3.8,Ms. K. Verma,"Learn Data Storytelling through a intermediate techniques focused course, covering key concepts in Data Visualization.",37184,3999,English,"in-demand, industry-recognized, job-ready",[]
1745,"CI CD - Best Practices (Self-Paced, LinkedIn Learning)",Cloud & DevOps,ci cd best practices cloud & devops,Advanced,12,4.3,Prof. J. Mehta,"Learn CI CD through a best practices focused course, covering key concepts in Cloud & DevOps.",6909,2499,French,"quiz-included, in-demand, certificate, hands-on",[1470]
1746,"Interactive Charts - Real World Projects (Project-Based, DataCamp)",Data Visualization,interactive charts real world projects data visualization,Intermediate,8,4.7,Mr. T. Singh,"Learn Interactive Charts through a real world projects focused course, covering key concepts in Data Visualization.",5607,1999,French,"hands-on, job-ready",[1166]
1747,"Go - Object Oriented Programming (Crash Course, DataCamp)",Programming,go object oriented programming programming,Intermediate,20,4.0,Prof. R. Iyer,"Learn Go through a object oriented programming focused course, covering key concepts in Programming.",20451,999,English + Hindi Subtitles,"job-ready, industry-recognized, mentor-support, certificate","[17, 892]"
1748,"Vue.js - Building Projects (Live Cohort, LinkedIn Learning)",Web Development,vue.js building projects web development,Intermediate,6,4.0,Prof. R. Iyer,"Learn Vue.js through a building projects focused course, covering key concepts in Web Development.",34040,4999,Hindi,"certificate, beginner-friendly, project-based, quiz-included",[979]
1749,"Explainable AI - Case Studies (Self-Paced, Coursera)",AI Specialized,explainable ai case studies ai specialized,Advanced,20,4.6,Mr. S. Gupta,"Learn Explainable AI through a case studies focused course, covering key concepts in AI Specialized.",49939,2999,Spanish,"beginner-friendly, project-based, trending",[1034]
1750,"Calculus - Advanced Theory (Live Cohort, LinkedIn Learning)",Statistics & Math,calculus advanced theory statistics & math,Advanced,10,3.8,Prof. M. Khan,"Learn Calculus through a advanced theory focused course, covering key concepts in Statistics & Math.",20092,3999,French,"beginner-friendly, mentor-support, quiz-included",[1420]
1751,"Terraform - Introduction (Project-Based, Coursera)",Cloud & DevOps,terraform introduction cloud & devops,Beginner,20,3.7,Ms. P. Nair,"Learn Terraform through a introduction focused course, covering key concepts in Cloud & DevOps.",49477,1999,Hindi,"hands-on, beginner-friendly, in-demand, mentor-support",[]
1752,"Go - Algorithms (Crash Course, Pluralsight)",Programming,go algorithms programming,Beginner,10,4.9,Dr. A. Sharma,"Learn Go through a algorithms focused course, covering key concepts in Programming.",42139,1999,Hindi,"job-ready, mentor-support, hands-on",[]
1753,"A/B Testing - Fundamentals (Self-Paced, LinkedIn Learning)",Data Science,a/b testing fundamentals data science,Beginner,2,4.6,Prof. J. Mehta,"Learn A/B Testing through a fundamentals focused course, covering key concepts in Data Science.",18964,0,French,"mentor-support, quiz-included",[]
1754,"MySQL - Real World Projects (Project-Based, Pluralsight)",Databases,mysql real world projects databases,Intermediate,8,4.2,Ms. K. Verma,"Learn MySQL through a real world projects focused course, covering key concepts in Databases.",19023,999,Spanish,"beginner-friendly, in-demand, quiz-included",[1635]
1755,"Bayesian Inference - Fundamentals (Self-Paced, Pluralsight)",Statistics & Math,bayesian inference fundamentals statistics & math,Beginner,10,4.4,Dr. A. Sharma,"Learn Bayesian Inference through a fundamentals focused course, covering key concepts in Statistics & Math.",14621,2999,French,"hands-on, certificate",[]
1756,"Docker - Production Deployment (Crash Course, LinkedIn Learning)",Cloud & DevOps,docker production deployment cloud & devops,Advanced,10,4.9,Dr. A. Sharma,"Learn Docker through a production deployment focused course, covering key concepts in Cloud & DevOps.",6720,2499,Hindi,"industry-recognized, certificate, trending",[538]
1757,"TypeScript - Testing and Debugging (Project-Based, Udemy)",Programming,typescript testing and debugging programming,Intermediate,6,4.7,Ms. P. Nair,"Learn TypeScript through a testing and debugging focused course, covering key concepts in Programming.",20514,499,English + Hindi Subtitles,"quiz-included, mentor-support, hands-on",[1524]
1758,"Exploratory Data Analysis - Intermediate Techniques (Live Cohort, LinkedIn Learning)",Data Science,exploratory data analysis intermediate techniques data science,Beginner,4,4.3,Ms. K. Verma,"Learn Exploratory Data Analysis through a intermediate techniques focused course, covering key concepts in Data Science.",40151,1499,Hindi,"in-demand, trending, project-based",[]
1759,"Bayesian Inference - Applied Techniques (Self-Paced, Pluralsight)",Statistics & Math,bayesian inference applied techniques statistics & math,Intermediate,10,3.7,Prof. J. Mehta,"Learn Bayesian Inference through a applied techniques focused course, covering key concepts in Statistics & Math.",35454,1499,English + Hindi Subtitles,"mentor-support, in-demand, job-ready, trending",[1657]
1760,"Pandas - Real World Case Studies (Project-Based, Coursera)",Data Science,pandas real world case studies data science,Intermediate,4,5.0,Mr. S. Gupta,"Learn Pandas through a real world case studies focused course, covering key concepts in Data Science.",39152,0,Hindi,"mentor-support, beginner-friendly","[1180, 1856]"
1761,"Kubernetes - Fundamentals (Crash Course, LinkedIn Learning)",Cloud & DevOps,kubernetes fundamentals cloud & devops,Beginner,10,4.2,Mr. S. Gupta,"Learn Kubernetes through a fundamentals focused course, covering key concepts in Cloud & DevOps.",26540,2499,English,"industry-recognized, beginner-friendly",[]
1762,"Seaborn - Advanced Dashboards (Crash Course, Udemy)",Data Visualization,seaborn advanced dashboards data visualization,Advanced,30,3.5,Dr. A. Sharma,"Learn Seaborn through a advanced dashboards focused course, covering key concepts in Data Visualization.",46233,0,Spanish,"job-ready, mentor-support, certificate",[537]
1763,"Plotly - Real World Projects (Project-Based, Pluralsight)",Data Visualization,plotly real world projects data visualization,Advanced,10,4.0,Mr. T. Singh,"Learn Plotly through a real world projects focused course, covering key concepts in Data Visualization.",33130,3999,Hindi,"quiz-included, in-demand, project-based, trending",[1106]
1764,"Interactive Charts - Intermediate Techniques (Project-Based, DataCamp)",Data Visualization,interactive charts intermediate techniques data visualization,Beginner,10,3.8,Mr. S. Gupta,"Learn Interactive Charts through a intermediate techniques focused course, covering key concepts in Data Visualization.",8338,2999,French,"in-demand, beginner-friendly, hands-on",[]
1765,"TypeScript - Concurrency (Live Cohort, LinkedIn Learning)",Programming,typescript concurrency programming,Advanced,15,4.2,Prof. M. Khan,"Learn TypeScript through a concurrency focused course, covering key concepts in Programming.",17690,1499,French,"project-based, industry-recognized",[2]
1766,"Transformers - Advanced Architectures (Live Cohort, LinkedIn Learning)",Deep Learning,transformers advanced architectures deep learning,Advanced,30,4.1,Dr. A. Sharma,"Learn Transformers through a advanced architectures focused course, covering key concepts in Deep Learning.",18315,2499,Hindi,"in-demand, beginner-friendly, quiz-included, certificate",[1580]
1767,"Graph Databases - Real World Projects (Self-Paced, LinkedIn Learning)",Databases,graph databases real world projects databases,Advanced,20,4.3,Mr. S. Gupta,"Learn Graph Databases through a real world projects focused course, covering key concepts in Databases.",22063,3999,Hindi,"trending, certificate","[1658, 1939]"
1768,"Vue.js - Best Practices (Crash Course, edX)",Web Development,vue.js best practices web development,Beginner,8,3.5,Mr. T. Singh,"Learn Vue.js through a best practices focused course, covering key concepts in Web Development.",15383,1999,English + Hindi Subtitles,"industry-recognized, hands-on",[]
1769,"D3.js - Best Practices (Live Cohort, Coursera)",Data Visualization,d3.js best practices data visualization,Beginner,8,4.1,Prof. R. Iyer,"Learn D3.js through a best practices focused course, covering key concepts in Data Visualization.",11862,999,English + Hindi Subtitles,"project-based, hands-on, quiz-included",[]
1770,"Data Storytelling - Basics (Project-Based, LinkedIn Learning)",Data Visualization,data storytelling basics data visualization,Beginner,8,4.6,Mr. T. Singh,"Learn Data Storytelling through a basics focused course, covering key concepts in Data Visualization.",10457,0,Hindi,"quiz-included, hands-on",[]
1771,"NumPy - Hands-on Project (Crash Course, Udemy)",Data Science,numpy hands on project data science,Intermediate,4,4.1,Ms. K. Verma,"Learn NumPy through a hands-on project focused course, covering key concepts in Data Science.",16438,999,English + Hindi Subtitles,"hands-on, job-ready",[1059]
1772,"Ruby - Algorithms (Project-Based, Pluralsight)",Programming,ruby algorithms programming,Advanced,4,4.0,Prof. M. Khan,"Learn Ruby through a algorithms focused course, covering key concepts in Programming.",21401,4999,Spanish,"in-demand, project-based","[2, 601]"
1773,"Tableau - Intermediate Techniques (Self-Paced, DataCamp)",Data Visualization,tableau intermediate techniques data visualization,Advanced,2,3.9,Ms. K. Verma,"Learn Tableau through a intermediate techniques focused course, covering key concepts in Data Visualization.",42593,1999,English + Hindi Subtitles,"project-based, certificate, trending",[213]
1774,"Infrastructure as Code - Production Deployment (Project-Based, Udemy)",Cloud & DevOps,infrastructure as code production deployment cloud & devops,Advanced,30,3.7,Prof. M. Khan,"Learn Infrastructure as Code through a production deployment focused course, covering key concepts in Cloud & DevOps.",5891,999,English + Hindi Subtitles,"trending, hands-on",[645]
1775,"Java - Basics (Live Cohort, Pluralsight)",Programming,java basics programming,Beginner,20,4.7,Prof. R. Iyer,"Learn Java through a basics focused course, covering key concepts in Programming.",38579,499,Hindi,"quiz-included, hands-on, in-demand, job-ready",[]
1776,"Supervised Learning - Real World Case Studies (Live Cohort, Pluralsight)",Machine Learning,supervised learning real world case studies machine learning,Advanced,8,4.6,Dr. N. Rao,"Learn Supervised Learning through a real world case studies focused course, covering key concepts in Machine Learning.",40208,1999,English,"job-ready, certificate, quiz-included, in-demand",[2086]
1777,"Hypothesis Testing - Practical Examples (Crash Course, Coursera)",Statistics & Math,hypothesis testing practical examples statistics & math,Intermediate,12,4.0,Prof. R. Iyer,"Learn Hypothesis Testing through a practical examples focused course, covering key concepts in Statistics & Math.",25861,2999,Hindi,"trending, beginner-friendly","[389, 1600]"
1778,"Power BI - Real World Projects (Live Cohort, DataCamp)",Data Visualization,power bi real world projects data visualization,Intermediate,15,3.9,Ms. P. Nair,"Learn Power BI through a real world projects focused course, covering key concepts in Data Visualization.",8035,2999,Hindi,"trending, quiz-included",[725]
1779,"MLOps - Advanced Configuration (Self-Paced, edX)",Cloud & DevOps,mlops advanced configuration cloud & devops,Advanced,15,3.9,Ms. K. Verma,"Learn MLOps through a advanced configuration focused course, covering key concepts in Cloud & DevOps.",756,0,Spanish,"certificate, quiz-included, hands-on",[948]
1780,"Neural Networks - Fundamentals (Live Cohort, Pluralsight)",Deep Learning,neural networks fundamentals deep learning,Beginner,10,3.7,Prof. M. Khan,"Learn Neural Networks through a fundamentals focused course, covering key concepts in Deep Learning.",39937,4999,Spanish,"quiz-included, mentor-support, job-ready, industry-recognized",[]
1781,"Statistical Analysis - Fundamentals (Crash Course, edX)",Data Science,statistical analysis fundamentals data science,Beginner,4,4.0,Mr. S. Gupta,"Learn Statistical Analysis through a fundamentals focused course, covering key concepts in Data Science.",45548,2999,English,"hands-on, in-demand, certificate, trending",[]
1782,"RNN - Case Studies (Self-Paced, Udemy)",Deep Learning,rnn case studies deep learning,Beginner,10,4.6,Ms. P. Nair,"Learn RNN through a case studies focused course, covering key concepts in Deep Learning.",48170,499,English,"industry-recognized, beginner-friendly, job-ready, mentor-support",[]
1783,"Data Wrangling - Hands-on Project (Live Cohort, DataCamp)",Data Science,data wrangling hands on project data science,Advanced,25,4.3,Prof. R. Iyer,"Learn Data Wrangling through a hands-on project focused course, covering key concepts in Data Science.",35404,1499,English,"mentor-support, certificate, in-demand",[1974]
1784,"Angular - Fundamentals (Crash Course, Udemy)",Web Development,angular fundamentals web development,Beginner,8,4.3,Prof. R. Iyer,"Learn Angular through a fundamentals focused course, covering key concepts in Web Development.",26864,4999,Spanish,"trending, quiz-included, certificate, project-based",[]
1785,"GANs - Hands-on Project (Crash Course, Coursera)",Deep Learning,gans hands on project deep learning,Advanced,12,4.9,Prof. J. Mehta,"Learn GANs through a hands-on project focused course, covering key concepts in Deep Learning.",3148,2499,English,"in-demand, mentor-support, quiz-included, industry-recognized",[1018]
1786,"PostgreSQL - Advanced Techniques (Crash Course, edX)",Databases,postgresql advanced techniques databases,Advanced,25,4.6,Ms. P. Nair,"Learn PostgreSQL through a advanced techniques focused course, covering key concepts in Databases.",31517,999,French,"hands-on, job-ready","[26, 674]"
1787,"Time Series Analysis - Practical Examples (Live Cohort, LinkedIn Learning)",Statistics & Math,time series analysis practical examples statistics & math,Beginner,20,3.7,Dr. A. Sharma,"Learn Time Series Analysis through a practical examples focused course, covering key concepts in Statistics & Math.",47598,4999,English,"project-based, job-ready, beginner-friendly, quiz-included",[]
1788,"Database Optimization - Advanced Techniques (Crash Course, Coursera)",Databases,database optimization advanced techniques databases,Advanced,20,3.8,Ms. P. Nair,"Learn Database Optimization through a advanced techniques focused course, covering key concepts in Databases.",18678,0,Spanish,"industry-recognized, hands-on, in-demand, trending","[858, 1375]"
1789,"Power BI - Real World Projects (Crash Course, Pluralsight)",Data Visualization,power bi real world projects data visualization,Intermediate,30,4.2,Dr. L. Fernandes,"Learn Power BI through a real world projects focused course, covering key concepts in Data Visualization.",49972,2499,English,"project-based, quiz-included, in-demand, job-ready","[974, 1106]"
1790,"Probability - Advanced Theory (Live Cohort, LinkedIn Learning)",Statistics & Math,probability advanced theory statistics & math,Advanced,8,4.1,Prof. R. Iyer,"Learn Probability through a advanced theory focused course, covering key concepts in Statistics & Math.",17203,2999,Spanish,"in-demand, hands-on, mentor-support",[1695]
1791,"Java - Basics (Crash Course, Udemy)",Programming,java basics programming,Beginner,15,4.3,Ms. P. Nair,"Learn Java through a basics focused course, covering key concepts in Programming.",29604,2499,English,"quiz-included, job-ready, certificate, hands-on",[]
1792,"MongoDB - Basics (Crash Course, Coursera)",Databases,mongodb basics databases,Beginner,15,4.0,Ms. P. Nair,"Learn MongoDB through a basics focused course, covering key concepts in Databases.",3127,2499,French,"mentor-support, industry-recognized, project-based",[]
1793,"Vue.js - Advanced Patterns (Crash Course, LinkedIn Learning)",Web Development,vue.js advanced patterns web development,Advanced,4,4.3,Mr. T. Singh,"Learn Vue.js through a advanced patterns focused course, covering key concepts in Web Development.",13880,999,English,"hands-on, beginner-friendly, quiz-included, project-based",[1840]
1794,"Time Series Analysis - Advanced Theory (Self-Paced, Udemy)",Statistics & Math,time series analysis advanced theory statistics & math,Advanced,15,4.0,Mr. S. Gupta,"Learn Time Series Analysis through a advanced theory focused course, covering key concepts in Statistics & Math.",15893,3999,Spanish,"industry-recognized, hands-on, in-demand",[1787]
1795,"MongoDB - Basics (Live Cohort, Udemy)",Databases,mongodb basics databases,Beginner,4,4.1,Dr. L. Fernandes,"Learn MongoDB through a basics focused course, covering key concepts in Databases.",31674,499,French,"mentor-support, certificate",[]
1796,"HTML CSS - Best Practices (Self-Paced, Coursera)",Web Development,html css best practices web development,Intermediate,10,4.3,Ms. K. Verma,"Learn HTML CSS through a best practices focused course, covering key concepts in Web Development.",976,499,Hindi,"hands-on, beginner-friendly, quiz-included","[900, 1172]"
1797,"GraphQL - Advanced Patterns (Project-Based, Coursera)",Web Development,graphql advanced patterns web development,Advanced,12,4.0,Dr. A. Sharma,"Learn GraphQL through a advanced patterns focused course, covering key concepts in Web Development.",22569,1999,French,"trending, hands-on",[427]
1798,"Ruby - Algorithms (Project-Based, Coursera)",Programming,ruby algorithms programming,Advanced,30,4.4,Dr. L. Fernandes,"Learn Ruby through a algorithms focused course, covering key concepts in Programming.",13832,3999,Spanish,"job-ready, industry-recognized, in-demand, certificate","[422, 1229]"
1799,"Ensemble Methods - Optimization Strategies (Live Cohort, Udemy)",Machine Learning,ensemble methods optimization strategies machine learning,Advanced,15,3.6,Mr. S. Gupta,"Learn Ensemble Methods through a optimization strategies focused course, covering key concepts in Machine Learning.",1014,1499,English + Hindi Subtitles,"trending, industry-recognized",[310]
1800,"Data Ethics and Privacy - Best Practices (Crash Course, Udemy)",Career Skills,data ethics and privacy best practices career skills,Advanced,2,3.5,Prof. J. Mehta,"Learn Data Ethics and Privacy through a best practices focused course, covering key concepts in Career Skills.",5358,1999,Hindi,"beginner-friendly, project-based, industry-recognized",[354]
1801,"Kubernetes - Production Deployment (Self-Paced, Udemy)",Cloud & DevOps,kubernetes production deployment cloud & devops,Beginner,20,4.5,Dr. N. Rao,"Learn Kubernetes through a production deployment focused course, covering key concepts in Cloud & DevOps.",7120,3999,French,"mentor-support, quiz-included, project-based, industry-recognized",[]
1802,"MLOps - Production Deployment (Crash Course, LinkedIn Learning)",Cloud & DevOps,mlops production deployment cloud & devops,Intermediate,6,4.3,Mr. T. Singh,"Learn MLOps through a production deployment focused course, covering key concepts in Cloud & DevOps.",45578,1499,English + Hindi Subtitles,"trending, mentor-support",[1052]
1803,"CNN - Foundations (Crash Course, DataCamp)",Deep Learning,cnn foundations deep learning,Beginner,6,4.0,Mr. T. Singh,"Learn CNN through a foundations focused course, covering key concepts in Deep Learning.",21600,2999,English,"beginner-friendly, in-demand",[]
1804,"Transfer Learning - Practical Applications (Live Cohort, LinkedIn Learning)",Deep Learning,transfer learning practical applications deep learning,Beginner,2,3.7,Dr. N. Rao,"Learn Transfer Learning through a practical applications focused course, covering key concepts in Deep Learning.",2702,2499,Spanish,"job-ready, in-demand, certificate, trending",[]
1805,"MongoDB - Advanced Techniques (Live Cohort, edX)",Databases,mongodb advanced techniques databases,Advanced,4,4.5,Dr. L. Fernandes,"Learn MongoDB through a advanced techniques focused course, covering key concepts in Databases.",37103,0,English + Hindi Subtitles,"trending, beginner-friendly",[1199]
1806,"Supervised Learning - Optimization Strategies (Self-Paced, Pluralsight)",Machine Learning,supervised learning optimization strategies machine learning,Advanced,2,4.0,Ms. P. Nair,"Learn Supervised Learning through a optimization strategies focused course, covering key concepts in Machine Learning.",26531,2999,English,"trending, certificate, beginner-friendly, in-demand","[947, 2016]"
1807,"Agile Methodology - Fundamentals (Live Cohort, Coursera)",Career Skills,agile methodology fundamentals career skills,Beginner,30,3.7,Dr. L. Fernandes,"Learn Agile Methodology through a fundamentals focused course, covering key concepts in Career Skills.",36412,1999,English + Hindi Subtitles,"in-demand, hands-on, mentor-support",[]
1808,"Serverless Computing - Introduction (Project-Based, edX)",Cloud & DevOps,serverless computing introduction cloud & devops,Beginner,8,4.1,Prof. M. Khan,"Learn Serverless Computing through a introduction focused course, covering key concepts in Cloud & DevOps.",9360,3999,Spanish,"quiz-included, trending, project-based, beginner-friendly",[]
1809,"Data Warehousing - Performance Tuning (Self-Paced, Udemy)",Databases,data warehousing performance tuning databases,Intermediate,6,3.5,Ms. K. Verma,"Learn Data Warehousing through a performance tuning focused course, covering key concepts in Databases.",17158,4999,Hindi,"trending, in-demand, mentor-support","[34, 286]"
1810,"Reinforcement Learning - Advanced Architectures (Self-Paced, edX)",Deep Learning,reinforcement learning advanced architectures deep learning,Advanced,4,3.9,Mr. T. Singh,"Learn Reinforcement Learning through a advanced architectures focused course, covering key concepts in Deep Learning.",15531,3999,English,"quiz-included, hands-on, industry-recognized",[248]
1811,"Interview Preparation - Real World Scenarios (Self-Paced, DataCamp)",Career Skills,interview preparation real world scenarios career skills,Beginner,4,4.9,Dr. A. Sharma,"Learn Interview Preparation through a real world scenarios focused course, covering key concepts in Career Skills.",45727,999,Spanish,"mentor-support, certificate, project-based, in-demand",[]
1812,"Statistics - Intermediate Concepts (Self-Paced, Coursera)",Statistics & Math,statistics intermediate concepts statistics & math,Beginner,30,4.6,Prof. J. Mehta,"Learn Statistics through a intermediate concepts focused course, covering key concepts in Statistics & Math.",26938,0,Spanish,"hands-on, project-based",[]
1813,"Big Data Processing - Real World Case Studies (Self-Paced, edX)",Data Science,big data processing real world case studies data science,Intermediate,4,4.8,Prof. J. Mehta,"Learn Big Data Processing through a real world case studies focused course, covering key concepts in Data Science.",48932,499,English,"in-demand, beginner-friendly, quiz-included, mentor-support",[84]
1814,"React - Building Projects (Self-Paced, DataCamp)",Web Development,react building projects web development,Intermediate,30,3.7,Dr. N. Rao,"Learn React through a building projects focused course, covering key concepts in Web Development.",47747,3999,Spanish,"trending, industry-recognized, project-based, hands-on","[308, 1305]"
1815,"Calculus - Intermediate Concepts (Project-Based, DataCamp)",Statistics & Math,calculus intermediate concepts statistics & math,Beginner,8,3.9,Dr. N. Rao,"Learn Calculus through a intermediate concepts focused course, covering key concepts in Statistics & Math.",6260,1499,English,"certificate, in-demand, trending, beginner-friendly",[]
1816,"Reinforcement Learning - Research Perspectives (Self-Paced, Coursera)",Deep Learning,reinforcement learning research perspectives deep learning,Advanced,12,4.9,Mr. S. Gupta,"Learn Reinforcement Learning through a research perspectives focused course, covering key concepts in Deep Learning.",10411,2499,English,"in-demand, hands-on, project-based","[1380, 2059]"
1817,"Database Optimization - Performance Tuning (Self-Paced, DataCamp)",Databases,database optimization performance tuning databases,Intermediate,20,3.6,Prof. M. Khan,"Learn Database Optimization through a performance tuning focused course, covering key concepts in Databases.",27286,0,French,"project-based, hands-on, mentor-support, industry-recognized",[1066]
1818,"Kotlin - Testing and Debugging (Live Cohort, Udemy)",Programming,kotlin testing and debugging programming,Beginner,10,4.5,Dr. L. Fernandes,"Learn Kotlin through a testing and debugging focused course, covering key concepts in Programming.",30216,4999,Hindi,"hands-on, industry-recognized",[]
1819,"Pandas - Intermediate Techniques (Crash Course, DataCamp)",Data Science,pandas intermediate techniques data science,Beginner,10,4.7,Prof. M. Khan,"Learn Pandas through a intermediate techniques focused course, covering key concepts in Data Science.",25691,1999,English + Hindi Subtitles,"beginner-friendly, in-demand, job-ready",[]
1820,"Ensemble Methods - Real World Case Studies (Live Cohort, Pluralsight)",Machine Learning,ensemble methods real world case studies machine learning,Intermediate,20,4.4,Dr. A. Sharma,"Learn Ensemble Methods through a real world case studies focused course, covering key concepts in Machine Learning.",29968,1999,English,"industry-recognized, job-ready",[168]
1821,"CI CD - Best Practices (Project-Based, DataCamp)",Cloud & DevOps,ci cd best practices cloud & devops,Intermediate,10,4.4,Prof. J. Mehta,"Learn CI CD through a best practices focused course, covering key concepts in Cloud & DevOps.",40352,4999,Spanish,"in-demand, industry-recognized","[767, 902]"
1822,"Computer Vision - Hands-on Project (Project-Based, Pluralsight)",AI Specialized,computer vision hands on project ai specialized,Beginner,30,3.7,Mr. S. Gupta,"Learn Computer Vision through a hands-on project focused course, covering key concepts in AI Specialized.",25917,1999,English,"mentor-support, project-based",[]
1823,"Data Wrangling - Practical Applications (Crash Course, edX)",Data Science,data wrangling practical applications data science,Beginner,2,4.8,Dr. A. Sharma,"Learn Data Wrangling through a practical applications focused course, covering key concepts in Data Science.",14839,999,Spanish,"quiz-included, industry-recognized, certificate",[]
1824,"Hyperparameter Tuning - Introduction (Live Cohort, LinkedIn Learning)",Machine Learning,hyperparameter tuning introduction machine learning,Beginner,25,3.6,Mr. T. Singh,"Learn Hyperparameter Tuning through a introduction focused course, covering key concepts in Machine Learning.",26140,1499,English,"hands-on, certificate, in-demand, project-based",[]
1825,"Node.js - Building Projects (Self-Paced, Coursera)",Web Development,node.js building projects web development,Advanced,15,4.5,Dr. N. Rao,"Learn Node.js through a building projects focused course, covering key concepts in Web Development.",26823,499,Hindi,"industry-recognized, mentor-support, hands-on",[1588]
1826,"Data Analysis - Best Practices (Project-Based, Udemy)",Data Science,data analysis best practices data science,Intermediate,10,3.5,Dr. N. Rao,"Learn Data Analysis through a best practices focused course, covering key concepts in Data Science.",29039,1999,French,"job-ready, project-based, mentor-support",[1823]
1827,"Regression - Fundamentals (Live Cohort, Coursera)",Machine Learning,regression fundamentals machine learning,Beginner,30,4.7,Prof. J. Mehta,"Learn Regression through a fundamentals focused course, covering key concepts in Machine Learning.",17951,4999,English + Hindi Subtitles,"certificate, job-ready, hands-on, quiz-included",[]
1828,"Django - Deployment Strategies (Self-Paced, DataCamp)",Web Development,django deployment strategies web development,Beginner,15,4.7,Dr. A. Sharma,"Learn Django through a deployment strategies focused course, covering key concepts in Web Development.",3659,3999,Spanish,"certificate, job-ready",[]
1829,"JavaScript - Testing and Debugging (Project-Based, Pluralsight)",Programming,javascript testing and debugging programming,Intermediate,8,4.5,Prof. M. Khan,"Learn JavaScript through a testing and debugging focused course, covering key concepts in Programming.",37775,1999,French,"industry-recognized, hands-on",[412]
1830,"D3.js - Intermediate Techniques (Crash Course, Coursera)",Data Visualization,d3.js intermediate techniques data visualization,Intermediate,25,3.7,Prof. R. Iyer,"Learn D3.js through a intermediate techniques focused course, covering key concepts in Data Visualization.",29139,499,French,"mentor-support, hands-on, trending, beginner-friendly",[725]
1831,"Public Speaking - Real World Scenarios (Live Cohort, LinkedIn Learning)",Career Skills,public speaking real world scenarios career skills,Advanced,2,3.8,Prof. R. Iyer,"Learn Public Speaking through a real world scenarios focused course, covering key concepts in Career Skills.",17716,1999,English + Hindi Subtitles,"quiz-included, in-demand",[7]
1832,"MongoDB - Performance Tuning (Project-Based, DataCamp)",Databases,mongodb performance tuning databases,Advanced,15,4.2,Mr. S. Gupta,"Learn MongoDB through a performance tuning focused course, covering key concepts in Databases.",15378,1499,French,"in-demand, mentor-support, quiz-included",[1918]
1833,"Speech Recognition - Fundamentals (Project-Based, Coursera)",AI Specialized,speech recognition fundamentals ai specialized,Beginner,12,4.9,Mr. S. Gupta,"Learn Speech Recognition through a fundamentals focused course, covering key concepts in AI Specialized.",37344,499,Spanish,"hands-on, industry-recognized, trending, beginner-friendly",[]
1834,"Docker - Introduction (Live Cohort, edX)",Cloud & DevOps,docker introduction cloud & devops,Beginner,8,4.9,Dr. A. Sharma,"Learn Docker through a introduction focused course, covering key concepts in Cloud & DevOps.",20539,999,Spanish,"mentor-support, quiz-included, industry-recognized, trending",[]
1835,"Public Speaking - Best Practices (Live Cohort, LinkedIn Learning)",Career Skills,public speaking best practices career skills,Intermediate,4,4.9,Prof. J. Mehta,"Learn Public Speaking through a best practices focused course, covering key concepts in Career Skills.",31451,3999,Hindi,"job-ready, industry-recognized","[802, 1733]"
1836,"Bayesian Inference - Fundamentals (Crash Course, Coursera)",Statistics & Math,bayesian inference fundamentals statistics & math,Beginner,30,4.8,Ms. P. Nair,"Learn Bayesian Inference through a fundamentals focused course, covering key concepts in Statistics & Math.",45662,999,English + Hindi Subtitles,"job-ready, beginner-friendly, industry-recognized, mentor-support",[]
1837,"Git and Version Control - Fundamentals (Self-Paced, LinkedIn Learning)",Career Skills,git and version control fundamentals career skills,Beginner,25,4.7,Dr. L. Fernandes,"Learn Git and Version Control through a fundamentals focused course, covering key concepts in Career Skills.",24799,2499,Hindi,"beginner-friendly, job-ready, mentor-support, project-based",[]
1838,"Model Evaluation - Real World Case Studies (Self-Paced, Udemy)",Machine Learning,model evaluation real world case studies machine learning,Intermediate,4,3.9,Prof. R. Iyer,"Learn Model Evaluation through a real world case studies focused course, covering key concepts in Machine Learning.",15972,1999,French,"certificate, job-ready","[575, 870]"
1839,"Clustering - Advanced Techniques (Self-Paced, DataCamp)",Machine Learning,clustering advanced techniques machine learning,Advanced,15,4.2,Dr. A. Sharma,"Learn Clustering through a advanced techniques focused course, covering key concepts in Machine Learning.",28358,0,English + Hindi Subtitles,"trending, certificate, job-ready",[2086]
1840,"GraphQL - Building Projects (Self-Paced, LinkedIn Learning)",Web Development,graphql building projects web development,Beginner,12,4.2,Ms. K. Verma,"Learn GraphQL through a building projects focused course, covering key concepts in Web Development.",7912,499,Spanish,"quiz-included, hands-on",[]
1841,"Speech Recognition - Fundamentals (Crash Course, Pluralsight)",AI Specialized,speech recognition fundamentals ai specialized,Beginner,15,4.5,Prof. J. Mehta,"Learn Speech Recognition through a fundamentals focused course, covering key concepts in AI Specialized.",36672,1499,English + Hindi Subtitles,"mentor-support, project-based, in-demand",[]
1842,"Statistical Analysis - Hands-on Project (Project-Based, edX)",Data Science,statistical analysis hands on project data science,Beginner,30,4.3,Prof. J. Mehta,"Learn Statistical Analysis through a hands-on project focused course, covering key concepts in Data Science.",29500,0,English,"quiz-included, in-demand, job-ready",[]
1843,"Statistics - Practical Examples (Project-Based, LinkedIn Learning)",Statistics & Math,statistics practical examples statistics & math,Beginner,8,4.4,Mr. S. Gupta,"Learn Statistics through a practical examples focused course, covering key concepts in Statistics & Math.",16569,999,Spanish,"certificate, trending, mentor-support, industry-recognized",[]
1844,"Database Optimization - Real World Projects (Crash Course, Udemy)",Databases,database optimization real world projects databases,Advanced,30,4.9,Prof. M. Khan,"Learn Database Optimization through a real world projects focused course, covering key concepts in Databases.",21262,999,French,"hands-on, quiz-included, in-demand, project-based",[10]
1845,"AutoML - Practical Implementation (Crash Course, Udemy)",Machine Learning,automl practical implementation machine learning,Beginner,15,5.0,Dr. A. Sharma,"Learn AutoML through a practical implementation focused course, covering key concepts in Machine Learning.",3289,499,English,"hands-on, certificate, quiz-included, industry-recognized",[]
1846,"SQL - Advanced Techniques (Crash Course, LinkedIn Learning)",Databases,sql advanced techniques databases,Advanced,15,3.6,Prof. J. Mehta,"Learn SQL through a advanced techniques focused course, covering key concepts in Databases.",30275,1499,French,"project-based, trending, certificate","[293, 894]"
1847,"REST API - Full Stack Development (Live Cohort, Udemy)",Web Development,rest api full stack development web development,Beginner,4,4.8,Dr. A. Sharma,"Learn REST API through a full stack development focused course, covering key concepts in Web Development.",3222,4999,French,"industry-recognized, trending",[]
1848,"Speech Recognition - Fundamentals (Self-Paced, edX)",AI Specialized,speech recognition fundamentals ai specialized,Beginner,10,4.5,Ms. P. Nair,"Learn Speech Recognition through a fundamentals focused course, covering key concepts in AI Specialized.",37699,0,French,"job-ready, beginner-friendly, industry-recognized",[]
1849,"Explainable AI - Introduction (Project-Based, edX)",AI Specialized,explainable ai introduction ai specialized,Beginner,8,3.6,Dr. N. Rao,"Learn Explainable AI through a introduction focused course, covering key concepts in AI Specialized.",43751,1999,French,"job-ready, in-demand",[]
1850,"Azure - Production Deployment (Crash Course, Pluralsight)",Cloud & DevOps,azure production deployment cloud & devops,Advanced,8,4.4,Ms. P. Nair,"Learn Azure through a production deployment focused course, covering key concepts in Cloud & DevOps.",23926,2499,Spanish,"in-demand, beginner-friendly",[1052]
1851,"GraphQL - Best Practices (Live Cohort, DataCamp)",Web Development,graphql best practices web development,Beginner,4,4.7,Dr. L. Fernandes,"Learn GraphQL through a best practices focused course, covering key concepts in Web Development.",35994,999,Hindi,"mentor-support, industry-recognized",[]
1852,"A/B Testing - Best Practices (Crash Course, Pluralsight)",Data Science,a/b testing best practices data science,Beginner,25,4.6,Ms. P. Nair,"Learn A/B Testing through a best practices focused course, covering key concepts in Data Science.",18986,499,Spanish,"certificate, industry-recognized, hands-on",[]
1853,"Java - Concurrency (Live Cohort, Pluralsight)",Programming,java concurrency programming,Beginner,8,4.1,Prof. R. Iyer,"Learn Java through a concurrency focused course, covering key concepts in Programming.",45388,2999,French,"mentor-support, trending",[]
1854,"Ruby - Algorithms (Crash Course, Coursera)",Programming,ruby algorithms programming,Beginner,12,4.9,Prof. J. Mehta,"Learn Ruby through a algorithms focused course, covering key concepts in Programming.",38885,499,Spanish,"mentor-support, project-based, hands-on",[]
1855,"PHP - Functional Programming (Self-Paced, DataCamp)",Programming,php functional programming programming,Beginner,6,3.8,Prof. J. Mehta,"Learn PHP through a functional programming focused course, covering key concepts in Programming.",43824,499,French,"industry-recognized, beginner-friendly, quiz-included, certificate",[]
1856,"Big Data Processing - Fundamentals (Project-Based, DataCamp)",Data Science,big data processing fundamentals data science,Beginner,25,3.7,Ms. P. Nair,"Learn Big Data Processing through a fundamentals focused course, covering key concepts in Data Science.",29917,499,Hindi,"in-demand, industry-recognized, job-ready",[]
1857,"Power BI - Best Practices (Live Cohort, edX)",Data Visualization,power bi best practices data visualization,Advanced,10,4.4,Prof. J. Mehta,"Learn Power BI through a best practices focused course, covering key concepts in Data Visualization.",37352,2499,Hindi,"quiz-included, beginner-friendly",[1632]
1858,"Go - Basics (Crash Course, Coursera)",Programming,go basics programming,Beginner,30,4.1,Dr. N. Rao,"Learn Go through a basics focused course, covering key concepts in Programming.",17067,1999,French,"industry-recognized, mentor-support, trending",[]
1859,"Recommendation Systems - Introduction (Project-Based, Udemy)",AI Specialized,recommendation systems introduction ai specialized,Beginner,25,3.7,Prof. R. Iyer,"Learn Recommendation Systems through a introduction focused course, covering key concepts in AI Specialized.",5024,1999,Hindi,"hands-on, mentor-support",[]
1860,"NoSQL - Real World Projects (Self-Paced, Udemy)",Databases,nosql real world projects databases,Intermediate,2,4.4,Dr. L. Fernandes,"Learn NoSQL through a real world projects focused course, covering key concepts in Databases.",1757,2499,French,"job-ready, certificate, quiz-included",[45]
1861,"Statistics - Intermediate Concepts (Project-Based, LinkedIn Learning)",Statistics & Math,statistics intermediate concepts statistics & math,Intermediate,12,4.4,Dr. A. Sharma,"Learn Statistics through a intermediate concepts focused course, covering key concepts in Statistics & Math.",42113,2999,Hindi,"trending, job-ready, hands-on","[395, 675]"
1862,"Big Data Processing - Advanced Methods (Self-Paced, edX)",Data Science,big data processing advanced methods data science,Advanced,12,4.4,Ms. K. Verma,"Learn Big Data Processing through a advanced methods focused course, covering key concepts in Data Science.",1186,1999,Spanish,"job-ready, beginner-friendly",[28]
1863,"Go - Data Structures (Live Cohort, Udemy)",Programming,go data structures programming,Beginner,15,3.8,Ms. P. Nair,"Learn Go through a data structures focused course, covering key concepts in Programming.",26054,0,Hindi,"industry-recognized, quiz-included",[]
1864,"Terraform - Production Deployment (Project-Based, LinkedIn Learning)",Cloud & DevOps,terraform production deployment cloud & devops,Advanced,10,3.6,Dr. A. Sharma,"Learn Terraform through a production deployment focused course, covering key concepts in Cloud & DevOps.",11632,2499,English + Hindi Subtitles,"in-demand, job-ready, trending, mentor-support","[1055, 1552]"
1865,"Ensemble Methods - Advanced Techniques (Self-Paced, Udemy)",Machine Learning,ensemble methods advanced techniques machine learning,Advanced,20,5.0,Prof. J. Mehta,"Learn Ensemble Methods through a advanced techniques focused course, covering key concepts in Machine Learning.",12966,2499,Spanish,"quiz-included, in-demand, certificate, project-based",[266]
1866,"Big Data Processing - Best Practices (Self-Paced, Pluralsight)",Data Science,big data processing best practices data science,Advanced,6,3.9,Mr. T. Singh,"Learn Big Data Processing through a best practices focused course, covering key concepts in Data Science.",17807,499,English,"job-ready, industry-recognized",[811]
1867,"Matplotlib - Advanced Dashboards (Self-Paced, DataCamp)",Data Visualization,matplotlib advanced dashboards data visualization,Advanced,20,3.5,Dr. L. Fernandes,"Learn Matplotlib through a advanced dashboards focused course, covering key concepts in Data Visualization.",28048,999,English + Hindi Subtitles,"job-ready, mentor-support, certificate","[631, 2062]"
1868,"Calculus - Intermediate Concepts (Live Cohort, LinkedIn Learning)",Statistics & Math,calculus intermediate concepts statistics & math,Beginner,6,4.0,Dr. L. Fernandes,"Learn Calculus through a intermediate concepts focused course, covering key concepts in Statistics & Math.",19264,999,Hindi,"hands-on, in-demand",[]
1869,"MLOps - Advanced Configuration (Live Cohort, edX)",Cloud & DevOps,mlops advanced configuration cloud & devops,Advanced,2,4.0,Mr. S. Gupta,"Learn MLOps through a advanced configuration focused course, covering key concepts in Cloud & DevOps.",2251,4999,Hindi,"beginner-friendly, project-based, in-demand, trending","[841, 902]"
1870,"MLOps - Best Practices (Self-Paced, Udemy)",Cloud & DevOps,mlops best practices cloud & devops,Intermediate,8,4.9,Ms. K. Verma,"Learn MLOps through a best practices focused course, covering key concepts in Cloud & DevOps.",7400,0,Spanish,"trending, in-demand, industry-recognized, hands-on","[1627, 1972]"
1871,"Go - Basics (Crash Course, edX)",Programming,go basics programming,Beginner,6,4.5,Mr. S. Gupta,"Learn Go through a basics focused course, covering key concepts in Programming.",47091,2999,English + Hindi Subtitles,"trending, quiz-included, beginner-friendly",[]
1872,"Clustering - Hands-on Project (Project-Based, Udemy)",Machine Learning,clustering hands on project machine learning,Beginner,2,4.2,Dr. A. Sharma,"Learn Clustering through a hands-on project focused course, covering key concepts in Machine Learning.",4347,3999,English,"project-based, beginner-friendly, job-ready, trending",[]
1873,"Dashboard Design - Basics (Live Cohort, Pluralsight)",Data Visualization,dashboard design basics data visualization,Beginner,4,4.2,Ms. K. Verma,"Learn Dashboard Design through a basics focused course, covering key concepts in Data Visualization.",32266,2999,Hindi,"mentor-support, quiz-included, certificate, job-ready",[]
1874,"Python - Testing and Debugging (Crash Course, LinkedIn Learning)",Programming,python testing and debugging programming,Advanced,12,4.0,Prof. R. Iyer,"Learn Python through a testing and debugging focused course, covering key concepts in Programming.",45004,0,English,"certificate, hands-on, in-demand",[1025]
1875,"Rust - Object Oriented Programming (Live Cohort, Coursera)",Programming,rust object oriented programming programming,Advanced,10,4.5,Dr. N. Rao,"Learn Rust through a object oriented programming focused course, covering key concepts in Programming.",46680,999,Hindi,"beginner-friendly, industry-recognized, hands-on","[1935, 1944]"
1876,"Data Analysis - Intermediate Techniques (Project-Based, Udemy)",Data Science,data analysis intermediate techniques data science,Beginner,8,4.1,Mr. T. Singh,"Learn Data Analysis through a intermediate techniques focused course, covering key concepts in Data Science.",8973,999,Hindi,"hands-on, beginner-friendly, industry-recognized",[]
1877,"Chatbot Development - Hands-on Project (Self-Paced, edX)",AI Specialized,chatbot development hands on project ai specialized,Beginner,8,4.5,Ms. K. Verma,"Learn Chatbot Development through a hands-on project focused course, covering key concepts in AI Specialized.",42076,1999,Hindi,"quiz-included, industry-recognized, certificate",[]
1878,"Natural Language Processing - Introduction (Crash Course, Coursera)",AI Specialized,natural language processing introduction ai specialized,Beginner,15,4.7,Ms. K. Verma,"Learn Natural Language Processing through a introduction focused course, covering key concepts in AI Specialized.",36866,0,French,"mentor-support, in-demand",[]
1879,"Project Management - Practical Guide (Project-Based, edX)",Career Skills,project management practical guide career skills,Beginner,4,4.1,Ms. P. Nair,"Learn Project Management through a practical guide focused course, covering key concepts in Career Skills.",40272,2999,French,"project-based, hands-on, industry-recognized",[]
1880,"Data Wrangling - Practical Applications (Project-Based, edX)",Data Science,data wrangling practical applications data science,Beginner,2,3.9,Dr. N. Rao,"Learn Data Wrangling through a practical applications focused course, covering key concepts in Data Science.",16712,499,English,"certificate, mentor-support, trending",[]
1881,"Technical Communication - Best Practices (Self-Paced, LinkedIn Learning)",Career Skills,technical communication best practices career skills,Intermediate,30,4.2,Dr. A. Sharma,"Learn Technical Communication through a best practices focused course, covering key concepts in Career Skills.",45092,4999,English + Hindi Subtitles,"quiz-included, trending, hands-on","[802, 805]"
1882,"AI Ethics - Case Studies (Self-Paced, Coursera)",AI Specialized,ai ethics case studies ai specialized,Beginner,12,4.6,Prof. R. Iyer,"Learn AI Ethics through a case studies focused course, covering key concepts in AI Specialized.",32249,2999,English + Hindi Subtitles,"in-demand, mentor-support",[]
1883,"Excel Visualization - Real World Projects (Self-Paced, Coursera)",Data Visualization,excel visualization real world projects data visualization,Advanced,6,4.3,Prof. J. Mehta,"Learn Excel Visualization through a real world projects focused course, covering key concepts in Data Visualization.",8643,1999,English,"quiz-included, hands-on","[368, 1676]"
1884,"Ruby - Advanced Concepts (Live Cohort, Coursera)",Programming,ruby advanced concepts programming,Advanced,2,4.5,Ms. P. Nair,"Learn Ruby through a advanced concepts focused course, covering key concepts in Programming.",40472,2999,English,"industry-recognized, certificate, quiz-included, mentor-support",[1462]
1885,"A/B Testing - Practical Applications (Self-Paced, edX)",Data Science,a/b testing practical applications data science,Beginner,12,4.1,Mr. S. Gupta,"Learn A/B Testing through a practical applications focused course, covering key concepts in Data Science.",45783,999,Hindi,"trending, hands-on, quiz-included, project-based",[]
1886,"Data Mining - Fundamentals (Live Cohort, LinkedIn Learning)",Data Science,data mining fundamentals data science,Beginner,25,3.8,Mr. T. Singh,"Learn Data Mining through a fundamentals focused course, covering key concepts in Data Science.",42612,3999,English + Hindi Subtitles,"quiz-included, project-based",[]
1887,"Statistical Analysis - Industry Applications (Crash Course, edX)",Data Science,statistical analysis industry applications data science,Advanced,2,4.9,Dr. N. Rao,"Learn Statistical Analysis through a industry applications focused course, covering key concepts in Data Science.",32717,2999,Hindi,"industry-recognized, quiz-included, hands-on",[940]
1888,"Recommendation Systems - Hands-on Project (Live Cohort, LinkedIn Learning)",AI Specialized,recommendation systems hands on project ai specialized,Beginner,4,3.7,Prof. M. Khan,"Learn Recommendation Systems through a hands-on project focused course, covering key concepts in AI Specialized.",10580,2499,English + Hindi Subtitles,"mentor-support, beginner-friendly, job-ready, industry-recognized",[]
1889,"Terraform - Hands-on Practice (Live Cohort, Udemy)",Cloud & DevOps,terraform hands on practice cloud & devops,Advanced,25,4.3,Ms. K. Verma,"Learn Terraform through a hands-on practice focused course, covering key concepts in Cloud & DevOps.",26486,0,Hindi,"job-ready, project-based",[1276]
1890,"Probability - Applied Techniques (Self-Paced, edX)",Statistics & Math,probability applied techniques statistics & math,Advanced,30,3.5,Mr. S. Gupta,"Learn Probability through a applied techniques focused course, covering key concepts in Statistics & Math.",1452,1999,English + Hindi Subtitles,"trending, hands-on, job-ready, in-demand","[395, 1968]"
1891,"AWS - Introduction (Project-Based, DataCamp)",Cloud & DevOps,aws introduction cloud & devops,Beginner,25,4.1,Dr. N. Rao,"Learn AWS through a introduction focused course, covering key concepts in Cloud & DevOps.",8751,999,French,"quiz-included, in-demand",[]
1892,"Statistics - Intermediate Concepts (Self-Paced, Udemy)",Statistics & Math,statistics intermediate concepts statistics & math,Advanced,10,4.5,Prof. M. Khan,"Learn Statistics through a intermediate concepts focused course, covering key concepts in Statistics & Math.",39226,999,English,"quiz-included, mentor-support, job-ready","[108, 1024]"
1893,"Python - Design Patterns (Live Cohort, Udemy)",Programming,python design patterns programming,Intermediate,20,4.2,Prof. J. Mehta,"Learn Python through a design patterns focused course, covering key concepts in Programming.",5934,499,Hindi,"in-demand, trending, industry-recognized","[107, 123]"
1894,"Robotics - Fundamentals (Self-Paced, Coursera)",AI Specialized,robotics fundamentals ai specialized,Beginner,2,4.6,Prof. M. Khan,"Learn Robotics through a fundamentals focused course, covering key concepts in AI Specialized.",30803,2999,Hindi,"project-based, quiz-included, certificate",[]
1895,"Vue.js - Full Stack Development (Crash Course, Coursera)",Web Development,vue.js full stack development web development,Beginner,15,3.5,Prof. J. Mehta,"Learn Vue.js through a full stack development focused course, covering key concepts in Web Development.",23523,4999,French,"hands-on, certificate, quiz-included",[]
1896,"Data Mining - Intermediate Techniques (Self-Paced, Coursera)",Data Science,data mining intermediate techniques data science,Advanced,6,3.8,Mr. S. Gupta,"Learn Data Mining through a intermediate techniques focused course, covering key concepts in Data Science.",13350,2999,French,"mentor-support, hands-on, trending, project-based","[812, 1823]"
1897,"Feature Engineering - Introduction (Self-Paced, Udemy)",Machine Learning,feature engineering introduction machine learning,Beginner,8,3.9,Ms. P. Nair,"Learn Feature Engineering through a introduction focused course, covering key concepts in Machine Learning.",44764,499,Hindi,"trending, in-demand, industry-recognized, hands-on",[]
1898,"REST API - Fundamentals (Live Cohort, Coursera)",Web Development,rest api fundamentals web development,Beginner,20,3.9,Prof. R. Iyer,"Learn REST API through a fundamentals focused course, covering key concepts in Web Development.",48677,499,Hindi,"in-demand, job-ready, beginner-friendly, industry-recognized",[]
1899,"Power BI - Intermediate Techniques (Crash Course, Pluralsight)",Data Visualization,power bi intermediate techniques data visualization,Beginner,12,4.5,Dr. A. Sharma,"Learn Power BI through a intermediate techniques focused course, covering key concepts in Data Visualization.",14589,1499,French,"job-ready, trending, quiz-included, mentor-support",[]
1900,"Tableau - Best Practices (Live Cohort, LinkedIn Learning)",Data Visualization,tableau best practices data visualization,Beginner,25,4.0,Dr. L. Fernandes,"Learn Tableau through a best practices focused course, covering key concepts in Data Visualization.",40439,4999,Spanish,"certificate, trending, project-based, mentor-support",[]
1901,"Flask - Building Projects (Self-Paced, DataCamp)",Web Development,flask building projects web development,Beginner,30,4.2,Mr. S. Gupta,"Learn Flask through a building projects focused course, covering key concepts in Web Development.",3502,0,English,"industry-recognized, job-ready, project-based",[]
1902,"HTML CSS - Full Stack Development (Crash Course, Udemy)",Web Development,html css full stack development web development,Advanced,30,5.0,Dr. N. Rao,"Learn HTML CSS through a full stack development focused course, covering key concepts in Web Development.",18283,2499,Spanish,"project-based, in-demand, trending, hands-on",[327]
1903,"Computer Vision - Fundamentals (Live Cohort, Coursera)",AI Specialized,computer vision fundamentals ai specialized,Beginner,2,4.2,Prof. J. Mehta,"Learn Computer Vision through a fundamentals focused course, covering key concepts in AI Specialized.",11314,2999,Hindi,"quiz-included, project-based, industry-recognized",[]
1904,"Transformers - Hands-on Project (Project-Based, Udemy)",Deep Learning,transformers hands on project deep learning,Intermediate,20,4.7,Prof. J. Mehta,"Learn Transformers through a hands-on project focused course, covering key concepts in Deep Learning.",7301,2999,English,"project-based, industry-recognized, quiz-included, in-demand",[904]
1905,"PostgreSQL - Performance Tuning (Crash Course, Udemy)",Databases,postgresql performance tuning databases,Advanced,25,3.8,Prof. J. Mehta,"Learn PostgreSQL through a performance tuning focused course, covering key concepts in Databases.",33948,2499,French,"hands-on, job-ready, mentor-support, beginner-friendly",[147]
1906,"AI Ethics - Fundamentals (Live Cohort, Pluralsight)",AI Specialized,ai ethics fundamentals ai specialized,Beginner,25,4.8,Mr. T. Singh,"Learn AI Ethics through a fundamentals focused course, covering key concepts in AI Specialized.",33401,1499,Spanish,"mentor-support, trending, certificate",[]
1907,"Redis - Basics (Self-Paced, DataCamp)",Databases,redis basics databases,Beginner,15,4.2,Dr. N. Rao,"Learn Redis through a basics focused course, covering key concepts in Databases.",14442,1999,English,"industry-recognized, hands-on, job-ready",[]
1908,"Autoencoders - Foundations (Project-Based, Udemy)",Deep Learning,autoencoders foundations deep learning,Advanced,4,4.7,Mr. T. Singh,"Learn Autoencoders through a foundations focused course, covering key concepts in Deep Learning.",30669,2999,English,"industry-recognized, quiz-included, hands-on, trending",[966]
1909,"Data Mining - Real World Case Studies (Project-Based, Pluralsight)",Data Science,data mining real world case studies data science,Advanced,2,4.2,Dr. L. Fernandes,"Learn Data Mining through a real world case studies focused course, covering key concepts in Data Science.",14431,2999,French,"beginner-friendly, industry-recognized",[702]
1910,"RNN - Advanced Architectures (Crash Course, edX)",Deep Learning,rnn advanced architectures deep learning,Advanced,25,4.0,Dr. A. Sharma,"Learn RNN through a advanced architectures focused course, covering key concepts in Deep Learning.",15635,1499,Spanish,"in-demand, quiz-included, beginner-friendly, project-based","[218, 2046]"
1911,"Database Design - Performance Tuning (Self-Paced, Pluralsight)",Databases,database design performance tuning databases,Intermediate,2,4.6,Mr. S. Gupta,"Learn Database Design through a performance tuning focused course, covering key concepts in Databases.",5851,999,Spanish,"industry-recognized, beginner-friendly, job-ready","[768, 984]"
1912,"LSTM - Advanced Architectures (Self-Paced, LinkedIn Learning)",Deep Learning,lstm advanced architectures deep learning,Advanced,12,4.5,Prof. M. Khan,"Learn LSTM through a advanced architectures focused course, covering key concepts in Deep Learning.",7940,1999,French,"beginner-friendly, project-based, hands-on",[1690]
1913,"CNN - Foundations (Crash Course, Udemy)",Deep Learning,cnn foundations deep learning,Beginner,6,5.0,Mr. S. Gupta,"Learn CNN through a foundations focused course, covering key concepts in Deep Learning.",17703,3999,Spanish,"project-based, mentor-support",[]
1914,"Interactive Charts - Intermediate Techniques (Live Cohort, Pluralsight)",Data Visualization,interactive charts intermediate techniques data visualization,Advanced,12,4.8,Prof. J. Mehta,"Learn Interactive Charts through a intermediate techniques focused course, covering key concepts in Data Visualization.",16076,2499,English + Hindi Subtitles,"quiz-included, job-ready, hands-on",[993]
1915,"A/B Testing - Hands-on Project (Crash Course, edX)",Data Science,a/b testing hands on project data science,Beginner,2,3.6,Prof. R. Iyer,"Learn A/B Testing through a hands-on project focused course, covering key concepts in Data Science.",30969,1999,English,"mentor-support, project-based",[]
1916,"Probability - Practical Examples (Crash Course, LinkedIn Learning)",Statistics & Math,probability practical examples statistics & math,Intermediate,12,4.3,Mr. T. Singh,"Learn Probability through a practical examples focused course, covering key concepts in Statistics & Math.",25815,499,Hindi,"trending, industry-recognized",[685]
1917,"Database Optimization - Performance Tuning (Live Cohort, Udemy)",Databases,database optimization performance tuning databases,Advanced,30,3.6,Ms. K. Verma,"Learn Database Optimization through a performance tuning focused course, covering key concepts in Databases.",31450,0,Spanish,"hands-on, job-ready, mentor-support","[583, 1199]"
1918,"Database Optimization - Performance Tuning (Crash Course, DataCamp)",Databases,database optimization performance tuning databases,Beginner,6,3.8,Ms. K. Verma,"Learn Database Optimization through a performance tuning focused course, covering key concepts in Databases.",35606,1499,English,"mentor-support, project-based, trending",[]
1919,"Agile Methodology - Best Practices (Self-Paced, Pluralsight)",Career Skills,agile methodology best practices career skills,Intermediate,25,4.5,Mr. S. Gupta,"Learn Agile Methodology through a best practices focused course, covering key concepts in Career Skills.",44137,0,English + Hindi Subtitles,"quiz-included, in-demand, trending",[1015]
1920,"Seaborn - Advanced Dashboards (Live Cohort, DataCamp)",Data Visualization,seaborn advanced dashboards data visualization,Advanced,12,3.6,Ms. P. Nair,"Learn Seaborn through a advanced dashboards focused course, covering key concepts in Data Visualization.",14059,2499,Spanish,"job-ready, in-demand",[1873]
1921,"Ruby - Testing and Debugging (Self-Paced, edX)",Programming,ruby testing and debugging programming,Intermediate,25,4.4,Dr. N. Rao,"Learn Ruby through a testing and debugging focused course, covering key concepts in Programming.",14331,1499,Hindi,"mentor-support, industry-recognized, hands-on",[2006]
1922,"Clustering - Practical Implementation (Live Cohort, Pluralsight)",Machine Learning,clustering practical implementation machine learning,Intermediate,15,3.6,Dr. L. Fernandes,"Learn Clustering through a practical implementation focused course, covering key concepts in Machine Learning.",11811,1499,Spanish,"mentor-support, beginner-friendly, in-demand, project-based",[27]
1923,"Serverless Computing - Hands-on Practice (Project-Based, LinkedIn Learning)",Cloud & DevOps,serverless computing hands on practice cloud & devops,Beginner,6,4.9,Ms. K. Verma,"Learn Serverless Computing through a hands-on practice focused course, covering key concepts in Cloud & DevOps.",9958,0,French,"quiz-included, in-demand, hands-on",[]
1924,"Technical Communication - Practical Guide (Live Cohort, LinkedIn Learning)",Career Skills,technical communication practical guide career skills,Intermediate,4,4.2,Prof. J. Mehta,"Learn Technical Communication through a practical guide focused course, covering key concepts in Career Skills.",2583,2999,Spanish,"certificate, quiz-included","[603, 849]"
1925,"Hypothesis Testing - Practical Examples (Self-Paced, Udemy)",Statistics & Math,hypothesis testing practical examples statistics & math,Advanced,4,3.8,Dr. A. Sharma,"Learn Hypothesis Testing through a practical examples focused course, covering key concepts in Statistics & Math.",13729,1499,English + Hindi Subtitles,"in-demand, hands-on, job-ready",[72]
1926,"Data Cleaning - Real World Case Studies (Crash Course, DataCamp)",Data Science,data cleaning real world case studies data science,Intermediate,30,4.2,Ms. K. Verma,"Learn Data Cleaning through a real world case studies focused course, covering key concepts in Data Science.",7654,2999,Hindi,"certificate, trending, industry-recognized, quiz-included",[1304]
1927,"Kubernetes - Introduction (Live Cohort, LinkedIn Learning)",Cloud & DevOps,kubernetes introduction cloud & devops,Beginner,8,4.6,Mr. S. Gupta,"Learn Kubernetes through a introduction focused course, covering key concepts in Cloud & DevOps.",38696,499,French,"in-demand, mentor-support",[]
1928,"Kotlin - Best Practices (Project-Based, DataCamp)",Programming,kotlin best practices programming,Advanced,30,3.7,Dr. A. Sharma,"Learn Kotlin through a best practices focused course, covering key concepts in Programming.",22247,1499,English,"certificate, beginner-friendly, trending","[605, 934]"
1929,"MongoDB - Advanced Techniques (Live Cohort, Pluralsight)",Databases,mongodb advanced techniques databases,Advanced,2,4.8,Dr. L. Fernandes,"Learn MongoDB through a advanced techniques focused course, covering key concepts in Databases.",8402,999,French,"job-ready, in-demand",[545]
1930,"Data Cleaning - Hands-on Project (Self-Paced, LinkedIn Learning)",Data Science,data cleaning hands on project data science,Advanced,10,3.8,Dr. A. Sharma,"Learn Data Cleaning through a hands-on project focused course, covering key concepts in Data Science.",20830,1999,French,"quiz-included, job-ready, trending, mentor-support",[237]
1931,"Big Data Processing - Fundamentals (Project-Based, Pluralsight)",Data Science,big data processing fundamentals data science,Beginner,6,4.8,Ms. K. Verma,"Learn Big Data Processing through a fundamentals focused course, covering key concepts in Data Science.",4222,2999,Hindi,"beginner-friendly, trending",[]
1932,"Google Cloud - Advanced Configuration (Crash Course, edX)",Cloud & DevOps,google cloud advanced configuration cloud & devops,Advanced,2,4.9,Ms. K. Verma,"Learn Google Cloud through a advanced configuration focused course, covering key concepts in Cloud & DevOps.",27766,4999,English,"project-based, mentor-support, trending","[604, 1470]"
1933,"C++ - Basics (Project-Based, edX)",Programming,c++ basics programming,Beginner,12,4.3,Prof. M. Khan,"Learn C++ through a basics focused course, covering key concepts in Programming.",9151,1999,Spanish,"hands-on, mentor-support, in-demand",[]
1934,"Go - Concurrency (Self-Paced, edX)",Programming,go concurrency programming,Advanced,15,4.8,Dr. N. Rao,"Learn Go through a concurrency focused course, covering key concepts in Programming.",28983,999,English + Hindi Subtitles,"beginner-friendly, quiz-included, job-ready",[1775]
1935,"Go - Design Patterns (Project-Based, edX)",Programming,go design patterns programming,Beginner,20,4.3,Dr. N. Rao,"Learn Go through a design patterns focused course, covering key concepts in Programming.",30904,3999,French,"project-based, hands-on, job-ready, trending",[]
1936,"Bayesian Inference - Practical Examples (Live Cohort, LinkedIn Learning)",Statistics & Math,bayesian inference practical examples statistics & math,Advanced,30,3.9,Prof. M. Khan,"Learn Bayesian Inference through a practical examples focused course, covering key concepts in Statistics & Math.",31512,3999,Spanish,"mentor-support, certificate",[1600]
1937,"AWS - Fundamentals (Crash Course, LinkedIn Learning)",Cloud & DevOps,aws fundamentals cloud & devops,Beginner,6,4.9,Dr. L. Fernandes,"Learn AWS through a fundamentals focused course, covering key concepts in Cloud & DevOps.",32926,3999,Hindi,"project-based, beginner-friendly, mentor-support, in-demand",[]
1938,"Serverless Computing - Best Practices (Project-Based, edX)",Cloud & DevOps,serverless computing best practices cloud & devops,Beginner,30,3.7,Ms. K. Verma,"Learn Serverless Computing through a best practices focused course, covering key concepts in Cloud & DevOps.",26433,499,Spanish,"certificate, job-ready, hands-on",[]
1939,"Database Optimization - Basics (Crash Course, LinkedIn Learning)",Databases,database optimization basics databases,Beginner,2,4.0,Mr. T. Singh,"Learn Database Optimization through a basics focused course, covering key concepts in Databases.",5034,4999,Spanish,"quiz-included, mentor-support",[]
1940,"Data Wrangling - Practical Applications (Crash Course, Udemy)",Data Science,data wrangling practical applications data science,Advanced,15,4.3,Dr. A. Sharma,"Learn Data Wrangling through a practical applications focused course, covering key concepts in Data Science.",13340,499,Spanish,"project-based, job-ready, quiz-included","[84, 2051]"
1941,"Plotly - Advanced Dashboards (Crash Course, DataCamp)",Data Visualization,plotly advanced dashboards data visualization,Advanced,4,3.7,Prof. J. Mehta,"Learn Plotly through a advanced dashboards focused course, covering key concepts in Data Visualization.",34470,1499,English,"project-based, beginner-friendly",[2081]
1942,"Excel Visualization - Best Practices (Live Cohort, DataCamp)",Data Visualization,excel visualization best practices data visualization,Advanced,12,3.9,Prof. M. Khan,"Learn Excel Visualization through a best practices focused course, covering key concepts in Data Visualization.",44206,1999,English,"hands-on, certificate, trending",[1900]
1943,"Data Storytelling - Best Practices (Crash Course, Pluralsight)",Data Visualization,data storytelling best practices data visualization,Advanced,25,4.5,Dr. L. Fernandes,"Learn Data Storytelling through a best practices focused course, covering key concepts in Data Visualization.",1442,4999,Spanish,"certificate, job-ready",[442]
1944,"JavaScript - Data Structures (Live Cohort, Udemy)",Programming,javascript data structures programming,Beginner,25,4.7,Ms. P. Nair,"Learn JavaScript through a data structures focused course, covering key concepts in Programming.",31993,499,English + Hindi Subtitles,"hands-on, job-ready",[]
1945,"Pandas - Intermediate Techniques (Project-Based, Coursera)",Data Science,pandas intermediate techniques data science,Intermediate,4,4.6,Dr. A. Sharma,"Learn Pandas through a intermediate techniques focused course, covering key concepts in Data Science.",31036,1999,English,"industry-recognized, in-demand, mentor-support",[1474]
1946,"Classification - Fundamentals (Live Cohort, LinkedIn Learning)",Machine Learning,classification fundamentals machine learning,Beginner,25,4.4,Mr. T. Singh,"Learn Classification through a fundamentals focused course, covering key concepts in Machine Learning.",39281,2999,Spanish,"beginner-friendly, project-based, mentor-support, hands-on",[]
1947,"Regression - Practical Implementation (Self-Paced, DataCamp)",Machine Learning,regression practical implementation machine learning,Advanced,2,4.0,Prof. R. Iyer,"Learn Regression through a practical implementation focused course, covering key concepts in Machine Learning.",6152,0,French,"hands-on, job-ready",[1280]
1948,"C++ - Algorithms (Project-Based, DataCamp)",Programming,c++ algorithms programming,Beginner,4,4.2,Prof. M. Khan,"Learn C++ through a algorithms focused course, covering key concepts in Programming.",1990,999,English,"hands-on, beginner-friendly, quiz-included",[]
1949,"D3.js - Advanced Dashboards (Self-Paced, Pluralsight)",Data Visualization,d3.js advanced dashboards data visualization,Advanced,10,4.3,Ms. K. Verma,"Learn D3.js through a advanced dashboards focused course, covering key concepts in Data Visualization.",45112,1499,French,"hands-on, certificate",[128]
1950,"Redis - Intermediate Queries (Self-Paced, Coursera)",Databases,redis intermediate queries databases,Beginner,6,4.4,Mr. T. Singh,"Learn Redis through a intermediate queries focused course, covering key concepts in Databases.",24036,3999,English + Hindi Subtitles,"job-ready, quiz-included, industry-recognized, mentor-support",[]
1951,"Transformers - Research Perspectives (Project-Based, Udemy)",Deep Learning,transformers research perspectives deep learning,Advanced,15,4.0,Mr. T. Singh,"Learn Transformers through a research perspectives focused course, covering key concepts in Deep Learning.",49181,1999,English + Hindi Subtitles,"quiz-included, beginner-friendly","[101, 1252]"
1952,"Explainable AI - Case Studies (Project-Based, Pluralsight)",AI Specialized,explainable ai case studies ai specialized,Intermediate,30,4.6,Dr. N. Rao,"Learn Explainable AI through a case studies focused course, covering key concepts in AI Specialized.",43990,999,English,"certificate, mentor-support, project-based","[178, 2017]"
1953,"Transformers - Foundations (Self-Paced, Udemy)",Deep Learning,transformers foundations deep learning,Beginner,12,4.7,Mr. S. Gupta,"Learn Transformers through a foundations focused course, covering key concepts in Deep Learning.",29038,1999,English,"quiz-included, certificate, industry-recognized, trending",[]
1954,"Data Warehousing - Performance Tuning (Self-Paced, LinkedIn Learning)",Databases,data warehousing performance tuning databases,Intermediate,30,4.7,Mr. T. Singh,"Learn Data Warehousing through a performance tuning focused course, covering key concepts in Databases.",27920,2999,French,"in-demand, job-ready, mentor-support, project-based",[59]
1955,"Rust - Advanced Concepts (Live Cohort, Udemy)",Programming,rust advanced concepts programming,Advanced,15,4.7,Dr. A. Sharma,"Learn Rust through a advanced concepts focused course, covering key concepts in Programming.",34896,2499,English + Hindi Subtitles,"certificate, job-ready, project-based",[2048]
1956,"Reinforcement Learning - Research Perspectives (Self-Paced, DataCamp)",Deep Learning,reinforcement learning research perspectives deep learning,Advanced,2,4.7,Dr. L. Fernandes,"Learn Reinforcement Learning through a research perspectives focused course, covering key concepts in Deep Learning.",19697,2999,French,"certificate, project-based, trending, job-ready",[751]
1957,"Discrete Mathematics - Fundamentals (Self-Paced, LinkedIn Learning)",Statistics & Math,discrete mathematics fundamentals statistics & math,Beginner,30,3.6,Dr. A. Sharma,"Learn Discrete Mathematics through a fundamentals focused course, covering key concepts in Statistics & Math.",14006,2499,French,"beginner-friendly, project-based, hands-on",[]
1958,"Statistical Analysis - Best Practices (Self-Paced, Coursera)",Data Science,statistical analysis best practices data science,Advanced,12,4.2,Dr. N. Rao,"Learn Statistical Analysis through a best practices focused course, covering key concepts in Data Science.",21822,0,French,"in-demand, trending, mentor-support, certificate",[1753]
1959,"Database Design - Advanced Techniques (Self-Paced, LinkedIn Learning)",Databases,database design advanced techniques databases,Advanced,10,4.1,Mr. S. Gupta,"Learn Database Design through a advanced techniques focused course, covering key concepts in Databases.",20947,999,Spanish,"in-demand, certificate, trending, hands-on",[511]
1960,"Excel Visualization - Real World Projects (Project-Based, Udemy)",Data Visualization,excel visualization real world projects data visualization,Beginner,2,4.9,Dr. L. Fernandes,"Learn Excel Visualization through a real world projects focused course, covering key concepts in Data Visualization.",24525,499,French,"mentor-support, in-demand, quiz-included",[]
1961,"C++ - Design Patterns (Live Cohort, Pluralsight)",Programming,c++ design patterns programming,Advanced,8,4.7,Prof. R. Iyer,"Learn C++ through a design patterns focused course, covering key concepts in Programming.",16059,2499,French,"certificate, trending, industry-recognized","[39, 677]"
1962,"Chatbot Development - Hands-on Project (Self-Paced, Pluralsight)",AI Specialized,chatbot development hands on project ai specialized,Beginner,20,4.6,Mr. S. Gupta,"Learn Chatbot Development through a hands-on project focused course, covering key concepts in AI Specialized.",42803,1999,French,"hands-on, beginner-friendly",[]
1963,"Reinforcement Learning - Foundations (Self-Paced, Udemy)",Deep Learning,reinforcement learning foundations deep learning,Beginner,15,3.9,Prof. M. Khan,"Learn Reinforcement Learning through a foundations focused course, covering key concepts in Deep Learning.",40533,3999,Hindi,"quiz-included, in-demand",[]
1964,"Interview Preparation - Best Practices (Project-Based, Coursera)",Career Skills,interview preparation best practices career skills,Intermediate,25,4.7,Prof. J. Mehta,"Learn Interview Preparation through a best practices focused course, covering key concepts in Career Skills.",34034,3999,French,"in-demand, beginner-friendly","[1493, 1509]"
1965,"Resume Building - Real World Scenarios (Self-Paced, edX)",Career Skills,resume building real world scenarios career skills,Beginner,10,4.2,Dr. N. Rao,"Learn Resume Building through a real world scenarios focused course, covering key concepts in Career Skills.",40051,4999,English + Hindi Subtitles,"project-based, mentor-support, hands-on",[]
1966,"Go - Functional Programming (Project-Based, Udemy)",Programming,go functional programming programming,Intermediate,6,4.4,Mr. T. Singh,"Learn Go through a functional programming focused course, covering key concepts in Programming.",6945,3999,French,"job-ready, beginner-friendly, certificate","[1050, 1871]"
1967,"Flask - Full Stack Development (Project-Based, Coursera)",Web Development,flask full stack development web development,Intermediate,15,3.6,Ms. K. Verma,"Learn Flask through a full stack development focused course, covering key concepts in Web Development.",32854,2499,French,"project-based, quiz-included",[1895]
1968,"Optimization - Intermediate Concepts (Crash Course, Udemy)",Statistics & Math,optimization intermediate concepts statistics & math,Beginner,30,4.7,Ms. K. Verma,"Learn Optimization through a intermediate concepts focused course, covering key concepts in Statistics & Math.",27925,3999,Spanish,"trending, in-demand, job-ready, project-based",[]
1969,"JavaScript - Object Oriented Programming (Self-Paced, edX)",Programming,javascript object oriented programming programming,Advanced,25,4.2,Mr. T. Singh,"Learn JavaScript through a object oriented programming focused course, covering key concepts in Programming.",21819,1999,English + Hindi Subtitles,"trending, project-based, job-ready",[142]
1970,"Redis - Basics (Self-Paced, LinkedIn Learning)",Databases,redis basics databases,Beginner,10,4.9,Mr. S. Gupta,"Learn Redis through a basics focused course, covering key concepts in Databases.",18345,0,English,"beginner-friendly, industry-recognized, mentor-support, hands-on",[]
1971,"Data Wrangling - Real World Case Studies (Self-Paced, Udemy)",Data Science,data wrangling real world case studies data science,Advanced,12,4.9,Ms. P. Nair,"Learn Data Wrangling through a real world case studies focused course, covering key concepts in Data Science.",12077,3999,English + Hindi Subtitles,"certificate, industry-recognized, project-based, trending",[1688]
1972,"Google Cloud - Best Practices (Self-Paced, Udemy)",Cloud & DevOps,google cloud best practices cloud & devops,Beginner,25,4.4,Prof. R. Iyer,"Learn Google Cloud through a best practices focused course, covering key concepts in Cloud & DevOps.",10189,1999,French,"project-based, job-ready, industry-recognized",[]
1973,"Prompt Engineering - Hands-on Project (Project-Based, Coursera)",AI Specialized,prompt engineering hands on project ai specialized,Intermediate,12,4.1,Prof. R. Iyer,"Learn Prompt Engineering through a hands-on project focused course, covering key concepts in AI Specialized.",23752,2999,French,"beginner-friendly, in-demand, industry-recognized","[321, 1555]"
1974,"Big Data Processing - Intermediate Techniques (Project-Based, Coursera)",Data Science,big data processing intermediate techniques data science,Beginner,20,3.5,Ms. P. Nair,"Learn Big Data Processing through a intermediate techniques focused course, covering key concepts in Data Science.",22123,1999,French,"quiz-included, industry-recognized",[]
1975,"Time Series Analysis - Practical Examples (Project-Based, DataCamp)",Statistics & Math,time series analysis practical examples statistics & math,Beginner,15,3.6,Ms. K. Verma,"Learn Time Series Analysis through a practical examples focused course, covering key concepts in Statistics & Math.",29609,1999,Hindi,"hands-on, industry-recognized",[]
1976,"Freelancing - Practical Guide (Crash Course, Coursera)",Career Skills,freelancing practical guide career skills,Intermediate,6,4.7,Mr. T. Singh,"Learn Freelancing through a practical guide focused course, covering key concepts in Career Skills.",4567,4999,Spanish,"beginner-friendly, project-based, trending, industry-recognized","[805, 1144]"
1977,"Model Evaluation - Real World Case Studies (Crash Course, edX)",Machine Learning,model evaluation real world case studies machine learning,Intermediate,15,3.8,Prof. R. Iyer,"Learn Model Evaluation through a real world case studies focused course, covering key concepts in Machine Learning.",7040,999,English,"trending, hands-on",[255]
1978,"Supervised Learning - Fundamentals (Self-Paced, Coursera)",Machine Learning,supervised learning fundamentals machine learning,Beginner,20,4.3,Ms. K. Verma,"Learn Supervised Learning through a fundamentals focused course, covering key concepts in Machine Learning.",36692,3999,French,"mentor-support, in-demand",[]
1979,"Time Series Analysis - Advanced Theory (Live Cohort, LinkedIn Learning)",Statistics & Math,time series analysis advanced theory statistics & math,Advanced,12,4.5,Dr. N. Rao,"Learn Time Series Analysis through a advanced theory focused course, covering key concepts in Statistics & Math.",22872,4999,English + Hindi Subtitles,"mentor-support, in-demand, industry-recognized, beginner-friendly",[1407]
1980,"Transformers - Research Perspectives (Live Cohort, Coursera)",Deep Learning,transformers research perspectives deep learning,Advanced,12,4.6,Dr. N. Rao,"Learn Transformers through a research perspectives focused course, covering key concepts in Deep Learning.",5386,4999,English,"trending, in-demand",[1780]
1981,"Chatbot Development - Fundamentals (Project-Based, Udemy)",AI Specialized,chatbot development fundamentals ai specialized,Beginner,6,4.0,Prof. R. Iyer,"Learn Chatbot Development through a fundamentals focused course, covering key concepts in AI Specialized.",11379,4999,French,"mentor-support, hands-on, quiz-included",[]
1982,"Chatbot Development - Hands-on Project (Project-Based, Udemy)",AI Specialized,chatbot development hands on project ai specialized,Advanced,10,4.1,Prof. J. Mehta,"Learn Chatbot Development through a hands-on project focused course, covering key concepts in AI Specialized.",34620,1999,Hindi,"trending, beginner-friendly, project-based, industry-recognized",[1385]
1983,"CI CD - Production Deployment (Self-Paced, Pluralsight)",Cloud & DevOps,ci cd production deployment cloud & devops,Beginner,12,3.7,Mr. S. Gupta,"Learn CI CD through a production deployment focused course, covering key concepts in Cloud & DevOps.",5343,1499,Hindi,"trending, in-demand, job-ready, hands-on",[]
1984,"Data Wrangling - Best Practices (Live Cohort, LinkedIn Learning)",Data Science,data wrangling best practices data science,Advanced,6,3.8,Ms. K. Verma,"Learn Data Wrangling through a best practices focused course, covering key concepts in Data Science.",1249,1499,Spanish,"trending, mentor-support, project-based",[1236]
1985,"Big Data Processing - Industry Applications (Crash Course, DataCamp)",Data Science,big data processing industry applications data science,Beginner,20,4.9,Mr. T. Singh,"Learn Big Data Processing through a industry applications focused course, covering key concepts in Data Science.",35876,2999,Hindi,"trending, quiz-included, beginner-friendly",[]
1986,"SQL - Advanced Techniques (Live Cohort, edX)",Databases,sql advanced techniques databases,Advanced,6,4.3,Ms. P. Nair,"Learn SQL through a advanced techniques focused course, covering key concepts in Databases.",2054,1499,Hindi,"trending, job-ready",[583]
1987,"Ruby - Advanced Concepts (Self-Paced, Coursera)",Programming,ruby advanced concepts programming,Advanced,25,3.8,Dr. N. Rao,"Learn Ruby through a advanced concepts focused course, covering key concepts in Programming.",28830,499,English,"beginner-friendly, trending, industry-recognized","[601, 1451]"
1988,"Time Series Analysis - Advanced Theory (Live Cohort, DataCamp)",Statistics & Math,time series analysis advanced theory statistics & math,Advanced,10,4.5,Prof. M. Khan,"Learn Time Series Analysis through a advanced theory focused course, covering key concepts in Statistics & Math.",49589,2499,Spanish,"quiz-included, mentor-support",[1600]
1989,"CNN - Fundamentals (Project-Based, LinkedIn Learning)",Deep Learning,cnn fundamentals deep learning,Beginner,6,3.8,Ms. K. Verma,"Learn CNN through a fundamentals focused course, covering key concepts in Deep Learning.",29832,3999,English,"project-based, quiz-included",[]
1990,"REST API - Deployment Strategies (Self-Paced, DataCamp)",Web Development,rest api deployment strategies web development,Beginner,12,4.3,Prof. J. Mehta,"Learn REST API through a deployment strategies focused course, covering key concepts in Web Development.",30939,1499,English,"job-ready, industry-recognized",[]
1991,"Reinforcement Learning - Fundamentals (Self-Paced, LinkedIn Learning)",Deep Learning,reinforcement learning fundamentals deep learning,Beginner,6,3.8,Prof. M. Khan,"Learn Reinforcement Learning through a fundamentals focused course, covering key concepts in Deep Learning.",29520,0,English + Hindi Subtitles,"beginner-friendly, project-based, hands-on, mentor-support",[]
1992,"TypeScript - Object Oriented Programming (Self-Paced, LinkedIn Learning)",Programming,typescript object oriented programming programming,Advanced,6,4.0,Prof. M. Khan,"Learn TypeScript through a object oriented programming focused course, covering key concepts in Programming.",19178,2999,French,"industry-recognized, job-ready, trending, quiz-included","[1349, 1855]"
1993,"Agile Methodology - Fundamentals (Project-Based, Udemy)",Career Skills,agile methodology fundamentals career skills,Beginner,2,3.9,Prof. R. Iyer,"Learn Agile Methodology through a fundamentals focused course, covering key concepts in Career Skills.",27384,3999,French,"certificate, quiz-included, mentor-support, trending",[]
1994,"Speech Recognition - Hands-on Project (Self-Paced, Coursera)",AI Specialized,speech recognition hands on project ai specialized,Intermediate,15,4.8,Mr. T. Singh,"Learn Speech Recognition through a hands-on project focused course, covering key concepts in AI Specialized.",15409,4999,Spanish,"mentor-support, hands-on, project-based","[263, 1878]"
1995,"Linear Algebra - Advanced Theory (Crash Course, Pluralsight)",Statistics & Math,linear algebra advanced theory statistics & math,Advanced,25,4.5,Dr. N. Rao,"Learn Linear Algebra through a advanced theory focused course, covering key concepts in Statistics & Math.",49048,2999,Spanish,"industry-recognized, in-demand, beginner-friendly, quiz-included",[685]
1996,"Unsupervised Learning - Hands-on Project (Live Cohort, Udemy)",Machine Learning,unsupervised learning hands on project machine learning,Beginner,30,4.8,Ms. K. Verma,"Learn Unsupervised Learning through a hands-on project focused course, covering key concepts in Machine Learning.",18724,4999,French,"quiz-included, trending, job-ready",[]
1997,"Tableau - Basics (Self-Paced, Coursera)",Data Visualization,tableau basics data visualization,Beginner,20,3.5,Ms. P. Nair,"Learn Tableau through a basics focused course, covering key concepts in Data Visualization.",10745,1499,French,"quiz-included, project-based, beginner-friendly",[]
1998,"Kotlin - Concurrency (Live Cohort, Pluralsight)",Programming,kotlin concurrency programming,Intermediate,10,3.5,Ms. P. Nair,"Learn Kotlin through a concurrency focused course, covering key concepts in Programming.",1724,4999,French,"industry-recognized, hands-on, certificate",[684]
1999,"Classification - Practical Implementation (Project-Based, Pluralsight)",Machine Learning,classification practical implementation machine learning,Beginner,2,3.8,Mr. S. Gupta,"Learn Classification through a practical implementation focused course, covering key concepts in Machine Learning.",37893,4999,English,"certificate, industry-recognized, job-ready, hands-on",[]
2000,"Node.js - Full Stack Development (Live Cohort, LinkedIn Learning)",Web Development,node.js full stack development web development,Intermediate,6,4.3,Mr. S. Gupta,"Learn Node.js through a full stack development focused course, covering key concepts in Web Development.",23471,2999,French,"hands-on, quiz-included, certificate, in-demand",[916]
2001,"Probability - Advanced Theory (Live Cohort, Udemy)",Statistics & Math,probability advanced theory statistics & math,Advanced,2,4.9,Prof. M. Khan,"Learn Probability through a advanced theory focused course, covering key concepts in Statistics & Math.",14466,1499,Spanish,"industry-recognized, quiz-included, mentor-support",[1657]
2002,"Google Cloud - Introduction (Project-Based, Coursera)",Cloud & DevOps,google cloud introduction cloud & devops,Beginner,20,3.5,Mr. T. Singh,"Learn Google Cloud through a introduction focused course, covering key concepts in Cloud & DevOps.",32328,999,French,"certificate, quiz-included, mentor-support",[]
2003,"Natural Language Processing - Hands-on Project (Self-Paced, Coursera)",AI Specialized,natural language processing hands on project ai specialized,Intermediate,30,4.1,Prof. J. Mehta,"Learn Natural Language Processing through a hands-on project focused course, covering key concepts in AI Specialized.",24273,3999,French,"project-based, quiz-included, job-ready, beginner-friendly",[1849]
2004,"TypeScript - Testing and Debugging (Self-Paced, Udemy)",Programming,typescript testing and debugging programming,Advanced,12,4.4,Prof. M. Khan,"Learn TypeScript through a testing and debugging focused course, covering key concepts in Programming.",24257,0,English + Hindi Subtitles,"industry-recognized, mentor-support, beginner-friendly","[1043, 1498]"
2005,"Data Wrangling - Advanced Methods (Crash Course, Udemy)",Data Science,data wrangling advanced methods data science,Advanced,4,4.2,Dr. N. Rao,"Learn Data Wrangling through a advanced methods focused course, covering key concepts in Data Science.",33831,2499,English + Hindi Subtitles,"trending, industry-recognized",[1842]
2006,"Python - Basics (Live Cohort, Pluralsight)",Programming,python basics programming,Beginner,30,4.0,Ms. K. Verma,"Learn Python through a basics focused course, covering key concepts in Programming.",45348,2499,Hindi,"quiz-included, beginner-friendly, hands-on, industry-recognized",[]
2007,"NumPy - Hands-on Project (Live Cohort, Coursera)",Data Science,numpy hands on project data science,Advanced,25,4.5,Dr. L. Fernandes,"Learn NumPy through a hands-on project focused course, covering key concepts in Data Science.",10899,499,Spanish,"quiz-included, certificate, trending, project-based","[1688, 1915]"
2008,"Java - Advanced Concepts (Crash Course, DataCamp)",Programming,java advanced concepts programming,Advanced,6,3.6,Prof. M. Khan,"Learn Java through a advanced concepts focused course, covering key concepts in Programming.",32356,1999,English + Hindi Subtitles,"beginner-friendly, hands-on, industry-recognized","[323, 684]"
2009,"PostgreSQL - Real World Projects (Project-Based, LinkedIn Learning)",Databases,postgresql real world projects databases,Beginner,6,4.2,Ms. P. Nair,"Learn PostgreSQL through a real world projects focused course, covering key concepts in Databases.",40976,1999,Spanish,"hands-on, trending",[]
2010,"Python - Object Oriented Programming (Crash Course, edX)",Programming,python object oriented programming programming,Advanced,25,3.7,Dr. A. Sharma,"Learn Python through a object oriented programming focused course, covering key concepts in Programming.",12506,2499,Hindi,"certificate, beginner-friendly",[79]
2011,"Kubernetes - Production Deployment (Self-Paced, Pluralsight)",Cloud & DevOps,kubernetes production deployment cloud & devops,Advanced,10,4.8,Dr. N. Rao,"Learn Kubernetes through a production deployment focused course, covering key concepts in Cloud & DevOps.",779,999,French,"mentor-support, industry-recognized",[1276]
2012,"Regression Analysis - Applied Techniques (Project-Based, Coursera)",Statistics & Math,regression analysis applied techniques statistics & math,Intermediate,2,4.4,Prof. R. Iyer,"Learn Regression Analysis through a applied techniques focused course, covering key concepts in Statistics & Math.",11686,499,French,"quiz-included, beginner-friendly",[1702]
2013,"GraphQL - Building Projects (Live Cohort, Pluralsight)",Web Development,graphql building projects web development,Intermediate,20,4.4,Prof. J. Mehta,"Learn GraphQL through a building projects focused course, covering key concepts in Web Development.",37386,0,English,"job-ready, project-based, certificate",[1120]
2014,"Time Series Analysis - Fundamentals (Live Cohort, Udemy)",Statistics & Math,time series analysis fundamentals statistics & math,Beginner,6,4.7,Mr. S. Gupta,"Learn Time Series Analysis through a fundamentals focused course, covering key concepts in Statistics & Math.",10233,2499,English + Hindi Subtitles,"hands-on, certificate, trending",[]
2015,"Autoencoders - Fundamentals (Crash Course, Udemy)",Deep Learning,autoencoders fundamentals deep learning,Beginner,4,3.8,Dr. N. Rao,"Learn Autoencoders through a fundamentals focused course, covering key concepts in Deep Learning.",48713,1499,English + Hindi Subtitles,"quiz-included, job-ready, certificate, trending",[]
2016,"Regression - Real World Case Studies (Live Cohort, DataCamp)",Machine Learning,regression real world case studies machine learning,Beginner,30,4.7,Prof. J. Mehta,"Learn Regression through a real world case studies focused course, covering key concepts in Machine Learning.",28488,999,Spanish,"trending, mentor-support, certificate",[]
2017,"Explainable AI - Hands-on Project (Live Cohort, DataCamp)",AI Specialized,explainable ai hands on project ai specialized,Beginner,20,3.9,Ms. K. Verma,"Learn Explainable AI through a hands-on project focused course, covering key concepts in AI Specialized.",7750,499,Hindi,"beginner-friendly, certificate",[]
2018,"Supervised Learning - Hands-on Project (Crash Course, LinkedIn Learning)",Machine Learning,supervised learning hands on project machine learning,Advanced,8,4.3,Mr. S. Gupta,"Learn Supervised Learning through a hands-on project focused course, covering key concepts in Machine Learning.",2734,499,English + Hindi Subtitles,"project-based, trending, hands-on, certificate","[1233, 1472]"
2019,"Exploratory Data Analysis - Industry Applications (Live Cohort, Coursera)",Data Science,exploratory data analysis industry applications data science,Advanced,25,4.9,Dr. A. Sharma,"Learn Exploratory Data Analysis through a industry applications focused course, covering key concepts in Data Science.",36591,4999,French,"certificate, mentor-support, trending, beginner-friendly","[509, 1180]"
2020,"Angular - Advanced Patterns (Live Cohort, Coursera)",Web Development,angular advanced patterns web development,Advanced,6,3.8,Prof. J. Mehta,"Learn Angular through a advanced patterns focused course, covering key concepts in Web Development.",7207,0,French,"certificate, industry-recognized",[463]
2021,"Calculus - Applied Techniques (Project-Based, LinkedIn Learning)",Statistics & Math,calculus applied techniques statistics & math,Beginner,12,4.1,Dr. L. Fernandes,"Learn Calculus through a applied techniques focused course, covering key concepts in Statistics & Math.",47798,1499,English,"beginner-friendly, industry-recognized, mentor-support",[]
2022,"Discrete Mathematics - Fundamentals (Self-Paced, Pluralsight)",Statistics & Math,discrete mathematics fundamentals statistics & math,Beginner,15,4.2,Dr. N. Rao,"Learn Discrete Mathematics through a fundamentals focused course, covering key concepts in Statistics & Math.",46780,499,Spanish,"hands-on, industry-recognized",[]
2023,"Model Evaluation - Optimization Strategies (Project-Based, Coursera)",Machine Learning,model evaluation optimization strategies machine learning,Advanced,25,4.9,Prof. R. Iyer,"Learn Model Evaluation through a optimization strategies focused course, covering key concepts in Machine Learning.",40676,499,French,"project-based, hands-on, quiz-included","[266, 287]"
2024,"Transformers - Practical Applications (Live Cohort, Pluralsight)",Deep Learning,transformers practical applications deep learning,Beginner,4,3.9,Mr. S. Gupta,"Learn Transformers through a practical applications focused course, covering key concepts in Deep Learning.",10562,0,Hindi,"project-based, quiz-included, mentor-support",[]
2025,"RNN - Fundamentals (Project-Based, edX)",Deep Learning,rnn fundamentals deep learning,Beginner,2,4.9,Prof. R. Iyer,"Learn RNN through a fundamentals focused course, covering key concepts in Deep Learning.",16933,4999,Spanish,"quiz-included, hands-on, job-ready",[]
2026,"Public Speaking - Practical Guide (Crash Course, Udemy)",Career Skills,public speaking practical guide career skills,Intermediate,12,4.6,Ms. K. Verma,"Learn Public Speaking through a practical guide focused course, covering key concepts in Career Skills.",23618,3999,Hindi,"certificate, mentor-support",[1626]
2027,"AutoML - Optimization Strategies (Crash Course, edX)",Machine Learning,automl optimization strategies machine learning,Advanced,8,3.7,Dr. A. Sharma,"Learn AutoML through a optimization strategies focused course, covering key concepts in Machine Learning.",12984,3999,French,"certificate, in-demand, hands-on, beginner-friendly",[737]
2028,"Discrete Mathematics - Fundamentals (Crash Course, Udemy)",Statistics & Math,discrete mathematics fundamentals statistics & math,Beginner,20,5.0,Dr. A. Sharma,"Learn Discrete Mathematics through a fundamentals focused course, covering key concepts in Statistics & Math.",12468,2999,Hindi,"mentor-support, in-demand",[]
2029,"C++ - Algorithms (Live Cohort, LinkedIn Learning)",Programming,c++ algorithms programming,Intermediate,2,3.5,Prof. J. Mehta,"Learn C++ through a algorithms focused course, covering key concepts in Programming.",39965,1999,Spanish,"mentor-support, in-demand, industry-recognized, trending","[564, 1025]"
2030,"Optimization - Advanced Theory (Crash Course, edX)",Statistics & Math,optimization advanced theory statistics & math,Advanced,6,5.0,Mr. S. Gupta,"Learn Optimization through a advanced theory focused course, covering key concepts in Statistics & Math.",14449,3999,English,"job-ready, certificate",[1812]
2031,"Hyperparameter Tuning - Practical Implementation (Live Cohort, Pluralsight)",Machine Learning,hyperparameter tuning practical implementation machine learning,Advanced,12,4.3,Dr. A. Sharma,"Learn Hyperparameter Tuning through a practical implementation focused course, covering key concepts in Machine Learning.",1881,3999,English,"hands-on, trending, mentor-support","[688, 1020]"
2032,"Agile Methodology - Real World Scenarios (Project-Based, LinkedIn Learning)",Career Skills,agile methodology real world scenarios career skills,Beginner,8,3.8,Dr. N. Rao,"Learn Agile Methodology through a real world scenarios focused course, covering key concepts in Career Skills.",14272,0,Spanish,"trending, job-ready, project-based",[]
2033,"Seaborn - Advanced Dashboards (Live Cohort, edX)",Data Visualization,seaborn advanced dashboards data visualization,Advanced,25,4.5,Dr. L. Fernandes,"Learn Seaborn through a advanced dashboards focused course, covering key concepts in Data Visualization.",12778,999,Hindi,"quiz-included, hands-on, job-ready","[1161, 2062]"
2034,"Linear Algebra - Practical Examples (Project-Based, edX)",Statistics & Math,linear algebra practical examples statistics & math,Beginner,6,4.3,Prof. M. Khan,"Learn Linear Algebra through a practical examples focused course, covering key concepts in Statistics & Math.",35653,999,English + Hindi Subtitles,"quiz-included, project-based, in-demand, beginner-friendly",[]
2035,"Plotly - Intermediate Techniques (Live Cohort, LinkedIn Learning)",Data Visualization,plotly intermediate techniques data visualization,Beginner,8,4.4,Prof. R. Iyer,"Learn Plotly through a intermediate techniques focused course, covering key concepts in Data Visualization.",37905,2999,English,"project-based, trending",[]
2036,"Clustering - Practical Implementation (Self-Paced, DataCamp)",Machine Learning,clustering practical implementation machine learning,Beginner,8,4.1,Dr. L. Fernandes,"Learn Clustering through a practical implementation focused course, covering key concepts in Machine Learning.",36902,1499,French,"job-ready, industry-recognized, mentor-support, project-based",[]
2037,"Feature Engineering - Advanced Techniques (Crash Course, Pluralsight)",Machine Learning,feature engineering advanced techniques machine learning,Advanced,8,3.7,Mr. S. Gupta,"Learn Feature Engineering through a advanced techniques focused course, covering key concepts in Machine Learning.",35007,0,English,"industry-recognized, mentor-support, project-based",[625]
2038,"Interactive Charts - Best Practices (Self-Paced, DataCamp)",Data Visualization,interactive charts best practices data visualization,Intermediate,12,4.3,Ms. P. Nair,"Learn Interactive Charts through a best practices focused course, covering key concepts in Data Visualization.",27746,1999,French,"job-ready, project-based, certificate","[824, 1344]"
2039,"Transformers - Advanced Architectures (Project-Based, Pluralsight)",Deep Learning,transformers advanced architectures deep learning,Advanced,8,4.2,Prof. R. Iyer,"Learn Transformers through a advanced architectures focused course, covering key concepts in Deep Learning.",8687,0,Spanish,"certificate, job-ready",[2015]
2040,"Plotly - Intermediate Techniques (Self-Paced, Coursera)",Data Visualization,plotly intermediate techniques data visualization,Intermediate,12,4.8,Prof. J. Mehta,"Learn Plotly through a intermediate techniques focused course, covering key concepts in Data Visualization.",29134,3999,Spanish,"certificate, project-based",[637]
2041,"Reinforcement Learning - Research Perspectives (Self-Paced, edX)",Deep Learning,reinforcement learning research perspectives deep learning,Advanced,25,4.0,Dr. L. Fernandes,"Learn Reinforcement Learning through a research perspectives focused course, covering key concepts in Deep Learning.",6928,499,English + Hindi Subtitles,"certificate, quiz-included, job-ready",[770]
2042,"Team Collaboration - Fundamentals (Self-Paced, LinkedIn Learning)",Career Skills,team collaboration fundamentals career skills,Beginner,6,4.3,Dr. N. Rao,"Learn Team Collaboration through a fundamentals focused course, covering key concepts in Career Skills.",46768,1499,Spanish,"certificate, mentor-support",[]
2043,"Data Cleaning - Advanced Methods (Self-Paced, Coursera)",Data Science,data cleaning advanced methods data science,Advanced,15,3.7,Dr. N. Rao,"Learn Data Cleaning through a advanced methods focused course, covering key concepts in Data Science.",25493,0,Hindi,"certificate, in-demand, beginner-friendly",[141]
2044,"Data Cleaning - Advanced Methods (Live Cohort, Udemy)",Data Science,data cleaning advanced methods data science,Advanced,2,4.7,Prof. M. Khan,"Learn Data Cleaning through a advanced methods focused course, covering key concepts in Data Science.",22418,1999,Spanish,"project-based, beginner-friendly, mentor-support","[80, 571]"
2045,"C++ - Best Practices (Live Cohort, LinkedIn Learning)",Programming,c++ best practices programming,Advanced,8,4.1,Dr. N. Rao,"Learn C++ through a best practices focused course, covering key concepts in Programming.",15319,3999,Spanish,"project-based, hands-on","[515, 758]"
2046,"Neural Networks - Practical Applications (Crash Course, Udemy)",Deep Learning,neural networks practical applications deep learning,Beginner,10,4.8,Dr. N. Rao,"Learn Neural Networks through a practical applications focused course, covering key concepts in Deep Learning.",41561,2499,English + Hindi Subtitles,"in-demand, quiz-included, mentor-support",[]
2047,"Flask - Full Stack Development (Live Cohort, DataCamp)",Web Development,flask full stack development web development,Intermediate,2,3.5,Dr. A. Sharma,"Learn Flask through a full stack development focused course, covering key concepts in Web Development.",5801,499,French,"beginner-friendly, in-demand, job-ready",[463]
2048,"PHP - Testing and Debugging (Self-Paced, DataCamp)",Programming,php testing and debugging programming,Beginner,8,5.0,Ms. P. Nair,"Learn PHP through a testing and debugging focused course, covering key concepts in Programming.",38622,3999,English + Hindi Subtitles,"beginner-friendly, certificate, job-ready, quiz-included",[]
2049,"Technical Communication - Practical Guide (Live Cohort, DataCamp)",Career Skills,technical communication practical guide career skills,Beginner,15,4.7,Mr. S. Gupta,"Learn Technical Communication through a practical guide focused course, covering key concepts in Career Skills.",35216,2499,English,"quiz-included, job-ready, hands-on, mentor-support",[]
2050,"Database Design - Performance Tuning (Self-Paced, Udemy)",Databases,database design performance tuning databases,Advanced,8,3.9,Prof. J. Mehta,"Learn Database Design through a performance tuning focused course, covering key concepts in Databases.",37740,499,Spanish,"quiz-included, hands-on, certificate, trending",[1395]
2051,"Data Cleaning - Hands-on Project (Live Cohort, Pluralsight)",Data Science,data cleaning hands on project data science,Beginner,15,4.7,Dr. N. Rao,"Learn Data Cleaning through a hands-on project focused course, covering key concepts in Data Science.",49539,0,Hindi,"trending, project-based, in-demand",[]
2052,"Terraform - Best Practices (Project-Based, LinkedIn Learning)",Cloud & DevOps,terraform best practices cloud & devops,Beginner,20,4.7,Dr. A. Sharma,"Learn Terraform through a best practices focused course, covering key concepts in Cloud & DevOps.",1172,2999,Hindi,"in-demand, quiz-included, trending",[]
2053,"Exploratory Data Analysis - Practical Applications (Project-Based, Pluralsight)",Data Science,exploratory data analysis practical applications data science,Advanced,4,4.0,Ms. K. Verma,"Learn Exploratory Data Analysis through a practical applications focused course, covering key concepts in Data Science.",39072,2499,English + Hindi Subtitles,"in-demand, mentor-support, trending",[237]
2054,"AutoML - Practical Implementation (Project-Based, Pluralsight)",Machine Learning,automl practical implementation machine learning,Advanced,12,3.9,Prof. R. Iyer,"Learn AutoML through a practical implementation focused course, covering key concepts in Machine Learning.",48769,3999,English + Hindi Subtitles,"beginner-friendly, job-ready, quiz-included","[238, 1532]"
2055,"Graph Databases - Performance Tuning (Crash Course, Coursera)",Databases,graph databases performance tuning databases,Beginner,25,3.5,Dr. A. Sharma,"Learn Graph Databases through a performance tuning focused course, covering key concepts in Databases.",7506,2999,English,"job-ready, industry-recognized, project-based, beginner-friendly",[]
2056,"Database Design - Performance Tuning (Crash Course, edX)",Databases,database design performance tuning databases,Intermediate,30,4.5,Dr. N. Rao,"Learn Database Design through a performance tuning focused course, covering key concepts in Databases.",45836,2499,French,"industry-recognized, quiz-included",[573]
2057,"Ruby - Advanced Concepts (Project-Based, Pluralsight)",Programming,ruby advanced concepts programming,Advanced,4,4.7,Mr. S. Gupta,"Learn Ruby through a advanced concepts focused course, covering key concepts in Programming.",36247,1499,Hindi,"project-based, trending, job-ready",[734]
2058,"PostgreSQL - Real World Projects (Project-Based, edX)",Databases,postgresql real world projects databases,Advanced,4,4.5,Dr. A. Sharma,"Learn PostgreSQL through a real world projects focused course, covering key concepts in Databases.",3624,499,Spanish,"job-ready, trending",[45]
2059,"CNN - Hands-on Project (Crash Course, edX)",Deep Learning,cnn hands on project deep learning,Beginner,6,4.5,Prof. J. Mehta,"Learn CNN through a hands-on project focused course, covering key concepts in Deep Learning.",18753,2499,Spanish,"certificate, industry-recognized, hands-on",[]
2060,"REST API - Building Projects (Project-Based, DataCamp)",Web Development,rest api building projects web development,Intermediate,30,4.0,Dr. N. Rao,"Learn REST API through a building projects focused course, covering key concepts in Web Development.",6039,1999,Hindi,"industry-recognized, quiz-included, trending, mentor-support",[316]
2061,"Matplotlib - Real World Projects (Crash Course, DataCamp)",Data Visualization,matplotlib real world projects data visualization,Beginner,25,3.8,Mr. S. Gupta,"Learn Matplotlib through a real world projects focused course, covering key concepts in Data Visualization.",31829,999,French,"quiz-included, mentor-support, job-ready",[]
2062,"Data Storytelling - Basics (Live Cohort, DataCamp)",Data Visualization,data storytelling basics data visualization,Beginner,30,5.0,Prof. R. Iyer,"Learn Data Storytelling through a basics focused course, covering key concepts in Data Visualization.",43373,1499,English,"mentor-support, quiz-included",[]
2063,"Django - Full Stack Development (Live Cohort, DataCamp)",Web Development,django full stack development web development,Intermediate,10,4.5,Mr. T. Singh,"Learn Django through a full stack development focused course, covering key concepts in Web Development.",6432,499,English + Hindi Subtitles,"trending, beginner-friendly, certificate, mentor-support",[1847]
2064,"Redis - Real World Projects (Crash Course, edX)",Databases,redis real world projects databases,Advanced,20,4.9,Dr. L. Fernandes,"Learn Redis through a real world projects focused course, covering key concepts in Databases.",39112,1999,English,"hands-on, job-ready, certificate, in-demand","[51, 597]"
2065,"Linear Algebra - Intermediate Concepts (Live Cohort, Pluralsight)",Statistics & Math,linear algebra intermediate concepts statistics & math,Intermediate,4,3.6,Ms. P. Nair,"Learn Linear Algebra through a intermediate concepts focused course, covering key concepts in Statistics & Math.",17044,1999,Spanish,"certificate, in-demand, industry-recognized, hands-on",[1630]
2066,"Clustering - Real World Case Studies (Self-Paced, DataCamp)",Machine Learning,clustering real world case studies machine learning,Advanced,20,4.0,Dr. N. Rao,"Learn Clustering through a real world case studies focused course, covering key concepts in Machine Learning.",11452,1999,Spanish,"trending, in-demand","[287, 1466]"
2067,"Java - Testing and Debugging (Live Cohort, DataCamp)",Programming,java testing and debugging programming,Advanced,12,5.0,Ms. K. Verma,"Learn Java through a testing and debugging focused course, covering key concepts in Programming.",15955,3999,Spanish,"trending, job-ready, in-demand","[1716, 1853]"
2068,"Data Ethics and Privacy - Real World Scenarios (Project-Based, Udemy)",Career Skills,data ethics and privacy real world scenarios career skills,Beginner,2,4.2,Dr. L. Fernandes,"Learn Data Ethics and Privacy through a real world scenarios focused course, covering key concepts in Career Skills.",8079,999,English + Hindi Subtitles,"beginner-friendly, quiz-included",[]
2069,"Freelancing - Real World Scenarios (Project-Based, DataCamp)",Career Skills,freelancing real world scenarios career skills,Beginner,6,3.6,Dr. L. Fernandes,"Learn Freelancing through a real world scenarios focused course, covering key concepts in Career Skills.",2168,4999,Hindi,"mentor-support, job-ready",[]
2070,"Matplotlib - Best Practices (Project-Based, Pluralsight)",Data Visualization,matplotlib best practices data visualization,Advanced,30,3.6,Ms. P. Nair,"Learn Matplotlib through a best practices focused course, covering key concepts in Data Visualization.",43786,2999,Spanish,"hands-on, beginner-friendly, mentor-support, trending",[1344]
2071,"Probability - Fundamentals (Live Cohort, DataCamp)",Statistics & Math,probability fundamentals statistics & math,Beginner,8,4.3,Mr. S. Gupta,"Learn Probability through a fundamentals focused course, covering key concepts in Statistics & Math.",37577,2499,Spanish,"mentor-support, project-based",[]
2072,"Recommendation Systems - Case Studies (Live Cohort, LinkedIn Learning)",AI Specialized,recommendation systems case studies ai specialized,Intermediate,25,3.7,Prof. R. Iyer,"Learn Recommendation Systems through a case studies focused course, covering key concepts in AI Specialized.",47157,0,English,"job-ready, hands-on",[654]
2073,"Neural Networks - Advanced Architectures (Live Cohort, edX)",Deep Learning,neural networks advanced architectures deep learning,Advanced,30,4.8,Dr. A. Sharma,"Learn Neural Networks through a advanced architectures focused course, covering key concepts in Deep Learning.",29445,0,Hindi,"trending, hands-on, mentor-support",[1473]
2074,"Exploratory Data Analysis - Best Practices (Project-Based, Pluralsight)",Data Science,exploratory data analysis best practices data science,Advanced,15,4.6,Prof. J. Mehta,"Learn Exploratory Data Analysis through a best practices focused course, covering key concepts in Data Science.",14882,999,English,"hands-on, trending, industry-recognized",[1059]
2075,"Azure - Production Deployment (Live Cohort, DataCamp)",Cloud & DevOps,azure production deployment cloud & devops,Intermediate,25,3.9,Ms. K. Verma,"Learn Azure through a production deployment focused course, covering key concepts in Cloud & DevOps.",44215,2999,Spanish,"project-based, trending, job-ready, mentor-support","[221, 641]"
2076,"Generative AI - Hands-on Project (Project-Based, Coursera)",AI Specialized,generative ai hands on project ai specialized,Intermediate,6,4.4,Prof. M. Khan,"Learn Generative AI through a hands-on project focused course, covering key concepts in AI Specialized.",4034,3999,English + Hindi Subtitles,"project-based, quiz-included, mentor-support, beginner-friendly",[1882]
2077,"Go - Algorithms (Self-Paced, DataCamp)",Programming,go algorithms programming,Intermediate,6,4.1,Ms. P. Nair,"Learn Go through a algorithms focused course, covering key concepts in Programming.",23772,1999,English,"trending, beginner-friendly, certificate, industry-recognized","[555, 1818]"
2078,"Data Ethics and Privacy - Practical Guide (Crash Course, Coursera)",Career Skills,data ethics and privacy practical guide career skills,Advanced,10,4.2,Prof. J. Mehta,"Learn Data Ethics and Privacy through a practical guide focused course, covering key concepts in Career Skills.",23089,0,English,"project-based, quiz-included","[1082, 2087]"
2079,"Data Cleaning - Practical Applications (Crash Course, edX)",Data Science,data cleaning practical applications data science,Beginner,6,3.6,Ms. P. Nair,"Learn Data Cleaning through a practical applications focused course, covering key concepts in Data Science.",11917,2999,French,"hands-on, industry-recognized",[]
2080,"MLOps - Production Deployment (Crash Course, Udemy)",Cloud & DevOps,mlops production deployment cloud & devops,Beginner,15,4.5,Dr. N. Rao,"Learn MLOps through a production deployment focused course, covering key concepts in Cloud & DevOps.",22780,999,English + Hindi Subtitles,"industry-recognized, in-demand, hands-on",[]
2081,"Tableau - Basics (Self-Paced, edX)",Data Visualization,tableau basics data visualization,Beginner,30,4.9,Dr. A. Sharma,"Learn Tableau through a basics focused course, covering key concepts in Data Visualization.",30391,1999,English,"mentor-support, industry-recognized, quiz-included, hands-on",[]
2082,"Matplotlib - Real World Projects (Live Cohort, Udemy)",Data Visualization,matplotlib real world projects data visualization,Intermediate,25,4.0,Ms. K. Verma,"Learn Matplotlib through a real world projects focused course, covering key concepts in Data Visualization.",17960,3999,Spanish,"job-ready, quiz-included, certificate, in-demand",[1769]
2083,"Reinforcement Learning - Research Perspectives (Live Cohort, LinkedIn Learning)",Deep Learning,reinforcement learning research perspectives deep learning,Advanced,25,3.8,Prof. J. Mehta,"Learn Reinforcement Learning through a research perspectives focused course, covering key concepts in Deep Learning.",39049,0,English,"quiz-included, industry-recognized, mentor-support, in-demand","[627, 639]"
2084,"TypeScript - Best Practices (Self-Paced, DataCamp)",Programming,typescript best practices programming,Intermediate,30,4.9,Mr. S. Gupta,"Learn TypeScript through a best practices focused course, covering key concepts in Programming.",9063,3999,Spanish,"industry-recognized, project-based",[1319]
2085,"PHP - Best Practices (Crash Course, LinkedIn Learning)",Programming,php best practices programming,Beginner,6,4.3,Prof. M. Khan,"Learn PHP through a best practices focused course, covering key concepts in Programming.",45838,2999,Hindi,"industry-recognized, job-ready, beginner-friendly, mentor-support",[]
2086,"Classification - Real World Case Studies (Crash Course, edX)",Machine Learning,classification real world case studies machine learning,Beginner,20,4.5,Ms. K. Verma,"Learn Classification through a real world case studies focused course, covering key concepts in Machine Learning.",22236,1499,English,"industry-recognized, in-demand",[]
2087,"Project Management - Fundamentals (Self-Paced, Coursera)",Career Skills,project management fundamentals career skills,Beginner,20,4.7,Dr. A. Sharma,"Learn Project Management through a fundamentals focused course, covering key concepts in Career Skills.",602,4999,French,"beginner-friendly, industry-recognized, project-based",[]
2088,"Robotics - Advanced Applications (Live Cohort, Coursera)",AI Specialized,robotics advanced applications ai specialized,Advanced,8,4.6,Dr. A. Sharma,"Learn Robotics through a advanced applications focused course, covering key concepts in AI Specialized.",17654,1499,Hindi,"industry-recognized, certificate",[1316]
2089,"Agile Methodology - Real World Scenarios (Self-Paced, Pluralsight)",Career Skills,agile methodology real world scenarios career skills,Advanced,25,4.8,Dr. L. Fernandes,"Learn Agile Methodology through a real world scenarios focused course, covering key concepts in Career Skills.",13948,4999,English + Hindi Subtitles,"mentor-support, certificate, beginner-friendly","[1493, 1965]"
2090,"Big Data Processing - Advanced Methods (Project-Based, Pluralsight)",Data Science,big data processing advanced methods data science,Advanced,20,4.8,Dr. A. Sharma,"Learn Big Data Processing through a advanced methods focused course, covering key concepts in Data Science.",17804,3999,Hindi,"certificate, trending, quiz-included","[571, 711]"
2091,"Neural Networks - Foundations (Live Cohort, DataCamp)",Deep Learning,neural networks foundations deep learning,Advanced,4,4.2,Ms. P. Nair,"Learn Neural Networks through a foundations focused course, covering key concepts in Deep Learning.",37595,2999,French,"mentor-support, project-based","[639, 1667]"
2092,"C++ - Concurrency (Crash Course, Coursera)",Programming,c++ concurrency programming,Intermediate,12,4.0,Ms. K. Verma,"Learn C++ through a concurrency focused course, covering key concepts in Programming.",6432,2499,Spanish,"trending, industry-recognized, job-ready, project-based",[422]
2093,"Optimization - Intermediate Concepts (Crash Course, DataCamp)",Statistics & Math,optimization intermediate concepts statistics & math,Advanced,6,4.2,Dr. A. Sharma,"Learn Optimization through a intermediate concepts focused course, covering key concepts in Statistics & Math.",21331,1499,Hindi,"job-ready, industry-recognized, mentor-support, project-based","[620, 771]"
2094,"Terraform - Hands-on Practice (Project-Based, LinkedIn Learning)",Cloud & DevOps,terraform hands on practice cloud & devops,Advanced,12,4.4,Dr. N. Rao,"Learn Terraform through a hands-on practice focused course, covering key concepts in Cloud & DevOps.",47717,999,French,"industry-recognized, hands-on, in-demand, project-based",[2002]
2095,"Computer Vision - Introduction (Crash Course, Pluralsight)",AI Specialized,computer vision introduction ai specialized,Beginner,20,4.4,Prof. J. Mehta,"Learn Computer Vision through a introduction focused course, covering key concepts in AI Specialized.",30869,4999,Hindi,"industry-recognized, certificate, quiz-included, hands-on",[]
2096,"Classification - Fundamentals (Project-Based, Pluralsight)",Machine Learning,classification fundamentals machine learning,Beginner,8,3.7,Prof. J. Mehta,"Learn Classification through a fundamentals focused course, covering key concepts in Machine Learning.",33560,2499,French,"mentor-support, quiz-included, trending, in-demand",[]
2097,"Ensemble Methods - Introduction (Project-Based, Udemy)",Machine Learning,ensemble methods introduction machine learning,Beginner,4,4.5,Dr. A. Sharma,"Learn Ensemble Methods through a introduction focused course, covering key concepts in Machine Learning.",8523,2499,English,"mentor-support, in-demand, trending",[]
2098,"Explainable AI - Fundamentals (Project-Based, Pluralsight)",AI Specialized,explainable ai fundamentals ai specialized,Beginner,2,4.1,Mr. T. Singh,"Learn Explainable AI through a fundamentals focused course, covering key concepts in AI Specialized.",14774,1999,Spanish,"job-ready, certificate, project-based",[]
2099,"MySQL - Advanced Techniques (Crash Course, LinkedIn Learning)",Databases,mysql advanced techniques databases,Advanced,30,4.5,Ms. P. Nair,"Learn MySQL through a advanced techniques focused course, covering key concepts in Databases.",16312,999,French,"quiz-included, certificate, hands-on, trending",[180]
2100,"Data Cleaning - Hands-on Project (Live Cohort, Coursera)",Data Science,data cleaning hands on project data science,Advanced,12,3.8,Ms. K. Verma,"Learn Data Cleaning through a hands-on project focused course, covering key concepts in Data Science.",30932,2999,Hindi,"certificate, quiz-included",[1582]
